nohup: ignoring input
/DATA/raghvendra3088/Implementation-of-IIDM/src/train.py:166: FutureWarning: `torch.cuda.amp.GradScaler(args...)` is deprecated. Please use `torch.amp.GradScaler('cuda', args...)` instead.
  scaler  = GradScaler(enabled=use_amp)

=======================================================
  IIDM Training
=======================================================
  Device     : cuda
  Epochs     : 200
  Batch size : 4
  LR         : 0.0001

  Loading datasets ...
  [train] 7475 patches
  [val] 1601 patches
  Train batches : 1868
  Val   batches : 401

  Initializing IIDM model ...
  Trainable params : 77.42M

  Starting training from epoch 1 ...

/DATA/raghvendra3088/Implementation-of-IIDM/src/train.py:202: FutureWarning: `torch.cuda.amp.autocast(args...)` is deprecated. Please use `torch.amp.autocast('cuda', args...)` instead.
  with autocast(enabled=use_amp):
  Ep 001 | step 0000/1868 | loss=2.2886 | diff=1.1252 | kd=1.6322 | recon=1.0002 | t=1s
  Ep 001 | step 0050/1868 | loss=2.0329 | diff=1.0043 | kd=1.1274 | recon=0.9159 | t=5s
  Ep 001 | step 0100/1868 | loss=1.9998 | diff=1.0014 | kd=0.9972 | recon=0.8986 | t=9s
  Ep 001 | step 0150/1868 | loss=1.9765 | diff=0.9984 | kd=0.9478 | recon=0.8833 | t=13s
  Ep 001 | step 0200/1868 | loss=2.0053 | diff=1.0010 | kd=1.2843 | recon=0.8758 | t=17s
  Ep 001 | step 0250/1868 | loss=2.0159 | diff=1.0008 | kd=1.2430 | recon=0.8908 | t=21s
  Ep 001 | step 0300/1868 | loss=1.9725 | diff=0.9979 | kd=1.5403 | recon=0.8206 | t=25s
  Ep 001 | step 0350/1868 | loss=1.9498 | diff=0.9975 | kd=1.3583 | recon=0.8165 | t=29s
  Ep 001 | step 0400/1868 | loss=1.7114 | diff=0.9974 | kd=0.8125 | recon=0.6327 | t=33s
  Ep 001 | step 0450/1868 | loss=1.7156 | diff=0.9922 | kd=0.6942 | recon=0.6540 | t=37s
  Ep 001 | step 0500/1868 | loss=1.9075 | diff=0.9823 | kd=1.4040 | recon=0.7849 | t=41s
  Ep 001 | step 0550/1868 | loss=1.7609 | diff=0.9751 | kd=1.1381 | recon=0.6719 | t=44s
  Ep 001 | step 0600/1868 | loss=1.6021 | diff=0.9564 | kd=0.8459 | recon=0.5610 | t=48s
  Ep 001 | step 0650/1868 | loss=1.7142 | diff=0.9635 | kd=1.2055 | recon=0.6302 | t=52s
  Ep 001 | step 0700/1868 | loss=1.6336 | diff=0.9348 | kd=0.7420 | recon=0.6246 | t=56s
  Ep 001 | step 0750/1868 | loss=1.6231 | diff=0.9460 | kd=0.9224 | recon=0.5849 | t=60s
  Ep 001 | step 0800/1868 | loss=1.5113 | diff=0.9218 | kd=0.9442 | recon=0.4951 | t=64s
  Ep 001 | step 0850/1868 | loss=1.5863 | diff=0.9142 | kd=0.9616 | recon=0.5760 | t=68s
  Ep 001 | step 0900/1868 | loss=1.4858 | diff=0.9006 | kd=0.7475 | recon=0.5105 | t=72s
  Ep 001 | step 0950/1868 | loss=1.4522 | diff=0.8937 | kd=0.9981 | recon=0.4587 | t=75s
  Ep 001 | step 1000/1868 | loss=1.5331 | diff=0.9014 | kd=1.2375 | recon=0.5080 | t=79s
  Ep 001 | step 1050/1868 | loss=1.4201 | diff=0.8849 | kd=0.8027 | recon=0.4549 | t=83s
  Ep 001 | step 1100/1868 | loss=1.4433 | diff=0.9035 | kd=0.7748 | recon=0.4623 | t=87s
  Ep 001 | step 1150/1868 | loss=1.4603 | diff=0.8691 | kd=0.6064 | recon=0.5306 | t=91s
  Ep 001 | step 1200/1868 | loss=1.3389 | diff=0.8473 | kd=0.6155 | recon=0.4300 | t=95s
  Ep 001 | step 1250/1868 | loss=1.3550 | diff=0.8420 | kd=0.6753 | recon=0.4456 | t=99s
  Ep 001 | step 1300/1868 | loss=1.3387 | diff=0.8437 | kd=0.5771 | recon=0.4372 | t=103s
  Ep 001 | step 1350/1868 | loss=1.2985 | diff=0.8362 | kd=0.6306 | recon=0.3993 | t=106s
  Ep 001 | step 1400/1868 | loss=1.4606 | diff=0.8389 | kd=0.8835 | recon=0.5333 | t=110s
  Ep 001 | step 1450/1868 | loss=1.3067 | diff=0.8177 | kd=0.6454 | recon=0.4245 | t=114s
  Ep 001 | step 1500/1868 | loss=1.4879 | diff=0.8165 | kd=1.6197 | recon=0.5095 | t=118s
  Ep 001 | step 1550/1868 | loss=1.2620 | diff=0.8172 | kd=0.7217 | recon=0.3726 | t=122s
  Ep 001 | step 1600/1868 | loss=1.3810 | diff=0.8505 | kd=0.5611 | recon=0.4744 | t=126s
  Ep 001 | step 1650/1868 | loss=1.2393 | diff=0.8252 | kd=0.5178 | recon=0.3623 | t=130s
  Ep 001 | step 1700/1868 | loss=1.2229 | diff=0.8034 | kd=0.6134 | recon=0.3582 | t=134s
  Ep 001 | step 1750/1868 | loss=1.3344 | diff=0.8573 | kd=0.5934 | recon=0.4178 | t=137s
  Ep 001 | step 1800/1868 | loss=1.3448 | diff=0.8415 | kd=0.8127 | recon=0.4220 | t=141s
  Ep 001 | step 1850/1868 | loss=1.3024 | diff=0.7865 | kd=0.8240 | recon=0.4335 | t=145s
/DATA/raghvendra3088/Implementation-of-IIDM/src/train.py:238: FutureWarning: `torch.cuda.amp.autocast(args...)` is deprecated. Please use `torch.amp.autocast('cuda', args...)` instead.
  with autocast(enabled=use_amp):

  ── Epoch 001/200 (190s) ──────────────────────
  Train  loss=1.5701  diff=0.9075  kd=0.8862  recon=0.5740
  Val    loss=1.2939  RMSE=0.4997  MAE=0.4217  lr=1.00e-04
  [BEST] Checkpoint saved → checkpoints/best_model.pth

  Ep 002 | step 0000/1868 | loss=1.3237 | diff=0.7899 | kd=0.5777 | recon=0.4761 | t=1s
  Ep 002 | step 0050/1868 | loss=1.3530 | diff=0.7880 | kd=1.0496 | recon=0.4600 | t=4s
  Ep 002 | step 0100/1868 | loss=1.2570 | diff=0.7929 | kd=0.5093 | recon=0.4131 | t=8s
  Ep 002 | step 0150/1868 | loss=1.3032 | diff=0.8025 | kd=0.9137 | recon=0.4094 | t=12s
  Ep 002 | step 0200/1868 | loss=1.3701 | diff=0.7850 | kd=0.7962 | recon=0.5056 | t=16s
  Ep 002 | step 0250/1868 | loss=1.3541 | diff=0.7828 | kd=0.7835 | recon=0.4930 | t=20s
  Ep 002 | step 0300/1868 | loss=1.2083 | diff=0.7736 | kd=0.5714 | recon=0.3776 | t=24s
  Ep 002 | step 0350/1868 | loss=1.2461 | diff=0.7784 | kd=0.8216 | recon=0.3856 | t=28s
  Ep 002 | step 0400/1868 | loss=1.1941 | diff=0.7775 | kd=0.3871 | recon=0.3779 | t=32s
  Ep 002 | step 0450/1868 | loss=1.2297 | diff=0.7747 | kd=0.8833 | recon=0.3667 | t=35s
  Ep 002 | step 0500/1868 | loss=1.2763 | diff=0.7707 | kd=0.7445 | recon=0.4312 | t=39s
  Ep 002 | step 0550/1868 | loss=1.2241 | diff=0.7709 | kd=0.6802 | recon=0.3853 | t=43s
  Ep 002 | step 0600/1868 | loss=1.2141 | diff=0.7625 | kd=0.6038 | recon=0.3912 | t=47s
  Ep 002 | step 0650/1868 | loss=1.1668 | diff=0.7627 | kd=0.6652 | recon=0.3376 | t=51s
  Ep 002 | step 0700/1868 | loss=1.3500 | diff=0.7590 | kd=0.4768 | recon=0.5432 | t=55s
  Ep 002 | step 0750/1868 | loss=1.2666 | diff=0.8155 | kd=0.6969 | recon=0.3814 | t=59s
  Ep 002 | step 0800/1868 | loss=1.1579 | diff=0.7585 | kd=0.5463 | recon=0.3448 | t=63s
  Ep 002 | step 0850/1868 | loss=1.3604 | diff=0.7588 | kd=1.0249 | recon=0.4991 | t=67s
  Ep 002 | step 0900/1868 | loss=1.1979 | diff=0.7529 | kd=0.6126 | recon=0.3837 | t=70s
  Ep 002 | step 0950/1868 | loss=1.2834 | diff=0.7607 | kd=0.9542 | recon=0.4272 | t=74s
  Ep 002 | step 1000/1868 | loss=1.2900 | diff=0.8178 | kd=0.8951 | recon=0.3827 | t=78s
  Ep 002 | step 1050/1868 | loss=1.2820 | diff=0.7525 | kd=0.5862 | recon=0.4709 | t=82s
  Ep 002 | step 1100/1868 | loss=1.2465 | diff=0.7489 | kd=0.7826 | recon=0.4194 | t=86s
  Ep 002 | step 1150/1868 | loss=1.2137 | diff=0.7617 | kd=0.5767 | recon=0.3943 | t=90s
  Ep 002 | step 1200/1868 | loss=1.2449 | diff=0.7527 | kd=0.7338 | recon=0.4188 | t=94s
  Ep 002 | step 1250/1868 | loss=1.2155 | diff=0.7442 | kd=0.5463 | recon=0.4166 | t=98s
  Ep 002 | step 1300/1868 | loss=1.2733 | diff=0.8144 | kd=0.6111 | recon=0.3979 | t=102s
  Ep 002 | step 1350/1868 | loss=1.1717 | diff=0.7428 | kd=0.5384 | recon=0.3751 | t=105s
  Ep 002 | step 1400/1868 | loss=1.2227 | diff=0.7414 | kd=0.6611 | recon=0.4152 | t=109s
  Ep 002 | step 1450/1868 | loss=1.1750 | diff=0.7630 | kd=0.6376 | recon=0.3483 | t=113s
  Ep 002 | step 1500/1868 | loss=1.2108 | diff=0.7435 | kd=0.7913 | recon=0.3882 | t=117s
  Ep 002 | step 1550/1868 | loss=1.1476 | diff=0.7445 | kd=0.4670 | recon=0.3563 | t=121s
  Ep 002 | step 1600/1868 | loss=1.2649 | diff=0.7372 | kd=0.6946 | recon=0.4582 | t=125s
  Ep 002 | step 1650/1868 | loss=1.2668 | diff=0.7345 | kd=1.0602 | recon=0.4263 | t=129s
  Ep 002 | step 1700/1868 | loss=1.1961 | diff=0.7370 | kd=0.5488 | recon=0.4043 | t=133s
  Ep 002 | step 1750/1868 | loss=1.2137 | diff=0.7358 | kd=0.6279 | recon=0.4152 | t=136s
  Ep 002 | step 1800/1868 | loss=1.2397 | diff=0.7354 | kd=0.8600 | recon=0.4184 | t=140s
  Ep 002 | step 1850/1868 | loss=1.1958 | diff=0.7301 | kd=0.6576 | recon=0.3999 | t=144s

  ── Epoch 002/200 (189s) ──────────────────────
  Train  loss=1.2502  diff=0.7664  kd=0.7170  recon=0.4121
  Val    loss=1.2210  RMSE=0.4883  MAE=0.4077  lr=1.00e-04
  [BEST] Checkpoint saved → checkpoints/best_model.pth

  Ep 003 | step 0000/1868 | loss=1.1632 | diff=0.7360 | kd=0.7529 | recon=0.3520 | t=1s
  Ep 003 | step 0050/1868 | loss=1.2053 | diff=0.7282 | kd=0.7456 | recon=0.4025 | t=4s
  Ep 003 | step 0100/1868 | loss=1.2992 | diff=0.7935 | kd=0.4560 | recon=0.4601 | t=8s
  Ep 003 | step 0150/1868 | loss=1.2715 | diff=0.7420 | kd=1.2748 | recon=0.4020 | t=12s
  Ep 003 | step 0200/1868 | loss=1.1611 | diff=0.7302 | kd=0.7267 | recon=0.3583 | t=16s
  Ep 003 | step 0250/1868 | loss=1.1767 | diff=0.7344 | kd=0.6831 | recon=0.3740 | t=20s
  Ep 003 | step 0300/1868 | loss=1.1627 | diff=0.7306 | kd=0.6310 | recon=0.3690 | t=24s
  Ep 003 | step 0350/1868 | loss=1.2133 | diff=0.7674 | kd=0.6214 | recon=0.3838 | t=28s
  Ep 003 | step 0400/1868 | loss=1.1817 | diff=0.7391 | kd=0.5627 | recon=0.3863 | t=32s
  Ep 003 | step 0450/1868 | loss=1.1443 | diff=0.7309 | kd=0.6193 | recon=0.3515 | t=35s
  Ep 003 | step 0500/1868 | loss=1.1132 | diff=0.7294 | kd=0.5163 | recon=0.3321 | t=39s
  Ep 003 | step 0550/1868 | loss=1.2013 | diff=0.7239 | kd=0.6684 | recon=0.4105 | t=43s
  Ep 003 | step 0600/1868 | loss=1.2027 | diff=0.7235 | kd=0.6657 | recon=0.4127 | t=47s
  Ep 003 | step 0650/1868 | loss=1.1526 | diff=0.7189 | kd=0.6574 | recon=0.3679 | t=51s
  Ep 003 | step 0700/1868 | loss=1.2073 | diff=0.7495 | kd=0.4888 | recon=0.4089 | t=55s
  Ep 003 | step 0750/1868 | loss=1.3533 | diff=0.7867 | kd=1.5486 | recon=0.4117 | t=59s
  Ep 003 | step 0800/1868 | loss=1.1631 | diff=0.7199 | kd=0.6581 | recon=0.3774 | t=63s
  Ep 003 | step 0850/1868 | loss=1.1436 | diff=0.7261 | kd=0.8255 | recon=0.3349 | t=66s
  Ep 003 | step 0900/1868 | loss=1.2302 | diff=0.7165 | kd=0.6020 | recon=0.4535 | t=70s
  Ep 003 | step 0950/1868 | loss=1.2202 | diff=0.7199 | kd=0.8367 | recon=0.4166 | t=74s
  Ep 003 | step 1000/1868 | loss=1.1703 | diff=0.7163 | kd=0.6758 | recon=0.3865 | t=78s
  Ep 003 | step 1050/1868 | loss=1.2254 | diff=0.7168 | kd=0.7286 | recon=0.4357 | t=82s
  Ep 003 | step 1100/1868 | loss=1.1078 | diff=0.7372 | kd=0.6819 | recon=0.3025 | t=86s
  Ep 003 | step 1150/1868 | loss=1.2312 | diff=0.7219 | kd=0.6226 | recon=0.4470 | t=90s
  Ep 003 | step 1200/1868 | loss=1.1639 | diff=0.7077 | kd=0.7742 | recon=0.3788 | t=94s
  Ep 003 | step 1250/1868 | loss=1.2887 | diff=0.7336 | kd=1.1160 | recon=0.4436 | t=98s
  Ep 003 | step 1300/1868 | loss=1.3004 | diff=0.7523 | kd=0.8154 | recon=0.4666 | t=101s
  Ep 003 | step 1350/1868 | loss=1.2888 | diff=0.7126 | kd=0.7814 | recon=0.4981 | t=105s
  Ep 003 | step 1400/1868 | loss=1.2321 | diff=0.7115 | kd=0.6442 | recon=0.4562 | t=109s
  Ep 003 | step 1450/1868 | loss=1.1869 | diff=0.7114 | kd=0.9894 | recon=0.3766 | t=113s
  Ep 003 | step 1500/1868 | loss=1.2094 | diff=0.7145 | kd=0.5734 | recon=0.4375 | t=117s
  Ep 003 | step 1550/1868 | loss=1.2496 | diff=0.7132 | kd=0.6003 | recon=0.4764 | t=121s
  Ep 003 | step 1600/1868 | loss=1.1685 | diff=0.7021 | kd=0.7007 | recon=0.3964 | t=125s
  Ep 003 | step 1650/1868 | loss=1.2185 | diff=0.7104 | kd=0.8587 | recon=0.4222 | t=129s
  Ep 003 | step 1700/1868 | loss=1.1257 | diff=0.7090 | kd=0.5684 | recon=0.3599 | t=132s
  Ep 003 | step 1750/1868 | loss=1.2980 | diff=0.7838 | kd=0.7957 | recon=0.4347 | t=136s
  Ep 003 | step 1800/1868 | loss=1.2263 | diff=0.7041 | kd=0.5079 | recon=0.4713 | t=140s
  Ep 003 | step 1850/1868 | loss=1.1856 | diff=0.7490 | kd=0.5190 | recon=0.3846 | t=144s

  ── Epoch 003/200 (188s) ──────────────────────
  Train  loss=1.2066  diff=0.7277  kd=0.7267  recon=0.4062
  Val    loss=1.1877  RMSE=0.4885  MAE=0.4054  lr=9.99e-05
  [BEST] Checkpoint saved → checkpoints/best_model.pth

  Ep 004 | step 0000/1868 | loss=1.0663 | diff=0.7078 | kd=0.4922 | recon=0.3093 | t=1s
  Ep 004 | step 0050/1868 | loss=1.1874 | diff=0.7037 | kd=0.9823 | recon=0.3855 | t=4s
  Ep 004 | step 0100/1868 | loss=1.2013 | diff=0.7072 | kd=0.6608 | recon=0.4280 | t=8s
  Ep 004 | step 0150/1868 | loss=1.2124 | diff=0.7078 | kd=0.7579 | recon=0.4288 | t=12s
  Ep 004 | step 0200/1868 | loss=1.1288 | diff=0.7011 | kd=0.9114 | recon=0.3366 | t=16s
  Ep 004 | step 0250/1868 | loss=1.2774 | diff=0.7031 | kd=0.8848 | recon=0.4858 | t=20s
  Ep 004 | step 0300/1868 | loss=1.3179 | diff=0.7662 | kd=1.0047 | recon=0.4512 | t=24s
  Ep 004 | step 0350/1868 | loss=1.1775 | diff=0.7028 | kd=0.7298 | recon=0.4018 | t=28s
  Ep 004 | step 0400/1868 | loss=1.2428 | diff=0.6973 | kd=0.7134 | recon=0.4741 | t=32s
  Ep 004 | step 0450/1868 | loss=1.1471 | diff=0.7023 | kd=0.4794 | recon=0.3969 | t=35s
  Ep 004 | step 0500/1868 | loss=1.1466 | diff=0.6915 | kd=0.6862 | recon=0.3865 | t=39s
  Ep 004 | step 0550/1868 | loss=1.2269 | diff=0.7339 | kd=0.7189 | recon=0.4211 | t=43s
  Ep 004 | step 0600/1868 | loss=1.1331 | diff=0.7037 | kd=0.8581 | recon=0.3437 | t=47s
  Ep 004 | step 0650/1868 | loss=1.1120 | diff=0.6990 | kd=0.6019 | recon=0.3527 | t=51s
  Ep 004 | step 0700/1868 | loss=1.2265 | diff=0.6930 | kd=0.6606 | recon=0.4674 | t=55s
  Ep 004 | step 0750/1868 | loss=1.2337 | diff=0.6935 | kd=1.0653 | recon=0.4337 | t=59s
  Ep 004 | step 0800/1868 | loss=1.2521 | diff=0.6952 | kd=0.8714 | recon=0.4698 | t=63s
  Ep 004 | step 0850/1868 | loss=1.1765 | diff=0.6898 | kd=0.7483 | recon=0.4119 | t=66s
  Ep 004 | step 0900/1868 | loss=1.1377 | diff=0.6961 | kd=0.5928 | recon=0.3823 | t=70s
  Ep 004 | step 0950/1868 | loss=1.1976 | diff=0.6945 | kd=0.5712 | recon=0.4460 | t=74s
  Ep 004 | step 1000/1868 | loss=1.1642 | diff=0.6938 | kd=0.4615 | recon=0.4243 | t=78s
  Ep 004 | step 1050/1868 | loss=1.2318 | diff=0.6874 | kd=0.7599 | recon=0.4684 | t=82s
  Ep 004 | step 1100/1868 | loss=1.1907 | diff=0.6983 | kd=0.9002 | recon=0.4024 | t=86s
  Ep 004 | step 1150/1868 | loss=1.1606 | diff=0.6906 | kd=0.6549 | recon=0.4045 | t=90s
  Ep 004 | step 1200/1868 | loss=1.0986 | diff=0.6922 | kd=0.5947 | recon=0.3470 | t=94s
  Ep 004 | step 1250/1868 | loss=1.2272 | diff=0.6913 | kd=1.0225 | recon=0.4336 | t=98s
  Ep 004 | step 1300/1868 | loss=1.1879 | diff=0.7098 | kd=1.0439 | recon=0.3737 | t=101s
  Ep 004 | step 1350/1868 | loss=1.0615 | diff=0.6857 | kd=0.4925 | recon=0.3266 | t=105s
  Ep 004 | step 1400/1868 | loss=1.1007 | diff=0.6907 | kd=0.7007 | recon=0.3400 | t=109s
  Ep 004 | step 1450/1868 | loss=1.1397 | diff=0.6969 | kd=0.7556 | recon=0.3673 | t=113s
  Ep 004 | step 1500/1868 | loss=1.1458 | diff=0.7060 | kd=0.6007 | recon=0.3797 | t=117s
  Ep 004 | step 1550/1868 | loss=1.1169 | diff=0.6939 | kd=0.5802 | recon=0.3650 | t=121s
  Ep 004 | step 1600/1868 | loss=1.2746 | diff=0.6868 | kd=1.3811 | recon=0.4497 | t=125s
  Ep 004 | step 1650/1868 | loss=1.1932 | diff=0.6876 | kd=0.6798 | recon=0.4377 | t=129s
  Ep 004 | step 1700/1868 | loss=1.1516 | diff=0.6849 | kd=0.6593 | recon=0.4008 | t=133s
  Ep 004 | step 1750/1868 | loss=1.2238 | diff=0.6869 | kd=0.6853 | recon=0.4684 | t=136s
  Ep 004 | step 1800/1868 | loss=1.2306 | diff=0.6865 | kd=1.1578 | recon=0.4283 | t=140s
  Ep 004 | step 1850/1868 | loss=1.1156 | diff=0.6854 | kd=0.5334 | recon=0.3768 | t=144s

  ── Epoch 004/200 (188s) ──────────────────────
  Train  loss=1.1825  diff=0.7040  kd=0.7299  recon=0.4054
  Val    loss=1.1764  RMSE=0.4890  MAE=0.4051  lr=9.99e-05
  [BEST] Checkpoint saved → checkpoints/best_model.pth

  Ep 005 | step 0000/1868 | loss=1.2179 | diff=0.7116 | kd=1.0433 | recon=0.4019 | t=1s
  Ep 005 | step 0050/1868 | loss=1.1756 | diff=0.7098 | kd=0.9429 | recon=0.3715 | t=5s
  Ep 005 | step 0100/1868 | loss=1.0987 | diff=0.6839 | kd=0.5910 | recon=0.3558 | t=8s
  Ep 005 | step 0150/1868 | loss=1.2311 | diff=0.7606 | kd=0.7423 | recon=0.3962 | t=12s
  Ep 005 | step 0200/1868 | loss=1.1572 | diff=0.6957 | kd=1.0005 | recon=0.3615 | t=16s
  Ep 005 | step 0250/1868 | loss=1.1170 | diff=0.6848 | kd=0.7257 | recon=0.3597 | t=20s
  Ep 005 | step 0300/1868 | loss=1.1462 | diff=0.6828 | kd=0.8487 | recon=0.3785 | t=24s
  Ep 005 | step 0350/1868 | loss=1.2565 | diff=0.6837 | kd=0.9530 | recon=0.4775 | t=28s
  Ep 005 | step 0400/1868 | loss=1.2411 | diff=0.6884 | kd=0.7875 | recon=0.4740 | t=32s
  Ep 005 | step 0450/1868 | loss=1.1821 | diff=0.6800 | kd=0.7188 | recon=0.4302 | t=36s
  Ep 005 | step 0500/1868 | loss=1.1449 | diff=0.6851 | kd=0.6751 | recon=0.3924 | t=40s
  Ep 005 | step 0550/1868 | loss=1.2288 | diff=0.6813 | kd=1.0643 | recon=0.4410 | t=43s
  Ep 005 | step 0600/1868 | loss=1.1718 | diff=0.6815 | kd=0.8047 | recon=0.4099 | t=47s
  Ep 005 | step 0650/1868 | loss=1.1570 | diff=0.6816 | kd=0.8681 | recon=0.3885 | t=51s
  Ep 005 | step 0700/1868 | loss=1.1225 | diff=0.6751 | kd=0.5541 | recon=0.3919 | t=55s
  Ep 005 | step 0750/1868 | loss=1.1803 | diff=0.6799 | kd=0.6849 | recon=0.4320 | t=59s
  Ep 005 | step 0800/1868 | loss=1.1993 | diff=0.6777 | kd=0.5662 | recon=0.4650 | t=63s
  Ep 005 | step 0850/1868 | loss=1.1383 | diff=0.6773 | kd=0.8382 | recon=0.3771 | t=67s
  Ep 005 | step 0900/1868 | loss=1.1701 | diff=0.6868 | kd=0.9392 | recon=0.3893 | t=71s
  Ep 005 | step 0950/1868 | loss=1.1122 | diff=0.6797 | kd=0.8268 | recon=0.3498 | t=75s
  Ep 005 | step 1000/1868 | loss=1.1387 | diff=0.6812 | kd=0.6499 | recon=0.3925 | t=78s
  Ep 005 | step 1050/1868 | loss=1.2393 | diff=0.6753 | kd=0.9364 | recon=0.4704 | t=82s
  Ep 005 | step 1100/1868 | loss=1.1741 | diff=0.6725 | kd=0.8872 | recon=0.4128 | t=86s
  Ep 005 | step 1150/1868 | loss=1.2622 | diff=0.6757 | kd=0.5994 | recon=0.5265 | t=90s
  Ep 005 | step 1200/1868 | loss=1.2405 | diff=0.6751 | kd=0.7705 | recon=0.4883 | t=94s
  Ep 005 | step 1250/1868 | loss=1.3321 | diff=0.7373 | kd=0.5844 | recon=0.5363 | t=98s
  Ep 005 | step 1300/1868 | loss=1.2087 | diff=0.6768 | kd=0.6775 | recon=0.4642 | t=102s
  Ep 005 | step 1350/1868 | loss=1.1012 | diff=0.6723 | kd=0.4119 | recon=0.3877 | t=106s
  Ep 005 | step 1400/1868 | loss=1.2917 | diff=0.7545 | kd=0.8366 | recon=0.4536 | t=110s
  Ep 005 | step 1450/1868 | loss=1.1683 | diff=0.6752 | kd=0.9061 | recon=0.4025 | t=113s
  Ep 005 | step 1500/1868 | loss=1.1534 | diff=0.6777 | kd=0.6572 | recon=0.4100 | t=117s
  Ep 005 | step 1550/1868 | loss=1.3696 | diff=0.7583 | kd=1.1443 | recon=0.4969 | t=121s
  Ep 005 | step 1600/1868 | loss=1.1199 | diff=0.6739 | kd=0.5934 | recon=0.3867 | t=125s
  Ep 005 | step 1650/1868 | loss=1.0964 | diff=0.6814 | kd=0.7384 | recon=0.3411 | t=129s
  Ep 005 | step 1700/1868 | loss=1.0717 | diff=0.6711 | kd=0.4222 | recon=0.3585 | t=133s
  Ep 005 | step 1750/1868 | loss=1.0777 | diff=0.6705 | kd=0.4764 | recon=0.3596 | t=137s
  Ep 005 | step 1800/1868 | loss=1.1680 | diff=0.6846 | kd=0.6482 | recon=0.4186 | t=141s
  Ep 005 | step 1850/1868 | loss=1.1703 | diff=0.6728 | kd=0.5313 | recon=0.4444 | t=145s

  ── Epoch 005/200 (189s) ──────────────────────
  Train  loss=1.1653  diff=0.6876  kd=0.7236  recon=0.4054
  Val    loss=1.1531  RMSE=0.4893  MAE=0.4050  lr=9.98e-05
  [BEST] Checkpoint saved → checkpoints/best_model.pth

  Ep 006 | step 0000/1868 | loss=1.1641 | diff=0.6713 | kd=0.6105 | recon=0.4317 | t=1s
  Ep 006 | step 0050/1868 | loss=1.1873 | diff=0.6800 | kd=1.0105 | recon=0.4062 | t=4s
  Ep 006 | step 0100/1868 | loss=1.2327 | diff=0.7277 | kd=0.7452 | recon=0.4305 | t=8s
  Ep 006 | step 0150/1868 | loss=1.1687 | diff=0.6735 | kd=0.8420 | recon=0.4110 | t=12s
  Ep 006 | step 0200/1868 | loss=1.2032 | diff=0.6734 | kd=0.7555 | recon=0.4542 | t=16s
  Ep 006 | step 0250/1868 | loss=1.1150 | diff=0.6686 | kd=0.7129 | recon=0.3751 | t=20s
  Ep 006 | step 0300/1868 | loss=1.1742 | diff=0.6679 | kd=0.6958 | recon=0.4367 | t=24s
  Ep 006 | step 0350/1868 | loss=1.1640 | diff=0.6663 | kd=0.9107 | recon=0.4066 | t=28s
  Ep 006 | step 0400/1868 | loss=1.1775 | diff=0.6990 | kd=0.4834 | recon=0.4301 | t=32s
  Ep 006 | step 0450/1868 | loss=1.2298 | diff=0.6750 | kd=0.5684 | recon=0.4979 | t=36s
  Ep 006 | step 0500/1868 | loss=1.1107 | diff=0.6736 | kd=0.5144 | recon=0.3857 | t=39s
  Ep 006 | step 0550/1868 | loss=1.1695 | diff=0.6694 | kd=0.7628 | recon=0.4239 | t=43s
  Ep 006 | step 0600/1868 | loss=1.1503 | diff=0.6727 | kd=0.5500 | recon=0.4226 | t=47s
  Ep 006 | step 0650/1868 | loss=1.1956 | diff=0.6724 | kd=0.6740 | recon=0.4558 | t=51s
  Ep 006 | step 0700/1868 | loss=1.0994 | diff=0.6687 | kd=0.4750 | recon=0.3833 | t=55s
  Ep 006 | step 0750/1868 | loss=1.1910 | diff=0.6878 | kd=0.8012 | recon=0.4231 | t=59s
  Ep 006 | step 0800/1868 | loss=1.1851 | diff=0.6721 | kd=0.6099 | recon=0.4520 | t=63s
  Ep 006 | step 0850/1868 | loss=1.2592 | diff=0.6704 | kd=1.2254 | recon=0.4663 | t=67s
  Ep 006 | step 0900/1868 | loss=1.0857 | diff=0.6700 | kd=0.5324 | recon=0.3625 | t=70s
  Ep 006 | step 0950/1868 | loss=1.1891 | diff=0.6942 | kd=0.7654 | recon=0.4184 | t=74s
  Ep 006 | step 1000/1868 | loss=1.1080 | diff=0.6833 | kd=0.5987 | recon=0.3648 | t=78s
  Ep 006 | step 1050/1868 | loss=1.2126 | diff=0.6644 | kd=0.5245 | recon=0.4957 | t=82s
  Ep 006 | step 1100/1868 | loss=1.1616 | diff=0.6705 | kd=0.8328 | recon=0.4078 | t=86s
  Ep 006 | step 1150/1868 | loss=1.0909 | diff=0.6638 | kd=0.7003 | recon=0.3570 | t=90s
  Ep 006 | step 1200/1868 | loss=1.2016 | diff=0.6697 | kd=1.1657 | recon=0.4153 | t=94s
  Ep 006 | step 1250/1868 | loss=1.0244 | diff=0.6665 | kd=0.4772 | recon=0.3102 | t=98s
  Ep 006 | step 1300/1868 | loss=1.1692 | diff=0.6711 | kd=0.7676 | recon=0.4213 | t=102s
  Ep 006 | step 1350/1868 | loss=1.2386 | diff=0.6692 | kd=0.6233 | recon=0.5070 | t=105s
  Ep 006 | step 1400/1868 | loss=1.0988 | diff=0.6725 | kd=0.6633 | recon=0.3600 | t=109s
  Ep 006 | step 1450/1868 | loss=1.1911 | diff=0.6691 | kd=1.0803 | recon=0.4140 | t=113s
  Ep 006 | step 1500/1868 | loss=1.1293 | diff=0.6652 | kd=0.5586 | recon=0.4083 | t=117s
  Ep 006 | step 1550/1868 | loss=1.1343 | diff=0.6672 | kd=0.9599 | recon=0.3711 | t=121s
  Ep 006 | step 1600/1868 | loss=1.1047 | diff=0.6906 | kd=0.6305 | recon=0.3510 | t=125s
  Ep 006 | step 1650/1868 | loss=1.2186 | diff=0.6902 | kd=0.8366 | recon=0.4448 | t=129s
  Ep 006 | step 1700/1868 | loss=1.1684 | diff=0.6663 | kd=0.9083 | recon=0.4112 | t=133s
  Ep 006 | step 1750/1868 | loss=1.2612 | diff=0.7308 | kd=1.3331 | recon=0.3971 | t=136s
  Ep 006 | step 1800/1868 | loss=1.1845 | diff=0.7096 | kd=0.6839 | recon=0.4065 | t=140s
  Ep 006 | step 1850/1868 | loss=1.1070 | diff=0.6658 | kd=0.7551 | recon=0.3657 | t=144s

  ── Epoch 006/200 (188s) ──────────────────────
  Train  loss=1.1537  diff=0.6781  kd=0.7023  recon=0.4054
  Val    loss=1.1517  RMSE=0.4895  MAE=0.4050  lr=9.98e-05
  [BEST] Checkpoint saved → checkpoints/best_model.pth

  Ep 007 | step 0000/1868 | loss=1.1223 | diff=0.6671 | kd=0.5397 | recon=0.4012 | t=1s
  Ep 007 | step 0050/1868 | loss=1.1611 | diff=0.6775 | kd=0.7263 | recon=0.4110 | t=4s
  Ep 007 | step 0100/1868 | loss=1.1234 | diff=0.6681 | kd=0.4908 | recon=0.4063 | t=8s
  Ep 007 | step 0150/1868 | loss=1.1773 | diff=0.6654 | kd=0.4256 | recon=0.4694 | t=12s
  Ep 007 | step 0200/1868 | loss=1.2731 | diff=0.6656 | kd=1.2816 | recon=0.4794 | t=16s
  Ep 007 | step 0250/1868 | loss=1.1326 | diff=0.6621 | kd=0.7101 | recon=0.3994 | t=20s
  Ep 007 | step 0300/1868 | loss=1.3005 | diff=0.6658 | kd=0.7967 | recon=0.5550 | t=24s
  Ep 007 | step 0350/1868 | loss=1.1608 | diff=0.6722 | kd=0.9682 | recon=0.3918 | t=28s
  Ep 007 | step 0400/1868 | loss=1.2093 | diff=0.6594 | kd=0.5271 | recon=0.4972 | t=32s
  Ep 007 | step 0450/1868 | loss=1.1806 | diff=0.6715 | kd=0.5789 | recon=0.4512 | t=36s
  Ep 007 | step 0500/1868 | loss=1.0858 | diff=0.6663 | kd=0.6643 | recon=0.3530 | t=39s
  Ep 007 | step 0550/1868 | loss=1.2177 | diff=0.6679 | kd=0.8654 | recon=0.4633 | t=43s
  Ep 007 | step 0600/1868 | loss=1.1697 | diff=0.7270 | kd=1.0439 | recon=0.3383 | t=47s
  Ep 007 | step 0650/1868 | loss=1.1887 | diff=0.6617 | kd=0.7584 | recon=0.4512 | t=51s
  Ep 007 | step 0700/1868 | loss=1.1047 | diff=0.7336 | kd=0.6040 | recon=0.3106 | t=55s
  Ep 007 | step 0750/1868 | loss=1.3006 | diff=0.6805 | kd=1.5891 | recon=0.4612 | t=59s
  Ep 007 | step 0800/1868 | loss=1.1134 | diff=0.6632 | kd=0.8299 | recon=0.3672 | t=63s
  Ep 007 | step 0850/1868 | loss=1.1945 | diff=0.6601 | kd=1.0099 | recon=0.4334 | t=67s
  Ep 007 | step 0900/1868 | loss=1.1964 | diff=0.7236 | kd=0.5003 | recon=0.4228 | t=71s
  Ep 007 | step 0950/1868 | loss=1.1489 | diff=0.6685 | kd=0.7617 | recon=0.4043 | t=74s
  Ep 007 | step 1000/1868 | loss=1.1937 | diff=0.6614 | kd=1.1035 | recon=0.4220 | t=78s
  Ep 007 | step 1050/1868 | loss=1.3150 | diff=0.6629 | kd=0.8928 | recon=0.5628 | t=82s
  Ep 007 | step 1100/1868 | loss=1.1137 | diff=0.6587 | kd=0.4924 | recon=0.4057 | t=86s
  Ep 007 | step 1150/1868 | loss=1.1153 | diff=0.6599 | kd=0.7533 | recon=0.3801 | t=90s
  Ep 007 | step 1200/1868 | loss=1.0449 | diff=0.6595 | kd=0.5418 | recon=0.3311 | t=94s
  Ep 007 | step 1250/1868 | loss=1.1787 | diff=0.6809 | kd=1.1021 | recon=0.3876 | t=98s
  Ep 007 | step 1300/1868 | loss=1.1692 | diff=0.6592 | kd=0.6738 | recon=0.4426 | t=102s
  Ep 007 | step 1350/1868 | loss=1.1905 | diff=0.6815 | kd=0.6939 | recon=0.4396 | t=105s
  Ep 007 | step 1400/1868 | loss=1.1385 | diff=0.6620 | kd=0.7075 | recon=0.4058 | t=109s
  Ep 007 | step 1450/1868 | loss=1.1164 | diff=0.7096 | kd=0.7726 | recon=0.3295 | t=113s
  Ep 007 | step 1500/1868 | loss=1.1622 | diff=0.6886 | kd=1.0327 | recon=0.3702 | t=117s
  Ep 007 | step 1550/1868 | loss=1.1514 | diff=0.6639 | kd=0.7010 | recon=0.4174 | t=121s
  Ep 007 | step 1600/1868 | loss=1.1984 | diff=0.6603 | kd=0.4683 | recon=0.4913 | t=125s
  Ep 007 | step 1650/1868 | loss=1.1169 | diff=0.6548 | kd=0.9713 | recon=0.3649 | t=129s
  Ep 007 | step 1700/1868 | loss=1.1142 | diff=0.6650 | kd=0.6586 | recon=0.3834 | t=133s
  Ep 007 | step 1750/1868 | loss=1.0852 | diff=0.6661 | kd=0.6476 | recon=0.3544 | t=137s
  Ep 007 | step 1800/1868 | loss=1.1091 | diff=0.6654 | kd=0.5975 | recon=0.3840 | t=140s
  Ep 007 | step 1850/1868 | loss=1.2089 | diff=0.6674 | kd=0.7891 | recon=0.4626 | t=144s

  ── Epoch 007/200 (188s) ──────────────────────
  Train  loss=1.1461  diff=0.6715  kd=0.6920  recon=0.4054
  Val    loss=1.1412  RMSE=0.4896  MAE=0.4050  lr=9.97e-05
  [BEST] Checkpoint saved → checkpoints/best_model.pth

  Ep 008 | step 0000/1868 | loss=1.1903 | diff=0.6630 | kd=0.5714 | recon=0.4701 | t=1s
  Ep 008 | step 0050/1868 | loss=1.1490 | diff=0.6834 | kd=0.6968 | recon=0.3959 | t=4s
  Ep 008 | step 0100/1868 | loss=1.0606 | diff=0.6614 | kd=0.5733 | recon=0.3418 | t=8s
  Ep 008 | step 0150/1868 | loss=1.1488 | diff=0.6607 | kd=0.7151 | recon=0.4166 | t=12s
  Ep 008 | step 0200/1868 | loss=1.0630 | diff=0.6645 | kd=0.7539 | recon=0.3231 | t=16s
  Ep 008 | step 0250/1868 | loss=1.1333 | diff=0.6613 | kd=0.7580 | recon=0.3962 | t=20s
  Ep 008 | step 0300/1868 | loss=1.1378 | diff=0.6616 | kd=0.6369 | recon=0.4125 | t=24s
  Ep 008 | step 0350/1868 | loss=1.0825 | diff=0.6597 | kd=0.4518 | recon=0.3776 | t=28s
  Ep 008 | step 0400/1868 | loss=1.2087 | diff=0.6611 | kd=0.8184 | recon=0.4658 | t=32s
  Ep 008 | step 0450/1868 | loss=1.1711 | diff=0.6660 | kd=0.4616 | recon=0.4589 | t=35s
  Ep 008 | step 0500/1868 | loss=1.0708 | diff=0.6624 | kd=0.5444 | recon=0.3540 | t=39s
  Ep 008 | step 0550/1868 | loss=1.1232 | diff=0.6610 | kd=0.4412 | recon=0.4181 | t=43s
  Ep 008 | step 0600/1868 | loss=1.1679 | diff=0.7130 | kd=0.4436 | recon=0.4106 | t=47s
  Ep 008 | step 0650/1868 | loss=1.0781 | diff=0.6573 | kd=0.4600 | recon=0.3748 | t=51s
  Ep 008 | step 0700/1868 | loss=1.1125 | diff=0.6616 | kd=0.7244 | recon=0.3784 | t=55s
  Ep 008 | step 0750/1868 | loss=1.1018 | diff=0.6602 | kd=0.5576 | recon=0.3859 | t=59s
  Ep 008 | step 0800/1868 | loss=1.1305 | diff=0.6579 | kd=0.8620 | recon=0.3864 | t=63s
  Ep 008 | step 0850/1868 | loss=1.1119 | diff=0.6680 | kd=0.4253 | recon=0.4013 | t=67s
  Ep 008 | step 0900/1868 | loss=1.1516 | diff=0.7053 | kd=0.4993 | recon=0.3964 | t=71s
  Ep 008 | step 0950/1868 | loss=1.1102 | diff=0.6612 | kd=0.7359 | recon=0.3754 | t=74s
  Ep 008 | step 1000/1868 | loss=1.2558 | diff=0.7864 | kd=0.7019 | recon=0.3992 | t=78s
  Ep 008 | step 1050/1868 | loss=1.1593 | diff=0.6826 | kd=0.9289 | recon=0.3838 | t=82s
  Ep 008 | step 1100/1868 | loss=1.2415 | diff=0.6753 | kd=0.6945 | recon=0.4967 | t=86s
  Ep 008 | step 1150/1868 | loss=1.0849 | diff=0.6595 | kd=0.4181 | recon=0.3836 | t=90s
  Ep 008 | step 1200/1868 | loss=1.1650 | diff=0.6589 | kd=0.4660 | recon=0.4595 | t=94s
  Ep 008 | step 1250/1868 | loss=1.1803 | diff=0.6614 | kd=0.5141 | recon=0.4675 | t=98s
  Ep 008 | step 1300/1868 | loss=1.0812 | diff=0.6629 | kd=0.6855 | recon=0.3498 | t=102s
  Ep 008 | step 1350/1868 | loss=1.1797 | diff=0.6592 | kd=0.7213 | recon=0.4484 | t=106s
  Ep 008 | step 1400/1868 | loss=1.1714 | diff=0.6616 | kd=0.7402 | recon=0.4358 | t=109s
  Ep 008 | step 1450/1868 | loss=1.0902 | diff=0.6578 | kd=0.6336 | recon=0.3691 | t=113s
  Ep 008 | step 1500/1868 | loss=1.1811 | diff=0.6576 | kd=0.7164 | recon=0.4518 | t=117s
  Ep 008 | step 1550/1868 | loss=1.1560 | diff=0.6709 | kd=0.8146 | recon=0.4036 | t=121s
  Ep 008 | step 1600/1868 | loss=1.1376 | diff=0.7099 | kd=0.3902 | recon=0.3887 | t=125s
  Ep 008 | step 1650/1868 | loss=1.1763 | diff=0.6601 | kd=1.0729 | recon=0.4089 | t=129s
  Ep 008 | step 1700/1868 | loss=1.1536 | diff=0.6641 | kd=0.7604 | recon=0.4134 | t=133s
  Ep 008 | step 1750/1868 | loss=1.1828 | diff=0.6580 | kd=0.7690 | recon=0.4479 | t=137s
  Ep 008 | step 1800/1868 | loss=1.1824 | diff=0.6572 | kd=0.6658 | recon=0.4586 | t=141s
  Ep 008 | step 1850/1868 | loss=1.0658 | diff=0.6553 | kd=0.7988 | recon=0.3306 | t=144s

  ── Epoch 008/200 (189s) ──────────────────────
  Train  loss=1.1438  diff=0.6710  kd=0.6752  recon=0.4053
  Val    loss=1.1343  RMSE=0.4896  MAE=0.4050  lr=9.96e-05
  [BEST] Checkpoint saved → checkpoints/best_model.pth

  Ep 009 | step 0000/1868 | loss=1.1805 | diff=0.6599 | kd=0.8169 | recon=0.4389 | t=1s
  Ep 009 | step 0050/1868 | loss=1.0883 | diff=0.6570 | kd=0.7354 | recon=0.3578 | t=5s
  Ep 009 | step 0100/1868 | loss=1.1808 | diff=0.6533 | kd=0.8100 | recon=0.4464 | t=8s
  Ep 009 | step 0150/1868 | loss=1.2160 | diff=0.7826 | kd=0.5496 | recon=0.3785 | t=12s
  Ep 009 | step 0200/1868 | loss=1.0941 | diff=0.6546 | kd=0.4538 | recon=0.3941 | t=16s
  Ep 009 | step 0250/1868 | loss=1.1131 | diff=0.6580 | kd=0.7411 | recon=0.3811 | t=20s
  Ep 009 | step 0300/1868 | loss=1.0640 | diff=0.6585 | kd=0.3906 | recon=0.3664 | t=24s
  Ep 009 | step 0350/1868 | loss=1.1846 | diff=0.6733 | kd=0.9934 | recon=0.4120 | t=28s
  Ep 009 | step 0400/1868 | loss=1.2174 | diff=0.6588 | kd=0.7291 | recon=0.4856 | t=32s
  Ep 009 | step 0450/1868 | loss=1.1489 | diff=0.6564 | kd=0.8213 | recon=0.4103 | t=36s
  Ep 009 | step 0500/1868 | loss=1.0720 | diff=0.6547 | kd=0.5330 | recon=0.3640 | t=40s
  Ep 009 | step 0550/1868 | loss=1.1170 | diff=0.6591 | kd=0.4991 | recon=0.4080 | t=43s
  Ep 009 | step 0600/1868 | loss=1.1365 | diff=0.6530 | kd=0.7540 | recon=0.4080 | t=47s
  Ep 009 | step 0650/1868 | loss=1.1426 | diff=0.6545 | kd=0.6820 | recon=0.4199 | t=51s
  Ep 009 | step 0700/1868 | loss=1.1437 | diff=0.7304 | kd=0.5086 | recon=0.3625 | t=55s
  Ep 009 | step 0750/1868 | loss=1.1496 | diff=0.6517 | kd=0.6307 | recon=0.4349 | t=59s
  Ep 009 | step 0800/1868 | loss=1.1903 | diff=0.6661 | kd=0.7121 | recon=0.4530 | t=63s
  Ep 009 | step 0850/1868 | loss=1.1964 | diff=0.6544 | kd=0.6670 | recon=0.4753 | t=67s
  Ep 009 | step 0900/1868 | loss=1.1857 | diff=0.7080 | kd=0.7652 | recon=0.4012 | t=71s
  Ep 009 | step 0950/1868 | loss=1.1434 | diff=0.6568 | kd=0.9973 | recon=0.3869 | t=74s
  Ep 009 | step 1000/1868 | loss=1.1213 | diff=0.6633 | kd=1.0019 | recon=0.3578 | t=78s
  Ep 009 | step 1050/1868 | loss=1.0461 | diff=0.6560 | kd=0.6429 | recon=0.3258 | t=82s
  Ep 009 | step 1100/1868 | loss=1.1581 | diff=0.6555 | kd=0.5897 | recon=0.4437 | t=86s
  Ep 009 | step 1150/1868 | loss=1.1507 | diff=0.6831 | kd=0.7485 | recon=0.3928 | t=90s
  Ep 009 | step 1200/1868 | loss=1.0398 | diff=0.6491 | kd=0.5973 | recon=0.3309 | t=94s
  Ep 009 | step 1250/1868 | loss=1.1211 | diff=0.6586 | kd=0.4926 | recon=0.4132 | t=98s
  Ep 009 | step 1300/1868 | loss=1.0795 | diff=0.6595 | kd=0.6058 | recon=0.3595 | t=102s
  Ep 009 | step 1350/1868 | loss=1.1007 | diff=0.6526 | kd=1.0579 | recon=0.3423 | t=106s
  Ep 009 | step 1400/1868 | loss=1.1601 | diff=0.6511 | kd=0.7660 | recon=0.4324 | t=109s
  Ep 009 | step 1450/1868 | loss=1.2354 | diff=0.6506 | kd=0.5881 | recon=0.5260 | t=113s
  Ep 009 | step 1500/1868 | loss=1.1075 | diff=0.6486 | kd=0.4135 | recon=0.4176 | t=117s
  Ep 009 | step 1550/1868 | loss=1.0865 | diff=0.6576 | kd=0.5259 | recon=0.3763 | t=121s
  Ep 009 | step 1600/1868 | loss=1.0846 | diff=0.6544 | kd=0.5745 | recon=0.3727 | t=125s
  Ep 009 | step 1650/1868 | loss=1.2137 | diff=0.6640 | kd=0.3661 | recon=0.5131 | t=129s
  Ep 009 | step 1700/1868 | loss=1.1088 | diff=0.6556 | kd=0.5477 | recon=0.3984 | t=133s
  Ep 009 | step 1750/1868 | loss=1.1267 | diff=0.6527 | kd=0.7965 | recon=0.3944 | t=136s
  Ep 009 | step 1800/1868 | loss=1.1241 | diff=0.6541 | kd=0.5947 | recon=0.4106 | t=140s
  Ep 009 | step 1850/1868 | loss=1.1196 | diff=0.6589 | kd=0.4600 | recon=0.4147 | t=144s

  ── Epoch 009/200 (189s) ──────────────────────
  Train  loss=1.1372  diff=0.6649  kd=0.6698  recon=0.4054
  Val    loss=1.1309  RMSE=0.4895  MAE=0.4050  lr=9.95e-05
  [BEST] Checkpoint saved → checkpoints/best_model.pth

  Ep 010 | step 0000/1868 | loss=1.1368 | diff=0.7107 | kd=0.4797 | recon=0.3781 | t=1s
  Ep 010 | step 0050/1868 | loss=1.0162 | diff=0.6624 | kd=0.3304 | recon=0.3208 | t=4s
  Ep 010 | step 0100/1868 | loss=1.0793 | diff=0.6535 | kd=0.4812 | recon=0.3777 | t=8s
  Ep 010 | step 0150/1868 | loss=1.1654 | diff=0.6623 | kd=0.8495 | recon=0.4182 | t=12s
  Ep 010 | step 0200/1868 | loss=1.1061 | diff=0.6751 | kd=0.5527 | recon=0.3758 | t=16s
  Ep 010 | step 0250/1868 | loss=1.2549 | diff=0.7065 | kd=0.7039 | recon=0.4780 | t=20s
  Ep 010 | step 0300/1868 | loss=1.2284 | diff=0.6551 | kd=0.7020 | recon=0.5031 | t=24s
  Ep 010 | step 0350/1868 | loss=1.1318 | diff=0.6485 | kd=0.3698 | recon=0.4463 | t=28s
  Ep 010 | step 0400/1868 | loss=1.1192 | diff=0.6568 | kd=0.7322 | recon=0.3892 | t=32s
  Ep 010 | step 0450/1868 | loss=1.0700 | diff=0.6515 | kd=0.4602 | recon=0.3725 | t=36s
  Ep 010 | step 0500/1868 | loss=1.0580 | diff=0.6505 | kd=0.4432 | recon=0.3631 | t=40s
  Ep 010 | step 0550/1868 | loss=1.1328 | diff=0.6583 | kd=0.8408 | recon=0.3904 | t=44s
  Ep 010 | step 0600/1868 | loss=1.1353 | diff=0.6514 | kd=0.6960 | recon=0.4143 | t=47s
  Ep 010 | step 0650/1868 | loss=1.1347 | diff=0.6537 | kd=0.5862 | recon=0.4224 | t=51s
  Ep 010 | step 0700/1868 | loss=1.1947 | diff=0.6605 | kd=0.7204 | recon=0.4622 | t=55s
  Ep 010 | step 0750/1868 | loss=1.0637 | diff=0.6839 | kd=0.5402 | recon=0.3259 | t=59s
  Ep 010 | step 0800/1868 | loss=1.1604 | diff=0.6561 | kd=0.8822 | recon=0.4161 | t=63s
  Ep 010 | step 0850/1868 | loss=1.1270 | diff=0.6520 | kd=0.6028 | recon=0.4147 | t=67s
  Ep 010 | step 0900/1868 | loss=1.1755 | diff=0.6556 | kd=0.6966 | recon=0.4502 | t=71s
  Ep 010 | step 0950/1868 | loss=1.1482 | diff=0.7513 | kd=0.4944 | recon=0.3475 | t=75s
  Ep 010 | step 1000/1868 | loss=1.1779 | diff=0.6563 | kd=0.8337 | recon=0.4382 | t=79s
  Ep 010 | step 1050/1868 | loss=1.1013 | diff=0.6539 | kd=0.7082 | recon=0.3766 | t=82s
  Ep 010 | step 1100/1868 | loss=1.1237 | diff=0.6540 | kd=0.3779 | recon=0.4320 | t=86s
  Ep 010 | step 1150/1868 | loss=1.1441 | diff=0.6425 | kd=0.7201 | recon=0.4296 | t=90s
  Ep 010 | step 1200/1868 | loss=1.0623 | diff=0.6522 | kd=0.5452 | recon=0.3556 | t=94s
  Ep 010 | step 1250/1868 | loss=1.2024 | diff=0.6486 | kd=1.4126 | recon=0.4126 | t=98s
  Ep 010 | step 1300/1868 | loss=1.1057 | diff=0.6466 | kd=0.5029 | recon=0.4088 | t=102s
  Ep 010 | step 1350/1868 | loss=1.1057 | diff=0.6521 | kd=0.6486 | recon=0.3887 | t=106s
  Ep 010 | step 1400/1868 | loss=1.1684 | diff=0.6563 | kd=0.8829 | recon=0.4238 | t=110s
  Ep 010 | step 1450/1868 | loss=1.1458 | diff=0.6601 | kd=0.5781 | recon=0.4278 | t=114s
  Ep 010 | step 1500/1868 | loss=1.1370 | diff=0.6517 | kd=0.7499 | recon=0.4104 | t=117s
  Ep 010 | step 1550/1868 | loss=1.0711 | diff=0.6493 | kd=0.5379 | recon=0.3680 | t=121s
  Ep 010 | step 1600/1868 | loss=1.1514 | diff=0.7047 | kd=0.5176 | recon=0.3950 | t=125s
  Ep 010 | step 1650/1868 | loss=1.1397 | diff=0.6673 | kd=0.5192 | recon=0.4205 | t=129s
  Ep 010 | step 1700/1868 | loss=1.1345 | diff=0.6901 | kd=0.5201 | recon=0.3924 | t=133s
  Ep 010 | step 1750/1868 | loss=1.1557 | diff=0.6507 | kd=0.6103 | recon=0.4439 | t=137s
  Ep 010 | step 1800/1868 | loss=1.1713 | diff=0.6592 | kd=0.6217 | recon=0.4498 | t=141s
  Ep 010 | step 1850/1868 | loss=1.0790 | diff=0.6574 | kd=0.5227 | recon=0.3693 | t=145s

  ── Epoch 010/200 (189s) ──────────────────────
  Train  loss=1.1308  diff=0.6605  kd=0.6500  recon=0.4053
  Val    loss=1.1223  RMSE=0.4894  MAE=0.4050  lr=9.94e-05
  [BEST] Checkpoint saved → checkpoints/best_model.pth
  [EP10] Checkpoint saved → checkpoints/epoch_010.pth

  Ep 011 | step 0000/1868 | loss=1.0902 | diff=0.6494 | kd=0.6837 | recon=0.3725 | t=1s
  Ep 011 | step 0050/1868 | loss=1.0801 | diff=0.6503 | kd=0.5503 | recon=0.3748 | t=4s
  Ep 011 | step 0100/1868 | loss=1.1614 | diff=0.6760 | kd=0.4888 | recon=0.4365 | t=8s
  Ep 011 | step 0150/1868 | loss=1.0939 | diff=0.6465 | kd=0.5741 | recon=0.3899 | t=12s
  Ep 011 | step 0200/1868 | loss=1.1768 | diff=0.6499 | kd=0.5481 | recon=0.4722 | t=16s
  Ep 011 | step 0250/1868 | loss=1.0754 | diff=0.6516 | kd=0.5543 | recon=0.3683 | t=20s
  Ep 011 | step 0300/1868 | loss=1.0645 | diff=0.6530 | kd=0.6490 | recon=0.3466 | t=24s
  Ep 011 | step 0350/1868 | loss=1.0919 | diff=0.6465 | kd=0.8354 | recon=0.3618 | t=28s
  Ep 011 | step 0400/1868 | loss=1.0898 | diff=0.6506 | kd=0.5351 | recon=0.3858 | t=32s
  Ep 011 | step 0450/1868 | loss=1.1906 | diff=0.6475 | kd=0.4827 | recon=0.4948 | t=35s
  Ep 011 | step 0500/1868 | loss=1.1775 | diff=0.6547 | kd=0.8234 | recon=0.4405 | t=39s
  Ep 011 | step 0550/1868 | loss=1.1726 | diff=0.6524 | kd=0.7512 | recon=0.4450 | t=43s
  Ep 011 | step 0600/1868 | loss=1.1011 | diff=0.6466 | kd=0.5895 | recon=0.3956 | t=47s
  Ep 011 | step 0650/1868 | loss=1.2036 | diff=0.6628 | kd=0.7914 | recon=0.4617 | t=51s
  Ep 011 | step 0700/1868 | loss=1.0971 | diff=0.6470 | kd=0.7306 | recon=0.3770 | t=55s
  Ep 011 | step 0750/1868 | loss=1.0924 | diff=0.6470 | kd=0.7836 | recon=0.3670 | t=59s
  Ep 011 | step 0800/1868 | loss=1.1618 | diff=0.6479 | kd=0.7340 | recon=0.4405 | t=63s
  Ep 011 | step 0850/1868 | loss=1.1378 | diff=0.6484 | kd=0.9408 | recon=0.3953 | t=67s
  Ep 011 | step 0900/1868 | loss=1.1858 | diff=0.6851 | kd=0.7773 | recon=0.4229 | t=70s
  Ep 011 | step 0950/1868 | loss=1.0213 | diff=0.6482 | kd=0.6017 | recon=0.3129 | t=74s
  Ep 011 | step 1000/1868 | loss=1.1182 | diff=0.6816 | kd=0.7157 | recon=0.3651 | t=78s
  Ep 011 | step 1050/1868 | loss=1.1011 | diff=0.6451 | kd=0.5200 | recon=0.4040 | t=82s
  Ep 011 | step 1100/1868 | loss=1.1140 | diff=0.6670 | kd=0.4454 | recon=0.4024 | t=86s
  Ep 011 | step 1150/1868 | loss=1.1291 | diff=0.6659 | kd=0.6440 | recon=0.3988 | t=90s
  Ep 011 | step 1200/1868 | loss=1.2161 | diff=0.6618 | kd=0.9247 | recon=0.4618 | t=94s
  Ep 011 | step 1250/1868 | loss=1.2033 | diff=0.6513 | kd=0.7456 | recon=0.4774 | t=98s
  Ep 011 | step 1300/1868 | loss=1.1675 | diff=0.6535 | kd=0.9010 | recon=0.4239 | t=102s
  Ep 011 | step 1350/1868 | loss=1.1524 | diff=0.6538 | kd=0.8227 | recon=0.4162 | t=105s
  Ep 011 | step 1400/1868 | loss=1.1335 | diff=0.6516 | kd=0.6999 | recon=0.4119 | t=109s
  Ep 011 | step 1450/1868 | loss=1.1379 | diff=0.6539 | kd=0.6043 | recon=0.4236 | t=113s
  Ep 011 | step 1500/1868 | loss=1.1139 | diff=0.6523 | kd=0.5673 | recon=0.4049 | t=117s
  Ep 011 | step 1550/1868 | loss=1.2192 | diff=0.6470 | kd=0.6916 | recon=0.5031 | t=121s
  Ep 011 | step 1600/1868 | loss=1.1802 | diff=0.6481 | kd=0.8748 | recon=0.4447 | t=125s
  Ep 011 | step 1650/1868 | loss=1.1981 | diff=0.6681 | kd=0.8140 | recon=0.4486 | t=129s
  Ep 011 | step 1700/1868 | loss=1.1679 | diff=0.6461 | kd=1.0907 | recon=0.4127 | t=133s
  Ep 011 | step 1750/1868 | loss=1.1124 | diff=0.6515 | kd=0.6089 | recon=0.4000 | t=136s
  Ep 011 | step 1800/1868 | loss=1.0713 | diff=0.6475 | kd=0.6657 | recon=0.3572 | t=140s
  Ep 011 | step 1850/1868 | loss=1.0533 | diff=0.6465 | kd=0.5358 | recon=0.3532 | t=144s

  ── Epoch 011/200 (188s) ──────────────────────
  Train  loss=1.1311  diff=0.6570  kd=0.6876  recon=0.4053
  Val    loss=1.1271  RMSE=0.4895  MAE=0.4050  lr=9.93e-05

  Ep 012 | step 0000/1868 | loss=1.1185 | diff=0.6394 | kd=0.6641 | recon=0.4127 | t=1s
  Ep 012 | step 0050/1868 | loss=1.2678 | diff=0.7534 | kd=0.6791 | recon=0.4465 | t=4s
  Ep 012 | step 0100/1868 | loss=1.1582 | diff=0.6515 | kd=0.9325 | recon=0.4134 | t=8s
  Ep 012 | step 0150/1868 | loss=1.1096 | diff=0.6506 | kd=0.6764 | recon=0.3914 | t=12s
  Ep 012 | step 0200/1868 | loss=1.1817 | diff=0.6468 | kd=0.9228 | recon=0.4427 | t=16s
  Ep 012 | step 0250/1868 | loss=1.1287 | diff=0.6494 | kd=0.6283 | recon=0.4165 | t=20s
  Ep 012 | step 0300/1868 | loss=1.1498 | diff=0.6679 | kd=0.9773 | recon=0.3842 | t=24s
  Ep 012 | step 0350/1868 | loss=1.0947 | diff=0.6478 | kd=0.5116 | recon=0.3957 | t=28s
  Ep 012 | step 0400/1868 | loss=1.1941 | diff=0.6416 | kd=0.6318 | recon=0.4894 | t=32s
  Ep 012 | step 0450/1868 | loss=1.1344 | diff=0.6441 | kd=0.7762 | recon=0.4126 | t=36s
  Ep 012 | step 0500/1868 | loss=1.0506 | diff=0.6518 | kd=0.5638 | recon=0.3424 | t=40s
  Ep 012 | step 0550/1868 | loss=1.1537 | diff=0.6535 | kd=0.5323 | recon=0.4469 | t=43s
  Ep 012 | step 0600/1868 | loss=1.1603 | diff=0.6565 | kd=0.8697 | recon=0.4168 | t=47s
  Ep 012 | step 0650/1868 | loss=1.1761 | diff=0.6825 | kd=0.6020 | recon=0.4334 | t=51s
  Ep 012 | step 0700/1868 | loss=1.0966 | diff=0.6599 | kd=0.5644 | recon=0.3803 | t=55s
  Ep 012 | step 0750/1868 | loss=1.0932 | diff=0.6497 | kd=0.5391 | recon=0.3896 | t=59s
  Ep 012 | step 0800/1868 | loss=1.0726 | diff=0.6480 | kd=0.5326 | recon=0.3713 | t=63s
  Ep 012 | step 0850/1868 | loss=1.1404 | diff=0.7258 | kd=0.5493 | recon=0.3597 | t=67s
  Ep 012 | step 0900/1868 | loss=1.1033 | diff=0.6476 | kd=0.8277 | recon=0.3729 | t=71s
  Ep 012 | step 0950/1868 | loss=1.1638 | diff=0.6482 | kd=0.4969 | recon=0.4660 | t=75s
  Ep 012 | step 1000/1868 | loss=1.1392 | diff=0.6696 | kd=0.5652 | recon=0.4130 | t=78s
  Ep 012 | step 1050/1868 | loss=1.1084 | diff=0.6782 | kd=0.8189 | recon=0.3484 | t=82s
  Ep 012 | step 1100/1868 | loss=1.2922 | diff=0.6470 | kd=0.8345 | recon=0.5617 | t=86s
  Ep 012 | step 1150/1868 | loss=1.1111 | diff=0.6477 | kd=0.5919 | recon=0.4042 | t=90s
  Ep 012 | step 1200/1868 | loss=1.0696 | diff=0.6427 | kd=0.4718 | recon=0.3798 | t=94s
  Ep 012 | step 1250/1868 | loss=1.1800 | diff=0.6431 | kd=1.0930 | recon=0.4276 | t=98s
  Ep 012 | step 1300/1868 | loss=1.1044 | diff=0.6587 | kd=0.6473 | recon=0.3810 | t=102s
  Ep 012 | step 1350/1868 | loss=1.0762 | diff=0.6427 | kd=0.6285 | recon=0.3707 | t=106s
  Ep 012 | step 1400/1868 | loss=1.0770 | diff=0.6419 | kd=0.5520 | recon=0.3799 | t=110s
  Ep 012 | step 1450/1868 | loss=1.1023 | diff=0.6543 | kd=0.7890 | recon=0.3691 | t=113s
  Ep 012 | step 1500/1868 | loss=1.0520 | diff=0.6458 | kd=0.7047 | recon=0.3357 | t=117s
  Ep 012 | step 1550/1868 | loss=1.1265 | diff=0.6492 | kd=0.9324 | recon=0.3840 | t=121s
  Ep 012 | step 1600/1868 | loss=1.2024 | diff=0.6472 | kd=0.9468 | recon=0.4605 | t=125s
  Ep 012 | step 1650/1868 | loss=1.0417 | diff=0.6372 | kd=0.4308 | recon=0.3614 | t=129s
  Ep 012 | step 1700/1868 | loss=1.2183 | diff=0.6408 | kd=0.7782 | recon=0.4997 | t=133s
  Ep 012 | step 1750/1868 | loss=1.1510 | diff=0.6512 | kd=0.7913 | recon=0.4206 | t=137s
  Ep 012 | step 1800/1868 | loss=1.1102 | diff=0.6450 | kd=0.8035 | recon=0.3848 | t=141s
  Ep 012 | step 1850/1868 | loss=1.0968 | diff=0.6419 | kd=0.6790 | recon=0.3869 | t=145s

  ── Epoch 012/200 (189s) ──────────────────────
  Train  loss=1.1267  diff=0.6539  kd=0.6752  recon=0.4053
  Val    loss=1.1262  RMSE=0.4895  MAE=0.4050  lr=9.91e-05

  Ep 013 | step 0000/1868 | loss=1.1358 | diff=0.6492 | kd=0.5959 | recon=0.4270 | t=1s
  Ep 013 | step 0050/1868 | loss=1.1728 | diff=0.6411 | kd=0.5850 | recon=0.4732 | t=5s
  Ep 013 | step 0100/1868 | loss=1.1113 | diff=0.6465 | kd=0.5733 | recon=0.4075 | t=8s
  Ep 013 | step 0150/1868 | loss=1.1264 | diff=0.6608 | kd=0.5672 | recon=0.4088 | t=12s
  Ep 013 | step 0200/1868 | loss=1.0918 | diff=0.6484 | kd=0.5764 | recon=0.3858 | t=16s
  Ep 013 | step 0250/1868 | loss=1.1255 | diff=0.6445 | kd=0.7657 | recon=0.4044 | t=20s
  Ep 013 | step 0300/1868 | loss=1.2094 | diff=0.6386 | kd=0.8581 | recon=0.4849 | t=24s
  Ep 013 | step 0350/1868 | loss=1.1221 | diff=0.6520 | kd=0.5619 | recon=0.4139 | t=28s
  Ep 013 | step 0400/1868 | loss=1.1514 | diff=0.6431 | kd=0.5643 | recon=0.4519 | t=32s
  Ep 013 | step 0450/1868 | loss=1.2064 | diff=0.6531 | kd=0.8091 | recon=0.4724 | t=36s
  Ep 013 | step 0500/1868 | loss=1.1483 | diff=0.6404 | kd=0.7459 | recon=0.4333 | t=40s
  Ep 013 | step 0550/1868 | loss=1.0722 | diff=0.6472 | kd=0.6327 | recon=0.3617 | t=44s
  Ep 013 | step 0600/1868 | loss=1.0255 | diff=0.6666 | kd=0.3780 | recon=0.3211 | t=48s
  Ep 013 | step 0650/1868 | loss=1.2232 | diff=0.6665 | kd=0.6754 | recon=0.4891 | t=52s
  Ep 013 | step 0700/1868 | loss=1.0887 | diff=0.6492 | kd=0.4152 | recon=0.3980 | t=56s
  Ep 013 | step 0750/1868 | loss=1.1424 | diff=0.6427 | kd=0.5190 | recon=0.4478 | t=59s
  Ep 013 | step 0800/1868 | loss=1.0565 | diff=0.6410 | kd=0.6189 | recon=0.3536 | t=63s
  Ep 013 | step 0850/1868 | loss=1.1740 | diff=0.6464 | kd=0.4985 | recon=0.4778 | t=67s
  Ep 013 | step 0900/1868 | loss=1.1629 | diff=0.6410 | kd=0.9608 | recon=0.4258 | t=71s
  Ep 013 | step 0950/1868 | loss=1.0920 | diff=0.6514 | kd=0.5569 | recon=0.3849 | t=75s
  Ep 013 | step 1000/1868 | loss=1.1456 | diff=0.6483 | kd=0.4772 | recon=0.4496 | t=79s
  Ep 013 | step 1050/1868 | loss=1.0464 | diff=0.6430 | kd=0.4487 | recon=0.3585 | t=83s
  Ep 013 | step 1100/1868 | loss=1.2557 | diff=0.6450 | kd=0.9293 | recon=0.5177 | t=87s
  Ep 013 | step 1150/1868 | loss=1.1096 | diff=0.6437 | kd=0.4377 | recon=0.4221 | t=91s
  Ep 013 | step 1200/1868 | loss=1.1275 | diff=0.6405 | kd=0.5253 | recon=0.4345 | t=95s
  Ep 013 | step 1250/1868 | loss=1.1426 | diff=0.6459 | kd=0.6958 | recon=0.4271 | t=98s
  Ep 013 | step 1300/1868 | loss=1.1471 | diff=0.6414 | kd=0.5485 | recon=0.4508 | t=102s
  Ep 013 | step 1350/1868 | loss=1.1010 | diff=0.6488 | kd=0.5750 | recon=0.3947 | t=106s
  Ep 013 | step 1400/1868 | loss=1.1133 | diff=0.6401 | kd=1.0744 | recon=0.3658 | t=110s
  Ep 013 | step 1450/1868 | loss=1.1956 | diff=0.6910 | kd=0.7442 | recon=0.4302 | t=114s
  Ep 013 | step 1500/1868 | loss=1.1261 | diff=0.6461 | kd=0.6510 | recon=0.4150 | t=118s
  Ep 013 | step 1550/1868 | loss=1.0647 | diff=0.6426 | kd=0.5983 | recon=0.3623 | t=122s
  Ep 013 | step 1600/1868 | loss=1.2338 | diff=0.6486 | kd=1.0437 | recon=0.4808 | t=126s
  Ep 013 | step 1650/1868 | loss=1.0627 | diff=0.6421 | kd=0.6490 | recon=0.3558 | t=130s
  Ep 013 | step 1700/1868 | loss=1.1312 | diff=0.6379 | kd=0.5735 | recon=0.4360 | t=134s
  Ep 013 | step 1750/1868 | loss=1.1578 | diff=0.6517 | kd=0.6719 | recon=0.4388 | t=138s
  Ep 013 | step 1800/1868 | loss=1.1460 | diff=0.6834 | kd=0.7135 | recon=0.3913 | t=141s
  Ep 013 | step 1850/1868 | loss=1.1473 | diff=0.7177 | kd=0.4537 | recon=0.3842 | t=145s

  ── Epoch 013/200 (189s) ──────────────────────
  Train  loss=1.1219  diff=0.6502  kd=0.6634  recon=0.4054
  Val    loss=1.1136  RMSE=0.4895  MAE=0.4050  lr=9.90e-05
  [BEST] Checkpoint saved → checkpoints/best_model.pth

  Ep 014 | step 0000/1868 | loss=1.0633 | diff=0.6407 | kd=0.6714 | recon=0.3555 | t=1s
  Ep 014 | step 0050/1868 | loss=1.1182 | diff=0.6415 | kd=0.6711 | recon=0.4096 | t=4s
  Ep 014 | step 0100/1868 | loss=1.1561 | diff=0.6379 | kd=0.9556 | recon=0.4226 | t=8s
  Ep 014 | step 0150/1868 | loss=1.1318 | diff=0.6410 | kd=0.5977 | recon=0.4310 | t=12s
  Ep 014 | step 0200/1868 | loss=1.2166 | diff=0.6461 | kd=0.6921 | recon=0.5013 | t=16s
  Ep 014 | step 0250/1868 | loss=1.1413 | diff=0.6464 | kd=0.6499 | recon=0.4299 | t=20s
  Ep 014 | step 0300/1868 | loss=1.1245 | diff=0.6347 | kd=0.6457 | recon=0.4252 | t=24s
  Ep 014 | step 0350/1868 | loss=1.1015 | diff=0.6407 | kd=0.7127 | recon=0.3895 | t=28s
  Ep 014 | step 0400/1868 | loss=1.1223 | diff=0.6663 | kd=0.6413 | recon=0.3918 | t=32s
  Ep 014 | step 0450/1868 | loss=1.1633 | diff=0.6402 | kd=0.5167 | recon=0.4715 | t=36s
  Ep 014 | step 0500/1868 | loss=1.0876 | diff=0.6572 | kd=0.5463 | recon=0.3759 | t=39s
  Ep 014 | step 0550/1868 | loss=1.0359 | diff=0.6484 | kd=0.4509 | recon=0.3423 | t=43s
  Ep 014 | step 0600/1868 | loss=1.1092 | diff=0.6377 | kd=0.6033 | recon=0.4112 | t=47s
  Ep 014 | step 0650/1868 | loss=1.0876 | diff=0.6447 | kd=0.4377 | recon=0.3991 | t=51s
  Ep 014 | step 0700/1868 | loss=1.0585 | diff=0.6397 | kd=0.5413 | recon=0.3647 | t=55s
  Ep 014 | step 0750/1868 | loss=1.1450 | diff=0.6411 | kd=0.6358 | recon=0.4403 | t=59s
  Ep 014 | step 0800/1868 | loss=1.0892 | diff=0.6403 | kd=1.0414 | recon=0.3447 | t=63s
  Ep 014 | step 0850/1868 | loss=1.1235 | diff=0.6491 | kd=0.6670 | recon=0.4077 | t=67s
  Ep 014 | step 0900/1868 | loss=1.1226 | diff=0.6391 | kd=0.7346 | recon=0.4100 | t=71s
  Ep 014 | step 0950/1868 | loss=1.1748 | diff=0.6409 | kd=0.7019 | recon=0.4637 | t=75s
  Ep 014 | step 1000/1868 | loss=1.1527 | diff=0.6412 | kd=0.8019 | recon=0.4314 | t=78s
  Ep 014 | step 1050/1868 | loss=1.1605 | diff=0.6420 | kd=1.2413 | recon=0.3943 | t=82s
  Ep 014 | step 1100/1868 | loss=1.1590 | diff=0.6443 | kd=0.5988 | recon=0.4548 | t=86s
  Ep 014 | step 1150/1868 | loss=1.2015 | diff=0.6343 | kd=0.5543 | recon=0.5117 | t=90s
  Ep 014 | step 1200/1868 | loss=1.1160 | diff=0.6410 | kd=0.5555 | recon=0.4194 | t=94s
  Ep 014 | step 1250/1868 | loss=1.1015 | diff=0.6431 | kd=0.4604 | recon=0.4124 | t=98s
  Ep 014 | step 1300/1868 | loss=1.0691 | diff=0.6627 | kd=0.4568 | recon=0.3607 | t=102s
  Ep 014 | step 1350/1868 | loss=1.1783 | diff=0.6592 | kd=1.0756 | recon=0.4115 | t=106s
  Ep 014 | step 1400/1868 | loss=1.0869 | diff=0.6423 | kd=0.6881 | recon=0.3758 | t=110s
  Ep 014 | step 1450/1868 | loss=1.0436 | diff=0.6403 | kd=0.5588 | recon=0.3475 | t=114s
  Ep 014 | step 1500/1868 | loss=1.1331 | diff=0.6495 | kd=0.5730 | recon=0.4262 | t=117s
  Ep 014 | step 1550/1868 | loss=1.1652 | diff=0.6536 | kd=0.5159 | recon=0.4600 | t=121s
  Ep 014 | step 1600/1868 | loss=1.2122 | diff=0.6626 | kd=1.0336 | recon=0.4463 | t=125s
  Ep 014 | step 1650/1868 | loss=1.0479 | diff=0.6412 | kd=0.5324 | recon=0.3534 | t=129s
  Ep 014 | step 1700/1868 | loss=1.0873 | diff=0.6437 | kd=0.5896 | recon=0.3846 | t=133s
  Ep 014 | step 1750/1868 | loss=1.0852 | diff=0.6382 | kd=0.5508 | recon=0.3919 | t=137s
  Ep 014 | step 1800/1868 | loss=1.1392 | diff=0.6471 | kd=0.5949 | recon=0.4326 | t=141s
  Ep 014 | step 1850/1868 | loss=1.1050 | diff=0.6644 | kd=0.5384 | recon=0.3868 | t=145s

  ── Epoch 014/200 (189s) ──────────────────────
  Train  loss=1.1181  diff=0.6483  kd=0.6448  recon=0.4053
  Val    loss=1.1196  RMSE=0.4895  MAE=0.4050  lr=9.88e-05

  Ep 015 | step 0000/1868 | loss=1.2287 | diff=0.6572 | kd=0.5701 | recon=0.5145 | t=1s
  Ep 015 | step 0050/1868 | loss=1.1835 | diff=0.6503 | kd=0.5107 | recon=0.4822 | t=5s
  Ep 015 | step 0100/1868 | loss=1.1754 | diff=0.7247 | kd=0.8530 | recon=0.3654 | t=8s
  Ep 015 | step 0150/1868 | loss=1.2161 | diff=0.6426 | kd=0.7172 | recon=0.5017 | t=12s
  Ep 015 | step 0200/1868 | loss=1.0297 | diff=0.6449 | kd=0.4669 | recon=0.3381 | t=16s
  Ep 015 | step 0250/1868 | loss=1.1532 | diff=0.6415 | kd=0.5238 | recon=0.4592 | t=20s
  Ep 015 | step 0300/1868 | loss=1.2711 | diff=0.6440 | kd=0.5969 | recon=0.5673 | t=24s
  Ep 015 | step 0350/1868 | loss=1.0630 | diff=0.6436 | kd=0.4973 | recon=0.3697 | t=28s
  Ep 015 | step 0400/1868 | loss=1.0838 | diff=0.6400 | kd=0.6428 | recon=0.3796 | t=32s
  Ep 015 | step 0450/1868 | loss=1.1934 | diff=0.6383 | kd=0.8915 | recon=0.4659 | t=36s
  Ep 015 | step 0500/1868 | loss=1.0407 | diff=0.6357 | kd=0.7507 | recon=0.3298 | t=40s
  Ep 015 | step 0550/1868 | loss=1.1608 | diff=0.6423 | kd=0.4488 | recon=0.4736 | t=43s
  Ep 015 | step 0600/1868 | loss=1.1301 | diff=0.6411 | kd=0.7300 | recon=0.4160 | t=47s
  Ep 015 | step 0650/1868 | loss=1.1092 | diff=0.6377 | kd=0.5215 | recon=0.4194 | t=51s
  Ep 015 | step 0700/1868 | loss=1.0727 | diff=0.6539 | kd=0.7914 | recon=0.3397 | t=55s
  Ep 015 | step 0750/1868 | loss=1.0827 | diff=0.6443 | kd=0.4480 | recon=0.3936 | t=59s
  Ep 015 | step 0800/1868 | loss=1.0296 | diff=0.6432 | kd=0.4768 | recon=0.3387 | t=63s
  Ep 015 | step 0850/1868 | loss=1.0582 | diff=0.6409 | kd=0.6711 | recon=0.3502 | t=67s
  Ep 015 | step 0900/1868 | loss=1.1465 | diff=0.6450 | kd=0.6443 | recon=0.4371 | t=71s
  Ep 015 | step 0950/1868 | loss=1.1309 | diff=0.6742 | kd=0.6626 | recon=0.3904 | t=75s
  Ep 015 | step 1000/1868 | loss=1.0363 | diff=0.6450 | kd=0.5693 | recon=0.3343 | t=78s
  Ep 015 | step 1050/1868 | loss=1.0960 | diff=0.6432 | kd=0.8619 | recon=0.3667 | t=82s
  Ep 015 | step 1100/1868 | loss=1.0555 | diff=0.6512 | kd=0.6583 | recon=0.3384 | t=86s
  Ep 015 | step 1150/1868 | loss=1.1450 | diff=0.6384 | kd=0.6219 | recon=0.4444 | t=90s
  Ep 015 | step 1200/1868 | loss=1.1143 | diff=0.6399 | kd=0.7549 | recon=0.3988 | t=94s
  Ep 015 | step 1250/1868 | loss=1.0544 | diff=0.6367 | kd=0.5340 | recon=0.3643 | t=98s
  Ep 015 | step 1300/1868 | loss=1.0205 | diff=0.6530 | kd=0.5444 | recon=0.3131 | t=102s
  Ep 015 | step 1350/1868 | loss=1.1709 | diff=0.6402 | kd=0.8693 | recon=0.4438 | t=106s
  Ep 015 | step 1400/1868 | loss=1.1458 | diff=0.6381 | kd=0.5576 | recon=0.4519 | t=109s
  Ep 015 | step 1450/1868 | loss=1.2334 | diff=0.6482 | kd=0.7323 | recon=0.5120 | t=113s
  Ep 015 | step 1500/1868 | loss=1.1755 | diff=0.6374 | kd=0.5785 | recon=0.4802 | t=117s
  Ep 015 | step 1550/1868 | loss=1.1873 | diff=0.6933 | kd=0.6947 | recon=0.4245 | t=121s
  Ep 015 | step 1600/1868 | loss=1.1270 | diff=0.6365 | kd=0.8639 | recon=0.4041 | t=125s
  Ep 015 | step 1650/1868 | loss=1.1852 | diff=0.6546 | kd=0.5765 | recon=0.4729 | t=129s
  Ep 015 | step 1700/1868 | loss=1.0626 | diff=0.6383 | kd=0.5637 | recon=0.3679 | t=133s
  Ep 015 | step 1750/1868 | loss=1.2063 | diff=0.6580 | kd=0.6779 | recon=0.4806 | t=137s
  Ep 015 | step 1800/1868 | loss=1.0993 | diff=0.6471 | kd=0.5691 | recon=0.3953 | t=141s
  Ep 015 | step 1850/1868 | loss=1.2578 | diff=0.7767 | kd=0.6600 | recon=0.4150 | t=144s

  ── Epoch 015/200 (189s) ──────────────────────
  Train  loss=1.1160  diff=0.6477  kd=0.6302  recon=0.4053
  Val    loss=1.1129  RMSE=0.4896  MAE=0.4050  lr=9.86e-05
  [BEST] Checkpoint saved → checkpoints/best_model.pth

  Ep 016 | step 0000/1868 | loss=1.0706 | diff=0.6415 | kd=0.8469 | recon=0.3444 | t=1s
  Ep 016 | step 0050/1868 | loss=1.1131 | diff=0.6410 | kd=0.7135 | recon=0.4008 | t=5s
  Ep 016 | step 0100/1868 | loss=1.0897 | diff=0.6403 | kd=0.6576 | recon=0.3837 | t=8s
  Ep 016 | step 0150/1868 | loss=1.1741 | diff=0.6400 | kd=0.7360 | recon=0.4606 | t=12s
  Ep 016 | step 0200/1868 | loss=1.0958 | diff=0.6399 | kd=0.4598 | recon=0.4099 | t=16s
  Ep 016 | step 0250/1868 | loss=1.0839 | diff=0.6474 | kd=0.4223 | recon=0.3942 | t=20s
  Ep 016 | step 0300/1868 | loss=1.1018 | diff=0.6363 | kd=1.0017 | recon=0.3654 | t=24s
  Ep 016 | step 0350/1868 | loss=1.1155 | diff=0.6426 | kd=0.5070 | recon=0.4223 | t=28s
  Ep 016 | step 0400/1868 | loss=1.0378 | diff=0.6324 | kd=0.8059 | recon=0.3248 | t=32s
  Ep 016 | step 0450/1868 | loss=1.1540 | diff=0.6356 | kd=0.9278 | recon=0.4256 | t=36s
  Ep 016 | step 0500/1868 | loss=1.1947 | diff=0.6387 | kd=0.5746 | recon=0.4986 | t=40s
  Ep 016 | step 0550/1868 | loss=1.0982 | diff=0.6441 | kd=0.6369 | recon=0.3904 | t=44s
  Ep 016 | step 0600/1868 | loss=1.0520 | diff=0.6455 | kd=0.4919 | recon=0.3574 | t=47s
  Ep 016 | step 0650/1868 | loss=1.0300 | diff=0.6442 | kd=0.4207 | recon=0.3437 | t=51s
  Ep 016 | step 0700/1868 | loss=1.1044 | diff=0.6371 | kd=0.4962 | recon=0.4177 | t=55s
  Ep 016 | step 0750/1868 | loss=1.0968 | diff=0.6419 | kd=0.5117 | recon=0.4037 | t=59s
  Ep 016 | step 0800/1868 | loss=1.0611 | diff=0.6376 | kd=0.4575 | recon=0.3778 | t=63s
  Ep 016 | step 0850/1868 | loss=1.2960 | diff=0.6377 | kd=1.3695 | recon=0.5213 | t=67s
  Ep 016 | step 0900/1868 | loss=1.0843 | diff=0.6427 | kd=0.5649 | recon=0.3851 | t=71s
  Ep 016 | step 0950/1868 | loss=1.1228 | diff=0.6405 | kd=0.5590 | recon=0.4265 | t=75s
  Ep 016 | step 1000/1868 | loss=1.0580 | diff=0.6378 | kd=0.4388 | recon=0.3763 | t=79s
  Ep 016 | step 1050/1868 | loss=1.0392 | diff=0.6460 | kd=0.4630 | recon=0.3469 | t=83s
  Ep 016 | step 1100/1868 | loss=1.1245 | diff=0.6546 | kd=0.4927 | recon=0.4207 | t=87s
  Ep 016 | step 1150/1868 | loss=1.0916 | diff=0.6350 | kd=0.5719 | recon=0.3994 | t=90s
  Ep 016 | step 1200/1868 | loss=1.1193 | diff=0.6442 | kd=0.5139 | recon=0.4236 | t=94s
  Ep 016 | step 1250/1868 | loss=1.1411 | diff=0.6365 | kd=0.6699 | recon=0.4376 | t=98s
  Ep 016 | step 1300/1868 | loss=1.1698 | diff=0.6370 | kd=0.8440 | recon=0.4483 | t=102s
  Ep 016 | step 1350/1868 | loss=1.0518 | diff=0.6328 | kd=0.4989 | recon=0.3691 | t=106s
  Ep 016 | step 1400/1868 | loss=1.1068 | diff=0.6376 | kd=0.4651 | recon=0.4227 | t=110s
  Ep 016 | step 1450/1868 | loss=1.1684 | diff=0.6326 | kd=0.7589 | recon=0.4599 | t=114s
  Ep 016 | step 1500/1868 | loss=1.0608 | diff=0.6432 | kd=0.5095 | recon=0.3667 | t=118s
  Ep 016 | step 1550/1868 | loss=1.0737 | diff=0.6467 | kd=0.5591 | recon=0.3712 | t=122s
  Ep 016 | step 1600/1868 | loss=1.0985 | diff=0.6361 | kd=0.5233 | recon=0.4101 | t=126s
  Ep 016 | step 1650/1868 | loss=1.0497 | diff=0.6645 | kd=0.4299 | recon=0.3423 | t=129s
  Ep 016 | step 1700/1868 | loss=1.0905 | diff=0.6415 | kd=0.4901 | recon=0.4000 | t=133s
  Ep 016 | step 1750/1868 | loss=1.1348 | diff=0.6978 | kd=0.5016 | recon=0.3868 | t=137s
  Ep 016 | step 1800/1868 | loss=1.0520 | diff=0.6390 | kd=0.5712 | recon=0.3559 | t=141s
  Ep 016 | step 1850/1868 | loss=1.0622 | diff=0.6371 | kd=0.4586 | recon=0.3793 | t=145s

  ── Epoch 016/200 (189s) ──────────────────────
  Train  loss=1.1140  diff=0.6468  kd=0.6181  recon=0.4054
  Val    loss=1.1056  RMSE=0.4895  MAE=0.4050  lr=9.84e-05
  [BEST] Checkpoint saved → checkpoints/best_model.pth

  Ep 017 | step 0000/1868 | loss=1.0399 | diff=0.6375 | kd=0.5470 | recon=0.3477 | t=1s
  Ep 017 | step 0050/1868 | loss=1.0729 | diff=0.6341 | kd=0.4138 | recon=0.3974 | t=4s
  Ep 017 | step 0100/1868 | loss=1.1330 | diff=0.6444 | kd=0.7604 | recon=0.4126 | t=8s
  Ep 017 | step 0150/1868 | loss=1.1665 | diff=0.6344 | kd=0.7240 | recon=0.4597 | t=12s
  Ep 017 | step 0200/1868 | loss=1.0459 | diff=0.6420 | kd=0.4725 | recon=0.3567 | t=16s
  Ep 017 | step 0250/1868 | loss=1.1263 | diff=0.6362 | kd=0.5906 | recon=0.4311 | t=20s
  Ep 017 | step 0300/1868 | loss=1.0919 | diff=0.6369 | kd=0.5548 | recon=0.3995 | t=24s
  Ep 017 | step 0350/1868 | loss=1.1574 | diff=0.6521 | kd=0.6923 | recon=0.4361 | t=28s
  Ep 017 | step 0400/1868 | loss=1.2473 | diff=0.6827 | kd=0.6640 | recon=0.4981 | t=32s
  Ep 017 | step 0450/1868 | loss=1.1405 | diff=0.6721 | kd=0.4336 | recon=0.4250 | t=36s
  Ep 017 | step 0500/1868 | loss=1.1453 | diff=0.6423 | kd=0.8136 | recon=0.4217 | t=40s
  Ep 017 | step 0550/1868 | loss=1.0817 | diff=0.6402 | kd=0.5695 | recon=0.3845 | t=44s
  Ep 017 | step 0600/1868 | loss=1.1097 | diff=0.6346 | kd=0.4559 | recon=0.4295 | t=48s
  Ep 017 | step 0650/1868 | loss=1.1292 | diff=0.6732 | kd=0.5482 | recon=0.4012 | t=51s
  Ep 017 | step 0700/1868 | loss=1.0505 | diff=0.6473 | kd=0.5690 | recon=0.3463 | t=55s
  Ep 017 | step 0750/1868 | loss=1.0894 | diff=0.6394 | kd=0.4075 | recon=0.4093 | t=59s
  Ep 017 | step 0800/1868 | loss=1.1076 | diff=0.6489 | kd=0.4758 | recon=0.4112 | t=63s
  Ep 017 | step 0850/1868 | loss=1.1615 | diff=0.6437 | kd=0.6393 | recon=0.4538 | t=67s
  Ep 017 | step 0900/1868 | loss=1.1316 | diff=0.6340 | kd=0.4506 | recon=0.4526 | t=71s
  Ep 017 | step 0950/1868 | loss=1.0181 | diff=0.6339 | kd=0.4978 | recon=0.3344 | t=75s
  Ep 017 | step 1000/1868 | loss=1.1894 | diff=0.6371 | kd=0.8046 | recon=0.4719 | t=79s
  Ep 017 | step 1050/1868 | loss=1.0727 | diff=0.6387 | kd=0.7405 | recon=0.3599 | t=83s
  Ep 017 | step 1100/1868 | loss=1.0993 | diff=0.6327 | kd=0.6708 | recon=0.3995 | t=87s
  Ep 017 | step 1150/1868 | loss=1.0840 | diff=0.6503 | kd=0.5429 | recon=0.3794 | t=91s
  Ep 017 | step 1200/1868 | loss=1.0784 | diff=0.6418 | kd=0.4522 | recon=0.3914 | t=95s
  Ep 017 | step 1250/1868 | loss=1.0600 | diff=0.6348 | kd=0.6793 | recon=0.3574 | t=99s
  Ep 017 | step 1300/1868 | loss=1.1138 | diff=0.6329 | kd=0.5817 | recon=0.4226 | t=103s
  Ep 017 | step 1350/1868 | loss=1.1150 | diff=0.6435 | kd=0.6112 | recon=0.4104 | t=107s
  Ep 017 | step 1400/1868 | loss=1.0832 | diff=0.6417 | kd=0.6419 | recon=0.3774 | t=111s
  Ep 017 | step 1450/1868 | loss=1.1547 | diff=0.7153 | kd=0.5753 | recon=0.3819 | t=115s
  Ep 017 | step 1500/1868 | loss=1.1120 | diff=0.6406 | kd=0.6894 | recon=0.4024 | t=119s
  Ep 017 | step 1550/1868 | loss=1.0661 | diff=0.6458 | kd=0.4500 | recon=0.3753 | t=122s
  Ep 017 | step 1600/1868 | loss=1.0806 | diff=0.6443 | kd=0.5644 | recon=0.3799 | t=126s
  Ep 017 | step 1650/1868 | loss=1.0577 | diff=0.6384 | kd=0.6488 | recon=0.3544 | t=130s
  Ep 017 | step 1700/1868 | loss=1.0742 | diff=0.6316 | kd=0.4549 | recon=0.3971 | t=134s
  Ep 017 | step 1750/1868 | loss=1.1115 | diff=0.6368 | kd=0.7926 | recon=0.3955 | t=138s
  Ep 017 | step 1800/1868 | loss=1.1859 | diff=0.6374 | kd=0.5295 | recon=0.4956 | t=142s
  Ep 017 | step 1850/1868 | loss=1.0660 | diff=0.6486 | kd=0.5734 | recon=0.3601 | t=146s

  ── Epoch 017/200 (191s) ──────────────────────
  Train  loss=1.1110  diff=0.6440  kd=0.6163  recon=0.4053
  Val    loss=1.1051  RMSE=0.4895  MAE=0.4050  lr=9.82e-05
  [BEST] Checkpoint saved → checkpoints/best_model.pth

  Ep 018 | step 0000/1868 | loss=1.0712 | diff=0.6355 | kd=0.7105 | recon=0.3646 | t=1s
  Ep 018 | step 0050/1868 | loss=1.1378 | diff=0.6810 | kd=0.6845 | recon=0.3883 | t=4s
  Ep 018 | step 0100/1868 | loss=1.0787 | diff=0.6429 | kd=0.7140 | recon=0.3644 | t=8s
  Ep 018 | step 0150/1868 | loss=1.0742 | diff=0.6362 | kd=0.5755 | recon=0.3804 | t=12s
  Ep 018 | step 0200/1868 | loss=1.0136 | diff=0.6359 | kd=0.4712 | recon=0.3306 | t=16s
  Ep 018 | step 0250/1868 | loss=1.0893 | diff=0.6370 | kd=0.7055 | recon=0.3818 | t=20s
  Ep 018 | step 0300/1868 | loss=1.1507 | diff=0.6400 | kd=1.2438 | recon=0.3863 | t=24s
  Ep 018 | step 0350/1868 | loss=1.0487 | diff=0.6331 | kd=0.5284 | recon=0.3628 | t=28s
  Ep 018 | step 0400/1868 | loss=1.0713 | diff=0.6433 | kd=0.7156 | recon=0.3565 | t=32s
  Ep 018 | step 0450/1868 | loss=1.1161 | diff=0.6394 | kd=0.5619 | recon=0.4205 | t=36s
  Ep 018 | step 0500/1868 | loss=0.9904 | diff=0.6330 | kd=0.5114 | recon=0.3062 | t=40s
  Ep 018 | step 0550/1868 | loss=1.0924 | diff=0.6352 | kd=0.5428 | recon=0.4029 | t=44s
  Ep 018 | step 0600/1868 | loss=1.2184 | diff=0.6648 | kd=0.5989 | recon=0.4937 | t=48s
  Ep 018 | step 0650/1868 | loss=1.0997 | diff=0.6439 | kd=0.4746 | recon=0.4084 | t=52s
  Ep 018 | step 0700/1868 | loss=1.2463 | diff=0.7049 | kd=0.8762 | recon=0.4538 | t=56s
  Ep 018 | step 0750/1868 | loss=1.1021 | diff=0.6437 | kd=0.4853 | recon=0.4100 | t=60s
  Ep 018 | step 0800/1868 | loss=1.0427 | diff=0.6366 | kd=0.5477 | recon=0.3513 | t=64s
  Ep 018 | step 0850/1868 | loss=1.1048 | diff=0.6393 | kd=0.6591 | recon=0.3995 | t=68s
  Ep 018 | step 0900/1868 | loss=1.1257 | diff=0.6347 | kd=0.9269 | recon=0.3984 | t=72s
  Ep 018 | step 0950/1868 | loss=1.1217 | diff=0.6337 | kd=1.0192 | recon=0.3861 | t=76s
  Ep 018 | step 1000/1868 | loss=1.1424 | diff=0.6383 | kd=0.5887 | recon=0.4452 | t=80s
  Ep 018 | step 1050/1868 | loss=1.0497 | diff=0.6360 | kd=0.6475 | recon=0.3490 | t=83s
  Ep 018 | step 1100/1868 | loss=1.1326 | diff=0.6370 | kd=0.9677 | recon=0.3989 | t=87s
  Ep 018 | step 1150/1868 | loss=1.0986 | diff=0.6376 | kd=0.6319 | recon=0.3978 | t=91s
  Ep 018 | step 1200/1868 | loss=1.0767 | diff=0.6391 | kd=0.5610 | recon=0.3815 | t=95s
  Ep 018 | step 1250/1868 | loss=1.1993 | diff=0.6309 | kd=0.7409 | recon=0.4943 | t=99s
  Ep 018 | step 1300/1868 | loss=1.1404 | diff=0.6583 | kd=1.0173 | recon=0.3803 | t=103s
  Ep 018 | step 1350/1868 | loss=1.1723 | diff=0.6449 | kd=0.8515 | recon=0.4422 | t=107s
  Ep 018 | step 1400/1868 | loss=1.1499 | diff=0.6390 | kd=0.6644 | recon=0.4444 | t=111s
  Ep 018 | step 1450/1868 | loss=1.1019 | diff=0.6775 | kd=0.5839 | recon=0.3660 | t=115s
  Ep 018 | step 1500/1868 | loss=1.0739 | diff=0.6344 | kd=0.6433 | recon=0.3753 | t=119s
  Ep 018 | step 1550/1868 | loss=1.0827 | diff=0.6416 | kd=0.4915 | recon=0.3919 | t=123s
  Ep 018 | step 1600/1868 | loss=1.0929 | diff=0.6365 | kd=0.7200 | recon=0.3843 | t=127s
  Ep 018 | step 1650/1868 | loss=1.0781 | diff=0.6360 | kd=0.7473 | recon=0.3674 | t=131s
  Ep 018 | step 1700/1868 | loss=1.0775 | diff=0.6345 | kd=0.8069 | recon=0.3623 | t=135s
  Ep 018 | step 1750/1868 | loss=1.0984 | diff=0.6439 | kd=0.5756 | recon=0.3969 | t=139s
  Ep 018 | step 1800/1868 | loss=1.1555 | diff=0.6501 | kd=0.8868 | recon=0.4168 | t=143s
  Ep 018 | step 1850/1868 | loss=1.0702 | diff=0.6364 | kd=0.5508 | recon=0.3787 | t=147s

  ── Epoch 018/200 (191s) ──────────────────────
  Train  loss=1.1136  diff=0.6446  kd=0.6365  recon=0.4053
  Val    loss=1.1106  RMSE=0.4895  MAE=0.4050  lr=9.80e-05

  Ep 019 | step 0000/1868 | loss=1.1378 | diff=0.7140 | kd=0.5514 | recon=0.3687 | t=1s
  Ep 019 | step 0050/1868 | loss=1.1538 | diff=0.6563 | kd=0.8836 | recon=0.4091 | t=5s
  Ep 019 | step 0100/1868 | loss=1.0401 | diff=0.6293 | kd=0.5892 | recon=0.3519 | t=8s
  Ep 019 | step 0150/1868 | loss=1.1218 | diff=0.6318 | kd=0.5141 | recon=0.4386 | t=12s
  Ep 019 | step 0200/1868 | loss=1.1035 | diff=0.6303 | kd=0.8680 | recon=0.3864 | t=16s
  Ep 019 | step 0250/1868 | loss=1.1260 | diff=0.6328 | kd=0.6011 | recon=0.4331 | t=20s
  Ep 019 | step 0300/1868 | loss=1.1739 | diff=0.6464 | kd=0.4260 | recon=0.4849 | t=24s
  Ep 019 | step 0350/1868 | loss=1.1769 | diff=0.6376 | kd=0.5900 | recon=0.4803 | t=28s
  Ep 019 | step 0400/1868 | loss=1.1224 | diff=0.6440 | kd=0.7818 | recon=0.4002 | t=32s
  Ep 019 | step 0450/1868 | loss=1.1756 | diff=0.6379 | kd=0.5893 | recon=0.4788 | t=36s
  Ep 019 | step 0500/1868 | loss=1.2150 | diff=0.6678 | kd=0.7278 | recon=0.4745 | t=40s
  Ep 019 | step 0550/1868 | loss=1.0571 | diff=0.6511 | kd=0.5630 | recon=0.3497 | t=44s
  Ep 019 | step 0600/1868 | loss=1.0212 | diff=0.6473 | kd=0.5412 | recon=0.3198 | t=48s
  Ep 019 | step 0650/1868 | loss=1.0933 | diff=0.6341 | kd=0.6518 | recon=0.3940 | t=52s
  Ep 019 | step 0700/1868 | loss=1.1359 | diff=0.6346 | kd=0.3569 | recon=0.4657 | t=56s
  Ep 019 | step 0750/1868 | loss=1.0753 | diff=0.6387 | kd=0.6495 | recon=0.3716 | t=60s
  Ep 019 | step 0800/1868 | loss=1.0134 | diff=0.6328 | kd=0.4085 | recon=0.3398 | t=64s
  Ep 019 | step 0850/1868 | loss=1.0885 | diff=0.6473 | kd=0.5804 | recon=0.3832 | t=68s
  Ep 019 | step 0900/1868 | loss=1.1515 | diff=0.6324 | kd=0.7814 | recon=0.4409 | t=71s
  Ep 019 | step 0950/1868 | loss=1.1514 | diff=0.6408 | kd=0.6398 | recon=0.4467 | t=75s
  Ep 019 | step 1000/1868 | loss=1.0335 | diff=0.6346 | kd=0.6321 | recon=0.3357 | t=79s
  Ep 019 | step 1050/1868 | loss=1.1733 | diff=0.6400 | kd=0.7888 | recon=0.4544 | t=83s
  Ep 019 | step 1100/1868 | loss=1.0084 | diff=0.6315 | kd=0.6017 | recon=0.3168 | t=87s
  Ep 019 | step 1150/1868 | loss=1.1017 | diff=0.6335 | kd=0.7385 | recon=0.3943 | t=91s
  Ep 019 | step 1200/1868 | loss=1.1249 | diff=0.6387 | kd=0.5449 | recon=0.4317 | t=95s
  Ep 019 | step 1250/1868 | loss=1.0505 | diff=0.6420 | kd=0.4247 | recon=0.3660 | t=99s
  Ep 019 | step 1300/1868 | loss=1.1913 | diff=0.6353 | kd=0.4665 | recon=0.5094 | t=103s
  Ep 019 | step 1350/1868 | loss=1.1330 | diff=0.6387 | kd=0.5836 | recon=0.4359 | t=107s
  Ep 019 | step 1400/1868 | loss=1.1568 | diff=0.6355 | kd=0.4657 | recon=0.4748 | t=111s
  Ep 019 | step 1450/1868 | loss=1.1065 | diff=0.6346 | kd=1.0676 | recon=0.3652 | t=115s
  Ep 019 | step 1500/1868 | loss=1.0589 | diff=0.6387 | kd=0.7783 | recon=0.3424 | t=119s
  Ep 019 | step 1550/1868 | loss=1.1386 | diff=0.6400 | kd=0.6073 | recon=0.4379 | t=123s
  Ep 019 | step 1600/1868 | loss=1.0409 | diff=0.6360 | kd=0.4999 | recon=0.3548 | t=127s
  Ep 019 | step 1650/1868 | loss=1.0491 | diff=0.6288 | kd=0.6347 | recon=0.3568 | t=131s
  Ep 019 | step 1700/1868 | loss=1.1306 | diff=0.6290 | kd=0.7351 | recon=0.4280 | t=135s
  Ep 019 | step 1750/1868 | loss=1.1163 | diff=0.6869 | kd=0.8730 | recon=0.3421 | t=139s
  Ep 019 | step 1800/1868 | loss=1.1615 | diff=0.6336 | kd=0.5219 | recon=0.4757 | t=142s
  Ep 019 | step 1850/1868 | loss=1.0921 | diff=0.6442 | kd=0.5096 | recon=0.3970 | t=146s

  ── Epoch 019/200 (191s) ──────────────────────
  Train  loss=1.1080  diff=0.6413  kd=0.6139  recon=0.4053
  Val    loss=1.1076  RMSE=0.4895  MAE=0.4050  lr=9.78e-05

  Ep 020 | step 0000/1868 | loss=1.1016 | diff=0.6484 | kd=0.6480 | recon=0.3884 | t=1s
  Ep 020 | step 0050/1868 | loss=1.1348 | diff=0.6318 | kd=0.8361 | recon=0.4194 | t=5s
  Ep 020 | step 0100/1868 | loss=1.0301 | diff=0.6323 | kd=0.5622 | recon=0.3415 | t=9s
  Ep 020 | step 0150/1868 | loss=1.1470 | diff=0.6340 | kd=0.6663 | recon=0.4464 | t=13s
  Ep 020 | step 0200/1868 | loss=1.2488 | diff=0.7046 | kd=0.5631 | recon=0.4879 | t=16s
  Ep 020 | step 0250/1868 | loss=1.0606 | diff=0.6387 | kd=0.4456 | recon=0.3773 | t=20s
  Ep 020 | step 0300/1868 | loss=1.0882 | diff=0.6332 | kd=0.6810 | recon=0.3869 | t=24s
  Ep 020 | step 0350/1868 | loss=1.2848 | diff=0.7317 | kd=0.8702 | recon=0.4661 | t=28s
  Ep 020 | step 0400/1868 | loss=1.0498 | diff=0.6311 | kd=0.6826 | recon=0.3505 | t=32s
  Ep 020 | step 0450/1868 | loss=1.1097 | diff=0.6360 | kd=0.6814 | recon=0.4056 | t=36s
  Ep 020 | step 0500/1868 | loss=1.0560 | diff=0.6367 | kd=0.5898 | recon=0.3604 | t=40s
  Ep 020 | step 0550/1868 | loss=1.1290 | diff=0.6400 | kd=0.6309 | recon=0.4260 | t=44s
  Ep 020 | step 0600/1868 | loss=1.0566 | diff=0.6332 | kd=0.5347 | recon=0.3700 | t=48s
  Ep 020 | step 0650/1868 | loss=1.0818 | diff=0.6301 | kd=0.9347 | recon=0.3583 | t=52s
  Ep 020 | step 0700/1868 | loss=1.1020 | diff=0.6384 | kd=0.4058 | recon=0.4230 | t=56s
  Ep 020 | step 0750/1868 | loss=1.0335 | diff=0.6385 | kd=0.3974 | recon=0.3552 | t=60s
  Ep 020 | step 0800/1868 | loss=1.0801 | diff=0.6326 | kd=0.4742 | recon=0.4001 | t=64s
  Ep 020 | step 0850/1868 | loss=1.1000 | diff=0.6356 | kd=0.8372 | recon=0.3807 | t=68s
  Ep 020 | step 0900/1868 | loss=1.1345 | diff=0.6340 | kd=0.9523 | recon=0.4053 | t=72s
  Ep 020 | step 0950/1868 | loss=1.0972 | diff=0.6424 | kd=0.4939 | recon=0.4054 | t=76s
  Ep 020 | step 1000/1868 | loss=1.1459 | diff=0.6410 | kd=0.4799 | recon=0.4569 | t=80s
  Ep 020 | step 1050/1868 | loss=1.1061 | diff=0.6321 | kd=0.5365 | recon=0.4203 | t=84s
  Ep 020 | step 1100/1868 | loss=1.1403 | diff=0.6398 | kd=0.6885 | recon=0.4317 | t=87s
  Ep 020 | step 1150/1868 | loss=1.2079 | diff=0.6335 | kd=0.9387 | recon=0.4805 | t=91s
  Ep 020 | step 1200/1868 | loss=1.1587 | diff=0.6356 | kd=0.6075 | recon=0.4624 | t=95s
  Ep 020 | step 1250/1868 | loss=1.0876 | diff=0.6308 | kd=0.6487 | recon=0.3919 | t=99s
  Ep 020 | step 1300/1868 | loss=1.0754 | diff=0.6319 | kd=0.6423 | recon=0.3792 | t=103s
  Ep 020 | step 1350/1868 | loss=1.0172 | diff=0.6371 | kd=0.5823 | recon=0.3218 | t=107s
  Ep 020 | step 1400/1868 | loss=1.0607 | diff=0.6346 | kd=0.5833 | recon=0.3678 | t=111s
  Ep 020 | step 1450/1868 | loss=1.0332 | diff=0.6334 | kd=0.5536 | recon=0.3445 | t=115s
  Ep 020 | step 1500/1868 | loss=1.1003 | diff=0.6527 | kd=0.5436 | recon=0.3932 | t=119s
  Ep 020 | step 1550/1868 | loss=1.0862 | diff=0.6328 | kd=0.5639 | recon=0.3971 | t=123s
  Ep 020 | step 1600/1868 | loss=1.0498 | diff=0.6324 | kd=0.4973 | recon=0.3676 | t=127s
  Ep 020 | step 1650/1868 | loss=1.0981 | diff=0.6338 | kd=0.7472 | recon=0.3896 | t=131s
  Ep 020 | step 1700/1868 | loss=1.0788 | diff=0.6353 | kd=0.7201 | recon=0.3715 | t=135s
  Ep 020 | step 1750/1868 | loss=1.1293 | diff=0.6533 | kd=0.6883 | recon=0.4071 | t=139s
  Ep 020 | step 1800/1868 | loss=1.1016 | diff=0.6386 | kd=0.5647 | recon=0.4066 | t=143s
  Ep 020 | step 1850/1868 | loss=1.0704 | diff=0.6298 | kd=0.4849 | recon=0.3921 | t=147s

  ── Epoch 020/200 (191s) ──────────────────────
  Train  loss=1.1068  diff=0.6404  kd=0.6110  recon=0.4053
  Val    loss=1.0972  RMSE=0.4895  MAE=0.4050  lr=9.76e-05
  [BEST] Checkpoint saved → checkpoints/best_model.pth
  [EP20] Checkpoint saved → checkpoints/epoch_020.pth

  Ep 021 | step 0000/1868 | loss=1.1170 | diff=0.6313 | kd=0.5948 | recon=0.4262 | t=1s
  Ep 021 | step 0050/1868 | loss=1.2412 | diff=0.6421 | kd=0.5495 | recon=0.5442 | t=4s
  Ep 021 | step 0100/1868 | loss=1.0827 | diff=0.6327 | kd=0.7346 | recon=0.3765 | t=8s
  Ep 021 | step 0150/1868 | loss=1.2049 | diff=0.6345 | kd=0.9684 | recon=0.4736 | t=12s
  Ep 021 | step 0200/1868 | loss=1.1335 | diff=0.6356 | kd=0.6687 | recon=0.4310 | t=16s
  Ep 021 | step 0250/1868 | loss=1.0647 | diff=0.6331 | kd=0.5314 | recon=0.3785 | t=20s
  Ep 021 | step 0300/1868 | loss=1.1029 | diff=0.6353 | kd=0.8355 | recon=0.3841 | t=24s
  Ep 021 | step 0350/1868 | loss=1.0294 | diff=0.6295 | kd=0.5359 | recon=0.3463 | t=28s
  Ep 021 | step 0400/1868 | loss=1.1028 | diff=0.6418 | kd=0.9346 | recon=0.3675 | t=32s
  Ep 021 | step 0450/1868 | loss=1.0761 | diff=0.6372 | kd=0.4668 | recon=0.3923 | t=36s
  Ep 021 | step 0500/1868 | loss=1.1445 | diff=0.6369 | kd=0.7744 | recon=0.4301 | t=40s
  Ep 021 | step 0550/1868 | loss=1.1906 | diff=0.6713 | kd=0.7796 | recon=0.4414 | t=44s
  Ep 021 | step 0600/1868 | loss=1.0406 | diff=0.6270 | kd=0.4235 | recon=0.3712 | t=48s
  Ep 021 | step 0650/1868 | loss=1.0408 | diff=0.6310 | kd=0.4836 | recon=0.3614 | t=52s
  Ep 021 | step 0700/1868 | loss=1.0821 | diff=0.6403 | kd=0.4550 | recon=0.3963 | t=56s
  Ep 021 | step 0750/1868 | loss=1.2164 | diff=0.6431 | kd=0.5073 | recon=0.5225 | t=60s
  Ep 021 | step 0800/1868 | loss=1.0250 | diff=0.6372 | kd=0.5724 | recon=0.3306 | t=64s
  Ep 021 | step 0850/1868 | loss=1.1589 | diff=0.6320 | kd=0.5848 | recon=0.4685 | t=67s
  Ep 021 | step 0900/1868 | loss=1.1442 | diff=0.6325 | kd=0.6093 | recon=0.4508 | t=71s
  Ep 021 | step 0950/1868 | loss=1.0702 | diff=0.6686 | kd=0.6150 | recon=0.3401 | t=75s
  Ep 021 | step 1000/1868 | loss=1.0220 | diff=0.6287 | kd=0.6141 | recon=0.3319 | t=79s
  Ep 021 | step 1050/1868 | loss=1.1251 | diff=0.6337 | kd=0.4763 | recon=0.4437 | t=83s
  Ep 021 | step 1100/1868 | loss=1.0860 | diff=0.6307 | kd=0.7944 | recon=0.3759 | t=87s
  Ep 021 | step 1150/1868 | loss=1.1293 | diff=0.6779 | kd=0.6794 | recon=0.3835 | t=91s
  Ep 021 | step 1200/1868 | loss=1.0879 | diff=0.6294 | kd=0.4838 | recon=0.4102 | t=95s
  Ep 021 | step 1250/1868 | loss=1.0903 | diff=0.6400 | kd=0.7620 | recon=0.3741 | t=99s
  Ep 021 | step 1300/1868 | loss=1.1426 | diff=0.6328 | kd=0.9626 | recon=0.4135 | t=103s
  Ep 021 | step 1350/1868 | loss=1.0706 | diff=0.6396 | kd=0.7713 | recon=0.3539 | t=107s
  Ep 021 | step 1400/1868 | loss=1.0378 | diff=0.6309 | kd=0.5204 | recon=0.3549 | t=111s
  Ep 021 | step 1450/1868 | loss=1.0081 | diff=0.6289 | kd=0.3732 | recon=0.3418 | t=115s
  Ep 021 | step 1500/1868 | loss=1.0220 | diff=0.6308 | kd=0.6328 | recon=0.3278 | t=119s
  Ep 021 | step 1550/1868 | loss=1.0557 | diff=0.6432 | kd=0.4817 | recon=0.3644 | t=123s
  Ep 021 | step 1600/1868 | loss=1.1146 | diff=0.6300 | kd=0.9260 | recon=0.3920 | t=127s
  Ep 021 | step 1650/1868 | loss=1.0663 | diff=0.6292 | kd=0.5305 | recon=0.3840 | t=131s
  Ep 021 | step 1700/1868 | loss=1.1272 | diff=0.6359 | kd=0.5321 | recon=0.4381 | t=135s
  Ep 021 | step 1750/1868 | loss=1.1205 | diff=0.6349 | kd=0.5506 | recon=0.4305 | t=139s
  Ep 021 | step 1800/1868 | loss=1.1317 | diff=0.6319 | kd=1.2032 | recon=0.3794 | t=142s
  Ep 021 | step 1850/1868 | loss=1.1468 | diff=0.6335 | kd=0.7921 | recon=0.4341 | t=146s

  ── Epoch 021/200 (191s) ──────────────────────
  Train  loss=1.1082  diff=0.6396  kd=0.6339  recon=0.4053
  Val    loss=1.1035  RMSE=0.4896  MAE=0.4050  lr=9.73e-05

  Ep 022 | step 0000/1868 | loss=1.0829 | diff=0.6318 | kd=0.6364 | recon=0.3875 | t=1s
  Ep 022 | step 0050/1868 | loss=1.1064 | diff=0.6801 | kd=0.7587 | recon=0.3505 | t=5s
  Ep 022 | step 0100/1868 | loss=1.1237 | diff=0.6328 | kd=0.5842 | recon=0.4325 | t=9s
  Ep 022 | step 0150/1868 | loss=1.1303 | diff=0.6736 | kd=0.4911 | recon=0.4076 | t=12s
  Ep 022 | step 0200/1868 | loss=1.1476 | diff=0.6300 | kd=0.7062 | recon=0.4471 | t=16s
  Ep 022 | step 0250/1868 | loss=1.1681 | diff=0.6294 | kd=0.7296 | recon=0.4657 | t=20s
  Ep 022 | step 0300/1868 | loss=1.1930 | diff=0.6985 | kd=0.6812 | recon=0.4264 | t=24s
  Ep 022 | step 0350/1868 | loss=1.0554 | diff=0.6849 | kd=0.4585 | recon=0.3246 | t=28s
  Ep 022 | step 0400/1868 | loss=1.0559 | diff=0.6294 | kd=0.4958 | recon=0.3769 | t=32s
  Ep 022 | step 0450/1868 | loss=1.1511 | diff=0.6310 | kd=0.7040 | recon=0.4496 | t=36s
  Ep 022 | step 0500/1868 | loss=1.1494 | diff=0.6270 | kd=0.9112 | recon=0.4313 | t=40s
  Ep 022 | step 0550/1868 | loss=1.0881 | diff=0.6292 | kd=0.4768 | recon=0.4112 | t=44s
  Ep 022 | step 0600/1868 | loss=1.0484 | diff=0.6288 | kd=0.4557 | recon=0.3740 | t=48s
  Ep 022 | step 0650/1868 | loss=1.1021 | diff=0.6308 | kd=0.5476 | recon=0.4166 | t=52s
  Ep 022 | step 0700/1868 | loss=1.0914 | diff=0.6510 | kd=0.5975 | recon=0.3807 | t=56s
  Ep 022 | step 0750/1868 | loss=1.1500 | diff=0.6281 | kd=0.7278 | recon=0.4491 | t=60s
  Ep 022 | step 0800/1868 | loss=1.1053 | diff=0.6243 | kd=0.5106 | recon=0.4299 | t=63s
  Ep 022 | step 0850/1868 | loss=1.0658 | diff=0.6332 | kd=0.4595 | recon=0.3867 | t=67s
  Ep 022 | step 0900/1868 | loss=1.0867 | diff=0.6337 | kd=0.4732 | recon=0.4057 | t=71s
  Ep 022 | step 0950/1868 | loss=1.1302 | diff=0.6299 | kd=0.7155 | recon=0.4288 | t=75s
  Ep 022 | step 1000/1868 | loss=1.0906 | diff=0.6288 | kd=0.3627 | recon=0.4255 | t=79s
  Ep 022 | step 1050/1868 | loss=1.0825 | diff=0.6263 | kd=0.6374 | recon=0.3924 | t=83s
  Ep 022 | step 1100/1868 | loss=1.1960 | diff=0.6331 | kd=0.4750 | recon=0.5153 | t=87s
  Ep 022 | step 1150/1868 | loss=1.0726 | diff=0.6321 | kd=0.6277 | recon=0.3778 | t=91s
  Ep 022 | step 1200/1868 | loss=1.1037 | diff=0.6320 | kd=0.6768 | recon=0.4041 | t=95s
  Ep 022 | step 1250/1868 | loss=1.0982 | diff=0.6283 | kd=0.6511 | recon=0.4048 | t=99s
  Ep 022 | step 1300/1868 | loss=1.0339 | diff=0.6322 | kd=0.3846 | recon=0.3632 | t=103s
  Ep 022 | step 1350/1868 | loss=1.0522 | diff=0.6309 | kd=0.5031 | recon=0.3710 | t=107s
  Ep 022 | step 1400/1868 | loss=1.1006 | diff=0.6308 | kd=0.8520 | recon=0.3847 | t=111s
  Ep 022 | step 1450/1868 | loss=1.1362 | diff=0.6301 | kd=0.6487 | recon=0.4413 | t=115s
  Ep 022 | step 1500/1868 | loss=1.0977 | diff=0.6306 | kd=0.6107 | recon=0.4060 | t=118s
  Ep 022 | step 1550/1868 | loss=1.1167 | diff=0.6435 | kd=0.6005 | recon=0.4131 | t=122s
  Ep 022 | step 1600/1868 | loss=1.1096 | diff=0.6295 | kd=0.5321 | recon=0.4269 | t=126s
  Ep 022 | step 1650/1868 | loss=1.1378 | diff=0.6325 | kd=0.7040 | recon=0.4348 | t=130s
  Ep 022 | step 1700/1868 | loss=1.1389 | diff=0.6285 | kd=0.7589 | recon=0.4345 | t=134s
  Ep 022 | step 1750/1868 | loss=1.1297 | diff=0.6270 | kd=0.5423 | recon=0.4485 | t=138s
  Ep 022 | step 1800/1868 | loss=1.0945 | diff=0.6307 | kd=0.7836 | recon=0.3855 | t=142s
  Ep 022 | step 1850/1868 | loss=1.1450 | diff=0.6369 | kd=0.7405 | recon=0.4340 | t=146s

  ── Epoch 022/200 (190s) ──────────────────────
  Train  loss=1.1035  diff=0.6363  kd=0.6192  recon=0.4053
  Val    loss=1.1232  RMSE=0.4895  MAE=0.4050  lr=9.71e-05

  Ep 023 | step 0000/1868 | loss=1.0934 | diff=0.6857 | kd=0.4934 | recon=0.3584 | t=1s
  Ep 023 | step 0050/1868 | loss=1.1060 | diff=0.6536 | kd=0.7013 | recon=0.3823 | t=5s
  Ep 023 | step 0100/1868 | loss=1.1316 | diff=0.6390 | kd=0.7908 | recon=0.4135 | t=9s
  Ep 023 | step 0150/1868 | loss=1.0987 | diff=0.6287 | kd=0.6443 | recon=0.4056 | t=12s
  Ep 023 | step 0200/1868 | loss=1.0774 | diff=0.6317 | kd=0.5336 | recon=0.3923 | t=16s
  Ep 023 | step 0250/1868 | loss=1.1495 | diff=0.7121 | kd=0.4764 | recon=0.3898 | t=20s
  Ep 023 | step 0300/1868 | loss=1.1418 | diff=0.6319 | kd=0.5212 | recon=0.4578 | t=24s
  Ep 023 | step 0350/1868 | loss=1.0925 | diff=0.6251 | kd=0.5324 | recon=0.4142 | t=28s
  Ep 023 | step 0400/1868 | loss=1.0831 | diff=0.6316 | kd=0.7695 | recon=0.3745 | t=32s
  Ep 023 | step 0450/1868 | loss=1.0817 | diff=0.6276 | kd=0.7480 | recon=0.3793 | t=36s
  Ep 023 | step 0500/1868 | loss=1.1381 | diff=0.6813 | kd=0.5700 | recon=0.3997 | t=40s
  Ep 023 | step 0550/1868 | loss=1.1842 | diff=0.6293 | kd=0.5317 | recon=0.5017 | t=44s
  Ep 023 | step 0600/1868 | loss=1.0163 | diff=0.6273 | kd=0.6518 | recon=0.3238 | t=48s
  Ep 023 | step 0650/1868 | loss=1.0412 | diff=0.6285 | kd=0.5960 | recon=0.3531 | t=52s
  Ep 023 | step 0700/1868 | loss=1.1105 | diff=0.6316 | kd=0.5285 | recon=0.4260 | t=56s
  Ep 023 | step 0750/1868 | loss=1.2151 | diff=0.6360 | kd=0.6172 | recon=0.5174 | t=60s
  Ep 023 | step 0800/1868 | loss=1.1563 | diff=0.6285 | kd=0.8265 | recon=0.4452 | t=64s
  Ep 023 | step 0850/1868 | loss=1.2355 | diff=0.6248 | kd=0.6488 | recon=0.5458 | t=68s
  Ep 023 | step 0900/1868 | loss=1.0780 | diff=0.6283 | kd=0.4959 | recon=0.4001 | t=71s
  Ep 023 | step 0950/1868 | loss=1.1790 | diff=0.6327 | kd=0.5236 | recon=0.4940 | t=75s
  Ep 023 | step 1000/1868 | loss=1.1035 | diff=0.6329 | kd=0.4742 | recon=0.4232 | t=79s
  Ep 023 | step 1050/1868 | loss=1.1644 | diff=0.6304 | kd=0.5238 | recon=0.4817 | t=83s
  Ep 023 | step 1100/1868 | loss=1.0879 | diff=0.6417 | kd=0.3819 | recon=0.4080 | t=87s
  Ep 023 | step 1150/1868 | loss=1.0842 | diff=0.6231 | kd=0.8933 | recon=0.3717 | t=91s
  Ep 023 | step 1200/1868 | loss=1.1057 | diff=0.6307 | kd=0.6410 | recon=0.4109 | t=95s
  Ep 023 | step 1250/1868 | loss=1.1914 | diff=0.6600 | kd=0.8579 | recon=0.4455 | t=99s
  Ep 023 | step 1300/1868 | loss=1.0655 | diff=0.6295 | kd=0.4874 | recon=0.3872 | t=103s
  Ep 023 | step 1350/1868 | loss=1.0877 | diff=0.6749 | kd=0.4849 | recon=0.3644 | t=107s
  Ep 023 | step 1400/1868 | loss=1.0882 | diff=0.6303 | kd=0.6415 | recon=0.3937 | t=111s
  Ep 023 | step 1450/1868 | loss=1.0904 | diff=0.6317 | kd=0.6260 | recon=0.3961 | t=115s
  Ep 023 | step 1500/1868 | loss=1.0892 | diff=0.6666 | kd=0.7009 | recon=0.3526 | t=119s
  Ep 023 | step 1550/1868 | loss=1.0547 | diff=0.6288 | kd=0.4908 | recon=0.3768 | t=123s
  Ep 023 | step 1600/1868 | loss=1.1906 | diff=0.6498 | kd=0.7315 | recon=0.4677 | t=127s
  Ep 023 | step 1650/1868 | loss=1.1218 | diff=0.6493 | kd=0.4426 | recon=0.4283 | t=130s
  Ep 023 | step 1700/1868 | loss=1.0413 | diff=0.6276 | kd=0.4264 | recon=0.3711 | t=134s
  Ep 023 | step 1750/1868 | loss=1.1177 | diff=0.6295 | kd=0.6008 | recon=0.4281 | t=138s
  Ep 023 | step 1800/1868 | loss=1.1161 | diff=0.6327 | kd=0.6843 | recon=0.4150 | t=142s
  Ep 023 | step 1850/1868 | loss=1.0429 | diff=0.6319 | kd=0.4393 | recon=0.3671 | t=146s

  ── Epoch 023/200 (190s) ──────────────────────
  Train  loss=1.1024  diff=0.6364  kd=0.6072  recon=0.4053
  Val    loss=1.0973  RMSE=0.4895  MAE=0.4050  lr=9.68e-05

  Ep 024 | step 0000/1868 | loss=1.0838 | diff=0.6626 | kd=0.4419 | recon=0.3770 | t=1s
  Ep 024 | step 0050/1868 | loss=1.0437 | diff=0.6379 | kd=0.5502 | recon=0.3508 | t=5s
  Ep 024 | step 0100/1868 | loss=1.0613 | diff=0.6306 | kd=0.4617 | recon=0.3845 | t=8s
  Ep 024 | step 0150/1868 | loss=1.1099 | diff=0.6391 | kd=0.4590 | recon=0.4250 | t=12s
  Ep 024 | step 0200/1868 | loss=1.0759 | diff=0.6380 | kd=0.8355 | recon=0.3543 | t=16s
  Ep 024 | step 0250/1868 | loss=1.0572 | diff=0.6282 | kd=0.5155 | recon=0.3775 | t=20s
  Ep 024 | step 0300/1868 | loss=1.0486 | diff=0.6230 | kd=0.5446 | recon=0.3711 | t=24s
  Ep 024 | step 0350/1868 | loss=1.1614 | diff=0.6312 | kd=0.9911 | recon=0.4311 | t=28s
  Ep 024 | step 0400/1868 | loss=1.1617 | diff=0.6289 | kd=0.5304 | recon=0.4798 | t=32s
  Ep 024 | step 0450/1868 | loss=1.0757 | diff=0.6227 | kd=0.5417 | recon=0.3988 | t=36s
  Ep 024 | step 0500/1868 | loss=1.1757 | diff=0.6304 | kd=0.4100 | recon=0.5043 | t=40s
  Ep 024 | step 0550/1868 | loss=0.9717 | diff=0.6307 | kd=0.5112 | recon=0.2899 | t=44s
  Ep 024 | step 0600/1868 | loss=1.1729 | diff=0.6279 | kd=1.0731 | recon=0.4377 | t=48s
  Ep 024 | step 0650/1868 | loss=1.0906 | diff=0.6472 | kd=0.5636 | recon=0.3870 | t=52s
  Ep 024 | step 0700/1868 | loss=1.1427 | diff=0.6633 | kd=0.3484 | recon=0.4446 | t=56s
  Ep 024 | step 0750/1868 | loss=1.0593 | diff=0.6279 | kd=0.3786 | recon=0.3935 | t=60s
  Ep 024 | step 0800/1868 | loss=1.1129 | diff=0.6294 | kd=0.6178 | recon=0.4217 | t=64s
  Ep 024 | step 0850/1868 | loss=1.0403 | diff=0.6227 | kd=0.5242 | recon=0.3652 | t=68s
  Ep 024 | step 0900/1868 | loss=1.0601 | diff=0.6275 | kd=0.5840 | recon=0.3743 | t=71s
  Ep 024 | step 0950/1868 | loss=1.0744 | diff=0.6278 | kd=0.5462 | recon=0.3919 | t=75s
  Ep 024 | step 1000/1868 | loss=1.0896 | diff=0.6275 | kd=0.6679 | recon=0.3952 | t=79s
  Ep 024 | step 1050/1868 | loss=1.1457 | diff=0.6282 | kd=0.6720 | recon=0.4503 | t=83s
  Ep 024 | step 1100/1868 | loss=1.0078 | diff=0.6262 | kd=0.4128 | recon=0.3403 | t=87s
  Ep 024 | step 1150/1868 | loss=1.1028 | diff=0.6258 | kd=0.8840 | recon=0.3886 | t=91s
  Ep 024 | step 1200/1868 | loss=1.0523 | diff=0.6416 | kd=0.5601 | recon=0.3547 | t=95s
  Ep 024 | step 1250/1868 | loss=1.1178 | diff=0.6612 | kd=0.6436 | recon=0.3922 | t=99s
  Ep 024 | step 1300/1868 | loss=1.0642 | diff=0.6324 | kd=0.5484 | recon=0.3770 | t=103s
  Ep 024 | step 1350/1868 | loss=1.1287 | diff=0.6303 | kd=0.7196 | recon=0.4264 | t=107s
  Ep 024 | step 1400/1868 | loss=1.1450 | diff=0.6464 | kd=0.6711 | recon=0.4315 | t=111s
  Ep 024 | step 1450/1868 | loss=1.0392 | diff=0.6264 | kd=0.6203 | recon=0.3507 | t=115s
  Ep 024 | step 1500/1868 | loss=1.1678 | diff=0.6550 | kd=0.6007 | recon=0.4526 | t=119s
  Ep 024 | step 1550/1868 | loss=1.0334 | diff=0.6373 | kd=0.5469 | recon=0.3414 | t=123s
  Ep 024 | step 1600/1868 | loss=1.0241 | diff=0.6233 | kd=0.5848 | recon=0.3424 | t=126s
  Ep 024 | step 1650/1868 | loss=1.0726 | diff=0.6396 | kd=0.4521 | recon=0.3878 | t=130s
  Ep 024 | step 1700/1868 | loss=1.1857 | diff=0.6865 | kd=0.4977 | recon=0.4494 | t=134s
  Ep 024 | step 1750/1868 | loss=0.9841 | diff=0.6285 | kd=0.5205 | recon=0.3035 | t=138s
  Ep 024 | step 1800/1868 | loss=1.1287 | diff=0.6271 | kd=0.3851 | recon=0.4630 | t=142s
  Ep 024 | step 1850/1868 | loss=1.0651 | diff=0.6265 | kd=0.6538 | recon=0.3732 | t=146s

  ── Epoch 024/200 (190s) ──────────────────────
  Train  loss=1.0983  diff=0.6339  kd=0.5904  recon=0.4053
  Val    loss=1.0908  RMSE=0.4896  MAE=0.4050  lr=9.65e-05
  [BEST] Checkpoint saved → checkpoints/best_model.pth

  Ep 025 | step 0000/1868 | loss=1.0492 | diff=0.6281 | kd=0.4386 | recon=0.3772 | t=1s
  Ep 025 | step 0050/1868 | loss=1.0438 | diff=0.6293 | kd=0.5293 | recon=0.3616 | t=5s
  Ep 025 | step 0100/1868 | loss=1.0486 | diff=0.6283 | kd=0.3611 | recon=0.3842 | t=8s
  Ep 025 | step 0150/1868 | loss=1.0974 | diff=0.6258 | kd=0.5198 | recon=0.4195 | t=12s
  Ep 025 | step 0200/1868 | loss=1.1621 | diff=0.6308 | kd=0.5354 | recon=0.4777 | t=16s
  Ep 025 | step 0250/1868 | loss=1.0397 | diff=0.6297 | kd=0.5651 | recon=0.3535 | t=20s
  Ep 025 | step 0300/1868 | loss=1.0075 | diff=0.6300 | kd=0.4706 | recon=0.3305 | t=24s
  Ep 025 | step 0350/1868 | loss=1.1261 | diff=0.6254 | kd=0.8742 | recon=0.4132 | t=28s
  Ep 025 | step 0400/1868 | loss=1.0627 | diff=0.6401 | kd=0.5228 | recon=0.3704 | t=32s
  Ep 025 | step 0450/1868 | loss=1.0893 | diff=0.6269 | kd=0.6088 | recon=0.4016 | t=36s
  Ep 025 | step 0500/1868 | loss=1.1233 | diff=0.6273 | kd=0.4614 | recon=0.4499 | t=40s
  Ep 025 | step 0550/1868 | loss=1.1190 | diff=0.6371 | kd=0.4407 | recon=0.4378 | t=44s
  Ep 025 | step 0600/1868 | loss=1.0893 | diff=0.6435 | kd=0.4477 | recon=0.4010 | t=48s
  Ep 025 | step 0650/1868 | loss=1.0938 | diff=0.6317 | kd=0.8966 | recon=0.3724 | t=52s
  Ep 025 | step 0700/1868 | loss=1.1360 | diff=0.6228 | kd=0.5841 | recon=0.4548 | t=56s
  Ep 025 | step 0750/1868 | loss=1.1156 | diff=0.6291 | kd=0.4631 | recon=0.4401 | t=60s
  Ep 025 | step 0800/1868 | loss=1.1116 | diff=0.6315 | kd=0.7156 | recon=0.4086 | t=64s
  Ep 025 | step 0850/1868 | loss=1.2210 | diff=0.6249 | kd=0.5703 | recon=0.5390 | t=68s
  Ep 025 | step 0900/1868 | loss=1.1136 | diff=0.6244 | kd=0.5153 | recon=0.4377 | t=72s
  Ep 025 | step 0950/1868 | loss=1.0538 | diff=0.6278 | kd=0.7278 | recon=0.3532 | t=76s
  Ep 025 | step 1000/1868 | loss=1.1116 | diff=0.6281 | kd=0.4400 | recon=0.4395 | t=80s
  Ep 025 | step 1050/1868 | loss=1.1783 | diff=0.6303 | kd=0.5178 | recon=0.4962 | t=84s
  Ep 025 | step 1100/1868 | loss=1.1193 | diff=0.6294 | kd=0.8096 | recon=0.4090 | t=88s
  Ep 025 | step 1150/1868 | loss=1.1167 | diff=0.6284 | kd=0.8203 | recon=0.4063 | t=91s
  Ep 025 | step 1200/1868 | loss=1.1685 | diff=0.6808 | kd=0.8376 | recon=0.4039 | t=95s
  Ep 025 | step 1250/1868 | loss=1.0392 | diff=0.6345 | kd=0.6248 | recon=0.3422 | t=99s
  Ep 025 | step 1300/1868 | loss=1.0246 | diff=0.6276 | kd=0.5184 | recon=0.3452 | t=103s
  Ep 025 | step 1350/1868 | loss=1.1350 | diff=0.6524 | kd=0.6464 | recon=0.4180 | t=107s
  Ep 025 | step 1400/1868 | loss=1.1427 | diff=0.6333 | kd=0.5166 | recon=0.4577 | t=111s
  Ep 025 | step 1450/1868 | loss=1.1229 | diff=0.6293 | kd=0.5296 | recon=0.4406 | t=115s
  Ep 025 | step 1500/1868 | loss=1.0341 | diff=0.6261 | kd=0.4301 | recon=0.3649 | t=119s
  Ep 025 | step 1550/1868 | loss=1.1104 | diff=0.6270 | kd=0.5664 | recon=0.4268 | t=123s
  Ep 025 | step 1600/1868 | loss=1.2141 | diff=0.6246 | kd=1.1299 | recon=0.4765 | t=127s
  Ep 025 | step 1650/1868 | loss=1.1684 | diff=0.6261 | kd=0.4851 | recon=0.4938 | t=131s
  Ep 025 | step 1700/1868 | loss=1.0883 | diff=0.6241 | kd=0.8698 | recon=0.3772 | t=135s
  Ep 025 | step 1750/1868 | loss=1.0644 | diff=0.6248 | kd=0.5845 | recon=0.3812 | t=139s
  Ep 025 | step 1800/1868 | loss=1.0618 | diff=0.6231 | kd=0.4223 | recon=0.3965 | t=143s
  Ep 025 | step 1850/1868 | loss=1.1248 | diff=0.6460 | kd=0.5585 | recon=0.4229 | t=147s

  ── Epoch 025/200 (191s) ──────────────────────
  Train  loss=1.0982  diff=0.6345  kd=0.5832  recon=0.4053
  Val    loss=1.1002  RMSE=0.4895  MAE=0.4050  lr=9.62e-05

  Ep 026 | step 0000/1868 | loss=1.0774 | diff=0.6273 | kd=0.4236 | recon=0.4078 | t=1s
  Ep 026 | step 0050/1868 | loss=1.1222 | diff=0.6303 | kd=0.5684 | recon=0.4351 | t=4s
  Ep 026 | step 0100/1868 | loss=1.0272 | diff=0.6325 | kd=0.4555 | recon=0.3492 | t=8s
  Ep 026 | step 0150/1868 | loss=1.1702 | diff=0.6535 | kd=0.5740 | recon=0.4593 | t=12s
  Ep 026 | step 0200/1868 | loss=1.0733 | diff=0.6247 | kd=0.6315 | recon=0.3855 | t=16s
  Ep 026 | step 0250/1868 | loss=1.0445 | diff=0.6310 | kd=0.3525 | recon=0.3782 | t=20s
  Ep 026 | step 0300/1868 | loss=1.0606 | diff=0.6317 | kd=0.6073 | recon=0.3681 | t=24s
  Ep 026 | step 0350/1868 | loss=1.1293 | diff=0.6335 | kd=0.5448 | recon=0.4414 | t=28s
  Ep 026 | step 0400/1868 | loss=1.1169 | diff=0.6345 | kd=0.6801 | recon=0.4144 | t=32s
  Ep 026 | step 0450/1868 | loss=1.1211 | diff=0.6244 | kd=0.4704 | recon=0.4496 | t=36s
  Ep 026 | step 0500/1868 | loss=1.1354 | diff=0.6212 | kd=0.8740 | recon=0.4268 | t=40s
  Ep 026 | step 0550/1868 | loss=1.1649 | diff=0.6281 | kd=0.6725 | recon=0.4695 | t=44s
  Ep 026 | step 0600/1868 | loss=1.1266 | diff=0.6282 | kd=0.4149 | recon=0.4569 | t=48s
  Ep 026 | step 0650/1868 | loss=1.0635 | diff=0.6269 | kd=0.5397 | recon=0.3825 | t=52s
  Ep 026 | step 0700/1868 | loss=1.0912 | diff=0.6307 | kd=0.4953 | recon=0.4111 | t=56s
  Ep 026 | step 0750/1868 | loss=1.0553 | diff=0.6235 | kd=0.5499 | recon=0.3768 | t=60s
  Ep 026 | step 0800/1868 | loss=1.1493 | diff=0.6271 | kd=0.5684 | recon=0.4654 | t=64s
  Ep 026 | step 0850/1868 | loss=1.0961 | diff=0.6432 | kd=0.6152 | recon=0.3914 | t=67s
  Ep 026 | step 0900/1868 | loss=1.0277 | diff=0.6261 | kd=0.4639 | recon=0.3552 | t=71s
  Ep 026 | step 0950/1868 | loss=1.0808 | diff=0.6209 | kd=0.4458 | recon=0.4154 | t=75s
  Ep 026 | step 1000/1868 | loss=1.1143 | diff=0.6313 | kd=0.4756 | recon=0.4354 | t=79s
  Ep 026 | step 1050/1868 | loss=1.1498 | diff=0.6302 | kd=0.6709 | recon=0.4524 | t=83s
  Ep 026 | step 1100/1868 | loss=1.1547 | diff=0.6261 | kd=0.7009 | recon=0.4586 | t=87s
  Ep 026 | step 1150/1868 | loss=1.0030 | diff=0.6284 | kd=0.4687 | recon=0.3277 | t=91s
  Ep 026 | step 1200/1868 | loss=1.0929 | diff=0.6427 | kd=0.5102 | recon=0.3992 | t=95s
  Ep 026 | step 1250/1868 | loss=1.0655 | diff=0.6229 | kd=0.5660 | recon=0.3860 | t=99s
  Ep 026 | step 1300/1868 | loss=1.1183 | diff=0.6312 | kd=0.9514 | recon=0.3919 | t=103s
  Ep 026 | step 1350/1868 | loss=1.0602 | diff=0.6279 | kd=0.6769 | recon=0.3646 | t=107s
  Ep 026 | step 1400/1868 | loss=1.0854 | diff=0.6263 | kd=0.7202 | recon=0.3871 | t=111s
  Ep 026 | step 1450/1868 | loss=1.1087 | diff=0.6235 | kd=0.4170 | recon=0.4435 | t=115s
  Ep 026 | step 1500/1868 | loss=1.0844 | diff=0.6293 | kd=0.6928 | recon=0.3858 | t=119s
  Ep 026 | step 1550/1868 | loss=1.1331 | diff=0.6329 | kd=0.7186 | recon=0.4283 | t=123s
  Ep 026 | step 1600/1868 | loss=1.1508 | diff=0.6311 | kd=0.5879 | recon=0.4609 | t=126s
  Ep 026 | step 1650/1868 | loss=1.2747 | diff=0.6284 | kd=0.7821 | recon=0.5681 | t=130s
  Ep 026 | step 1700/1868 | loss=1.0232 | diff=0.6260 | kd=0.4771 | recon=0.3495 | t=134s
  Ep 026 | step 1750/1868 | loss=1.0991 | diff=0.6282 | kd=0.5832 | recon=0.4126 | t=138s
  Ep 026 | step 1800/1868 | loss=1.1095 | diff=0.6265 | kd=0.4434 | recon=0.4386 | t=142s
  Ep 026 | step 1850/1868 | loss=1.1554 | diff=0.6251 | kd=0.6593 | recon=0.4643 | t=146s

  ── Epoch 026/200 (190s) ──────────────────────
  Train  loss=1.0957  diff=0.6324  kd=0.5799  recon=0.4053
  Val    loss=1.0909  RMSE=0.4895  MAE=0.4050  lr=9.59e-05

  Ep 027 | step 0000/1868 | loss=1.0140 | diff=0.6203 | kd=0.4861 | recon=0.3451 | t=1s
  Ep 027 | step 0050/1868 | loss=1.1157 | diff=0.6200 | kd=0.6024 | recon=0.4354 | t=4s
  Ep 027 | step 0100/1868 | loss=1.1800 | diff=0.6387 | kd=0.4566 | recon=0.4957 | t=8s
  Ep 027 | step 0150/1868 | loss=1.1183 | diff=0.6231 | kd=0.8338 | recon=0.4118 | t=12s
  Ep 027 | step 0200/1868 | loss=1.0071 | diff=0.6328 | kd=0.4403 | recon=0.3303 | t=16s
  Ep 027 | step 0250/1868 | loss=1.0288 | diff=0.6278 | kd=0.5166 | recon=0.3494 | t=20s
  Ep 027 | step 0300/1868 | loss=1.0505 | diff=0.6250 | kd=0.3863 | recon=0.3868 | t=24s
  Ep 027 | step 0350/1868 | loss=1.0764 | diff=0.6339 | kd=0.4713 | recon=0.3954 | t=28s
  Ep 027 | step 0400/1868 | loss=1.0554 | diff=0.6264 | kd=0.7010 | recon=0.3589 | t=32s
  Ep 027 | step 0450/1868 | loss=1.0172 | diff=0.6278 | kd=0.3316 | recon=0.3562 | t=36s
  Ep 027 | step 0500/1868 | loss=1.2088 | diff=0.6630 | kd=0.7683 | recon=0.4690 | t=40s
  Ep 027 | step 0550/1868 | loss=1.1314 | diff=0.6215 | kd=0.4804 | recon=0.4619 | t=43s
  Ep 027 | step 0600/1868 | loss=1.0650 | diff=0.6264 | kd=0.7782 | recon=0.3608 | t=47s
  Ep 027 | step 0650/1868 | loss=1.1358 | diff=0.6241 | kd=0.6315 | recon=0.4486 | t=51s
  Ep 027 | step 0700/1868 | loss=1.0881 | diff=0.6205 | kd=0.4791 | recon=0.4198 | t=55s
  Ep 027 | step 0750/1868 | loss=1.0777 | diff=0.7056 | kd=0.5168 | recon=0.3204 | t=59s
  Ep 027 | step 0800/1868 | loss=1.0927 | diff=0.6278 | kd=0.5329 | recon=0.4116 | t=63s
  Ep 027 | step 0850/1868 | loss=1.0884 | diff=0.6258 | kd=0.4698 | recon=0.4157 | t=67s
  Ep 027 | step 0900/1868 | loss=1.1799 | diff=0.6243 | kd=0.9817 | recon=0.4575 | t=71s
  Ep 027 | step 0950/1868 | loss=1.1958 | diff=0.6371 | kd=0.9915 | recon=0.4596 | t=75s
  Ep 027 | step 1000/1868 | loss=1.0240 | diff=0.6229 | kd=0.3590 | recon=0.3652 | t=78s
  Ep 027 | step 1050/1868 | loss=1.2018 | diff=0.6215 | kd=0.8763 | recon=0.4927 | t=82s
  Ep 027 | step 1100/1868 | loss=1.0682 | diff=0.6382 | kd=0.3723 | recon=0.3927 | t=86s
  Ep 027 | step 1150/1868 | loss=1.1202 | diff=0.6298 | kd=0.5901 | recon=0.4314 | t=90s
  Ep 027 | step 1200/1868 | loss=1.0749 | diff=0.6234 | kd=0.4077 | recon=0.4108 | t=94s
  Ep 027 | step 1250/1868 | loss=1.0364 | diff=0.6496 | kd=0.4505 | recon=0.3417 | t=98s
  Ep 027 | step 1300/1868 | loss=1.1103 | diff=0.6237 | kd=0.6472 | recon=0.4219 | t=102s
  Ep 027 | step 1350/1868 | loss=1.0617 | diff=0.6323 | kd=0.4784 | recon=0.3815 | t=106s
  Ep 027 | step 1400/1868 | loss=1.0964 | diff=0.6240 | kd=0.6360 | recon=0.4089 | t=110s
  Ep 027 | step 1450/1868 | loss=1.1219 | diff=0.6219 | kd=0.5822 | recon=0.4418 | t=113s
  Ep 027 | step 1500/1868 | loss=1.1201 | diff=0.6251 | kd=0.4782 | recon=0.4472 | t=117s
  Ep 027 | step 1550/1868 | loss=1.0895 | diff=0.6196 | kd=0.4477 | recon=0.4251 | t=121s
  Ep 027 | step 1600/1868 | loss=1.1663 | diff=0.6850 | kd=0.4315 | recon=0.4382 | t=125s
  Ep 027 | step 1650/1868 | loss=1.1081 | diff=0.6287 | kd=0.7051 | recon=0.4089 | t=129s
  Ep 027 | step 1700/1868 | loss=1.0775 | diff=0.6226 | kd=0.5740 | recon=0.3975 | t=133s
  Ep 027 | step 1750/1868 | loss=1.0428 | diff=0.6256 | kd=0.4137 | recon=0.3759 | t=137s
  Ep 027 | step 1800/1868 | loss=1.0512 | diff=0.6175 | kd=0.3733 | recon=0.3964 | t=141s
  Ep 027 | step 1850/1868 | loss=1.0697 | diff=0.6313 | kd=0.4525 | recon=0.3932 | t=145s

  ── Epoch 027/200 (189s) ──────────────────────
  Train  loss=1.0936  diff=0.6309  kd=0.5735  recon=0.4053
  Val    loss=1.0930  RMSE=0.4895  MAE=0.4050  lr=9.56e-05

  Ep 028 | step 0000/1868 | loss=1.2005 | diff=0.6280 | kd=0.8873 | recon=0.4838 | t=1s
  Ep 028 | step 0050/1868 | loss=1.1014 | diff=0.6486 | kd=0.4231 | recon=0.4104 | t=4s
  Ep 028 | step 0100/1868 | loss=1.0655 | diff=0.6229 | kd=0.6735 | recon=0.3753 | t=8s
  Ep 028 | step 0150/1868 | loss=1.1330 | diff=0.6276 | kd=0.4053 | recon=0.4648 | t=12s
  Ep 028 | step 0200/1868 | loss=1.0438 | diff=0.6211 | kd=0.3250 | recon=0.3902 | t=16s
  Ep 028 | step 0250/1868 | loss=1.1606 | diff=0.6307 | kd=0.7272 | recon=0.4572 | t=20s
  Ep 028 | step 0300/1868 | loss=1.0525 | diff=0.6293 | kd=0.5631 | recon=0.3669 | t=24s
  Ep 028 | step 0350/1868 | loss=1.0161 | diff=0.6260 | kd=0.7288 | recon=0.3173 | t=28s
  Ep 028 | step 0400/1868 | loss=1.0450 | diff=0.6278 | kd=0.3915 | recon=0.3781 | t=32s
  Ep 028 | step 0450/1868 | loss=1.1608 | diff=0.6242 | kd=0.8478 | recon=0.4519 | t=36s
  Ep 028 | step 0500/1868 | loss=1.0114 | diff=0.6224 | kd=0.4788 | recon=0.3411 | t=39s
  Ep 028 | step 0550/1868 | loss=1.1628 | diff=0.6256 | kd=0.7226 | recon=0.4650 | t=43s
  Ep 028 | step 0600/1868 | loss=1.1106 | diff=0.6216 | kd=0.6485 | recon=0.4242 | t=47s
  Ep 028 | step 0650/1868 | loss=1.0829 | diff=0.6319 | kd=0.7491 | recon=0.3761 | t=51s
  Ep 028 | step 0700/1868 | loss=1.1332 | diff=0.6218 | kd=0.3746 | recon=0.4739 | t=55s
  Ep 028 | step 0750/1868 | loss=1.1105 | diff=0.6365 | kd=0.7670 | recon=0.3973 | t=59s
  Ep 028 | step 0800/1868 | loss=1.0842 | diff=0.6252 | kd=0.3710 | recon=0.4219 | t=63s
  Ep 028 | step 0850/1868 | loss=1.0973 | diff=0.6273 | kd=0.5041 | recon=0.4195 | t=67s
  Ep 028 | step 0900/1868 | loss=1.0177 | diff=0.6406 | kd=0.4636 | recon=0.3308 | t=71s
  Ep 028 | step 0950/1868 | loss=1.1637 | diff=0.7179 | kd=0.6523 | recon=0.3806 | t=74s
  Ep 028 | step 1000/1868 | loss=1.0102 | diff=0.6240 | kd=0.3181 | recon=0.3543 | t=78s
  Ep 028 | step 1050/1868 | loss=1.1474 | diff=0.6334 | kd=0.7289 | recon=0.4410 | t=82s
  Ep 028 | step 1100/1868 | loss=1.0856 | diff=0.6225 | kd=0.4887 | recon=0.4142 | t=86s
  Ep 028 | step 1150/1868 | loss=1.0378 | diff=0.6211 | kd=0.7672 | recon=0.3399 | t=90s
  Ep 028 | step 1200/1868 | loss=1.0141 | diff=0.6255 | kd=0.5690 | recon=0.3318 | t=94s
  Ep 028 | step 1250/1868 | loss=1.1250 | diff=0.6221 | kd=0.5411 | recon=0.4488 | t=98s
  Ep 028 | step 1300/1868 | loss=1.1167 | diff=0.6197 | kd=0.4938 | recon=0.4477 | t=102s
  Ep 028 | step 1350/1868 | loss=1.0732 | diff=0.6257 | kd=0.5842 | recon=0.3891 | t=105s
  Ep 028 | step 1400/1868 | loss=1.1139 | diff=0.6230 | kd=0.8950 | recon=0.4014 | t=109s
  Ep 028 | step 1450/1868 | loss=1.0647 | diff=0.6232 | kd=0.5514 | recon=0.3864 | t=113s
  Ep 028 | step 1500/1868 | loss=1.1426 | diff=0.6256 | kd=0.4889 | recon=0.4681 | t=117s
  Ep 028 | step 1550/1868 | loss=1.0634 | diff=0.6312 | kd=0.4794 | recon=0.3842 | t=121s
  Ep 028 | step 1600/1868 | loss=1.0808 | diff=0.6815 | kd=0.6381 | recon=0.3356 | t=125s
  Ep 028 | step 1650/1868 | loss=1.0545 | diff=0.6235 | kd=0.7068 | recon=0.3604 | t=129s
  Ep 028 | step 1700/1868 | loss=1.1333 | diff=0.7001 | kd=0.5995 | recon=0.3733 | t=133s
  Ep 028 | step 1750/1868 | loss=1.0840 | diff=0.6663 | kd=0.5311 | recon=0.3646 | t=136s
  Ep 028 | step 1800/1868 | loss=1.1164 | diff=0.6490 | kd=0.6116 | recon=0.4062 | t=140s
  Ep 028 | step 1850/1868 | loss=1.0903 | diff=0.6249 | kd=0.7579 | recon=0.3896 | t=144s

  ── Epoch 028/200 (188s) ──────────────────────
  Train  loss=1.0926  diff=0.6301  kd=0.5723  recon=0.4053
  Val    loss=1.0829  RMSE=0.4895  MAE=0.4050  lr=9.53e-05
  [BEST] Checkpoint saved → checkpoints/best_model.pth

  Ep 029 | step 0000/1868 | loss=1.0914 | diff=0.6230 | kd=0.5021 | recon=0.4182 | t=1s
  Ep 029 | step 0050/1868 | loss=1.0853 | diff=0.6198 | kd=0.6007 | recon=0.4054 | t=4s
  Ep 029 | step 0100/1868 | loss=1.1487 | diff=0.7060 | kd=0.7521 | recon=0.3674 | t=8s
  Ep 029 | step 0150/1868 | loss=1.0658 | diff=0.6253 | kd=0.4590 | recon=0.3946 | t=12s
  Ep 029 | step 0200/1868 | loss=1.1399 | diff=0.6202 | kd=0.4778 | recon=0.4719 | t=16s
  Ep 029 | step 0250/1868 | loss=1.0069 | diff=0.6205 | kd=0.6457 | recon=0.3218 | t=20s
  Ep 029 | step 0300/1868 | loss=1.1904 | diff=0.6239 | kd=0.8056 | recon=0.4859 | t=24s
  Ep 029 | step 0350/1868 | loss=1.0143 | diff=0.6307 | kd=0.5704 | recon=0.3266 | t=28s
  Ep 029 | step 0400/1868 | loss=1.0484 | diff=0.6335 | kd=0.3566 | recon=0.3792 | t=32s
  Ep 029 | step 0450/1868 | loss=1.1103 | diff=0.6324 | kd=0.5104 | recon=0.4269 | t=36s
  Ep 029 | step 0500/1868 | loss=1.0294 | diff=0.6224 | kd=0.4324 | recon=0.3638 | t=39s
  Ep 029 | step 0550/1868 | loss=1.1213 | diff=0.6226 | kd=0.6853 | recon=0.4301 | t=43s
  Ep 029 | step 0600/1868 | loss=1.0996 | diff=0.6225 | kd=0.4714 | recon=0.4300 | t=47s
  Ep 029 | step 0650/1868 | loss=1.0226 | diff=0.6196 | kd=0.5090 | recon=0.3521 | t=51s
  Ep 029 | step 0700/1868 | loss=1.0995 | diff=0.6228 | kd=0.5061 | recon=0.4261 | t=55s
  Ep 029 | step 0750/1868 | loss=1.0253 | diff=0.6334 | kd=0.5679 | recon=0.3352 | t=59s
  Ep 029 | step 0800/1868 | loss=1.1251 | diff=0.6306 | kd=0.6038 | recon=0.4342 | t=63s
  Ep 029 | step 0850/1868 | loss=1.0645 | diff=0.6217 | kd=0.5276 | recon=0.3901 | t=67s
  Ep 029 | step 0900/1868 | loss=1.0246 | diff=0.6228 | kd=0.5900 | recon=0.3428 | t=71s
  Ep 029 | step 0950/1868 | loss=1.0902 | diff=0.6253 | kd=0.4880 | recon=0.4161 | t=75s
  Ep 029 | step 1000/1868 | loss=1.0736 | diff=0.6169 | kd=0.4658 | recon=0.4101 | t=78s
  Ep 029 | step 1050/1868 | loss=1.1587 | diff=0.6301 | kd=0.6542 | recon=0.4632 | t=82s
  Ep 029 | step 1100/1868 | loss=1.0943 | diff=0.6212 | kd=0.6191 | recon=0.4112 | t=86s
  Ep 029 | step 1150/1868 | loss=1.1087 | diff=0.6241 | kd=0.4607 | recon=0.4385 | t=90s
  Ep 029 | step 1200/1868 | loss=1.0353 | diff=0.6224 | kd=0.5153 | recon=0.3614 | t=94s
  Ep 029 | step 1250/1868 | loss=1.0607 | diff=0.6197 | kd=0.3916 | recon=0.4018 | t=98s
  Ep 029 | step 1300/1868 | loss=1.1311 | diff=0.6248 | kd=0.6336 | recon=0.4430 | t=102s
  Ep 029 | step 1350/1868 | loss=1.1301 | diff=0.6255 | kd=0.4362 | recon=0.4610 | t=106s
  Ep 029 | step 1400/1868 | loss=1.0341 | diff=0.6270 | kd=0.3425 | recon=0.3728 | t=110s
  Ep 029 | step 1450/1868 | loss=1.1096 | diff=0.6370 | kd=0.5283 | recon=0.4198 | t=113s
  Ep 029 | step 1500/1868 | loss=1.0179 | diff=0.6234 | kd=0.5262 | recon=0.3418 | t=117s
  Ep 029 | step 1550/1868 | loss=1.0499 | diff=0.6202 | kd=0.4131 | recon=0.3884 | t=121s
  Ep 029 | step 1600/1868 | loss=1.0301 | diff=0.6246 | kd=0.4874 | recon=0.3567 | t=125s
  Ep 029 | step 1650/1868 | loss=1.1046 | diff=0.6235 | kd=0.4153 | recon=0.4396 | t=129s
  Ep 029 | step 1700/1868 | loss=1.1158 | diff=0.6271 | kd=0.5988 | recon=0.4288 | t=133s
  Ep 029 | step 1750/1868 | loss=1.0642 | diff=0.6308 | kd=0.5330 | recon=0.3802 | t=137s
  Ep 029 | step 1800/1868 | loss=1.0733 | diff=0.6224 | kd=0.4893 | recon=0.4019 | t=141s
  Ep 029 | step 1850/1868 | loss=1.1486 | diff=0.6223 | kd=0.5007 | recon=0.4762 | t=145s

  ── Epoch 029/200 (189s) ──────────────────────
  Train  loss=1.0896  diff=0.6281  kd=0.5618  recon=0.4053
  Val    loss=1.0876  RMSE=0.4894  MAE=0.4050  lr=9.50e-05

  Ep 030 | step 0000/1868 | loss=1.1637 | diff=0.7112 | kd=0.5064 | recon=0.4018 | t=1s
  Ep 030 | step 0050/1868 | loss=1.0788 | diff=0.6251 | kd=0.8492 | recon=0.3688 | t=4s
  Ep 030 | step 0100/1868 | loss=1.0868 | diff=0.6245 | kd=0.6099 | recon=0.4013 | t=8s
  Ep 030 | step 0150/1868 | loss=1.0562 | diff=0.6331 | kd=0.6048 | recon=0.3627 | t=12s
  Ep 030 | step 0200/1868 | loss=1.0383 | diff=0.6194 | kd=0.6970 | recon=0.3492 | t=16s
  Ep 030 | step 0250/1868 | loss=1.0169 | diff=0.6206 | kd=0.5173 | recon=0.3446 | t=20s
  Ep 030 | step 0300/1868 | loss=1.0660 | diff=0.6257 | kd=0.4339 | recon=0.3969 | t=24s
  Ep 030 | step 0350/1868 | loss=1.0603 | diff=0.6244 | kd=0.3692 | recon=0.3990 | t=28s
  Ep 030 | step 0400/1868 | loss=1.0394 | diff=0.6248 | kd=0.3942 | recon=0.3751 | t=32s
  Ep 030 | step 0450/1868 | loss=1.0096 | diff=0.6275 | kd=0.4553 | recon=0.3366 | t=36s
  Ep 030 | step 0500/1868 | loss=1.0554 | diff=0.6276 | kd=0.4690 | recon=0.3809 | t=39s
  Ep 030 | step 0550/1868 | loss=1.1599 | diff=0.6177 | kd=0.3395 | recon=0.5082 | t=43s
  Ep 030 | step 0600/1868 | loss=1.0889 | diff=0.6289 | kd=0.5150 | recon=0.4085 | t=47s
  Ep 030 | step 0650/1868 | loss=1.1442 | diff=0.6253 | kd=0.8312 | recon=0.4358 | t=51s
  Ep 030 | step 0700/1868 | loss=1.0372 | diff=0.6252 | kd=0.5000 | recon=0.3619 | t=55s
  Ep 030 | step 0750/1868 | loss=1.0752 | diff=0.6310 | kd=0.6040 | recon=0.3838 | t=59s
  Ep 030 | step 0800/1868 | loss=1.0125 | diff=0.6177 | kd=0.3944 | recon=0.3554 | t=63s
  Ep 030 | step 0850/1868 | loss=1.1479 | diff=0.6242 | kd=0.6122 | recon=0.4625 | t=67s
  Ep 030 | step 0900/1868 | loss=1.0610 | diff=0.6205 | kd=0.7305 | recon=0.3675 | t=71s
  Ep 030 | step 0950/1868 | loss=1.0785 | diff=0.6255 | kd=0.5695 | recon=0.3961 | t=74s
  Ep 030 | step 1000/1868 | loss=1.2233 | diff=0.6207 | kd=0.7042 | recon=0.5322 | t=78s
  Ep 030 | step 1050/1868 | loss=1.1283 | diff=0.6178 | kd=0.4685 | recon=0.4636 | t=82s
  Ep 030 | step 1100/1868 | loss=1.0055 | diff=0.6252 | kd=0.4345 | recon=0.3369 | t=86s
  Ep 030 | step 1150/1868 | loss=1.1262 | diff=0.6242 | kd=0.3929 | recon=0.4628 | t=90s
  Ep 030 | step 1200/1868 | loss=1.0969 | diff=0.6217 | kd=0.3879 | recon=0.4364 | t=94s
  Ep 030 | step 1250/1868 | loss=1.0353 | diff=0.6215 | kd=0.6435 | recon=0.3494 | t=98s
  Ep 030 | step 1300/1868 | loss=1.1859 | diff=0.6253 | kd=0.5300 | recon=0.5076 | t=102s
  Ep 030 | step 1350/1868 | loss=1.0365 | diff=0.6416 | kd=0.3326 | recon=0.3616 | t=106s
  Ep 030 | step 1400/1868 | loss=1.1087 | diff=0.6993 | kd=0.6826 | recon=0.3411 | t=109s
  Ep 030 | step 1450/1868 | loss=1.0971 | diff=0.6278 | kd=0.7614 | recon=0.3932 | t=113s
  Ep 030 | step 1500/1868 | loss=1.1591 | diff=0.6218 | kd=0.5268 | recon=0.4846 | t=117s
  Ep 030 | step 1550/1868 | loss=1.0191 | diff=0.6239 | kd=0.3909 | recon=0.3561 | t=121s
  Ep 030 | step 1600/1868 | loss=1.2009 | diff=0.6203 | kd=0.5027 | recon=0.5303 | t=125s
  Ep 030 | step 1650/1868 | loss=1.1173 | diff=0.6347 | kd=0.6957 | recon=0.4130 | t=129s
  Ep 030 | step 1700/1868 | loss=1.0882 | diff=0.6405 | kd=0.4683 | recon=0.4008 | t=133s
  Ep 030 | step 1750/1868 | loss=1.1280 | diff=0.6253 | kd=0.4633 | recon=0.4563 | t=137s
  Ep 030 | step 1800/1868 | loss=1.1055 | diff=0.6267 | kd=0.8718 | recon=0.3916 | t=141s
  Ep 030 | step 1850/1868 | loss=1.1481 | diff=0.6294 | kd=0.7520 | recon=0.4436 | t=144s

  ── Epoch 030/200 (189s) ──────────────────────
  Train  loss=1.0903  diff=0.6294  kd=0.5548  recon=0.4054
  Val    loss=1.0865  RMSE=0.4895  MAE=0.4050  lr=9.46e-05
  [EP30] Checkpoint saved → checkpoints/epoch_030.pth

  Ep 031 | step 0000/1868 | loss=1.0296 | diff=0.6462 | kd=0.3866 | recon=0.3447 | t=1s
  Ep 031 | step 0050/1868 | loss=1.1302 | diff=0.6245 | kd=0.6494 | recon=0.4408 | t=4s
  Ep 031 | step 0100/1868 | loss=1.0767 | diff=0.6274 | kd=0.6296 | recon=0.3863 | t=8s
  Ep 031 | step 0150/1868 | loss=0.9820 | diff=0.6235 | kd=0.4284 | recon=0.3156 | t=12s
  Ep 031 | step 0200/1868 | loss=1.0578 | diff=0.6215 | kd=0.8307 | recon=0.3532 | t=16s
  Ep 031 | step 0250/1868 | loss=1.0585 | diff=0.6282 | kd=0.3674 | recon=0.3936 | t=20s
  Ep 031 | step 0300/1868 | loss=1.0243 | diff=0.6296 | kd=0.4767 | recon=0.3470 | t=24s
  Ep 031 | step 0350/1868 | loss=1.0417 | diff=0.6567 | kd=0.6248 | recon=0.3226 | t=28s
  Ep 031 | step 0400/1868 | loss=1.0873 | diff=0.6277 | kd=0.4803 | recon=0.4116 | t=32s
  Ep 031 | step 0450/1868 | loss=1.1319 | diff=0.6308 | kd=0.8115 | recon=0.4199 | t=36s
  Ep 031 | step 0500/1868 | loss=1.0623 | diff=0.6261 | kd=0.6254 | recon=0.3738 | t=40s
  Ep 031 | step 0550/1868 | loss=1.0978 | diff=0.6239 | kd=0.7038 | recon=0.4035 | t=44s
  Ep 031 | step 0600/1868 | loss=0.9866 | diff=0.6282 | kd=0.5319 | recon=0.3052 | t=47s
  Ep 031 | step 0650/1868 | loss=1.0362 | diff=0.6207 | kd=0.4417 | recon=0.3713 | t=51s
  Ep 031 | step 0700/1868 | loss=1.1173 | diff=0.6304 | kd=0.5713 | recon=0.4297 | t=55s
  Ep 031 | step 0750/1868 | loss=1.0375 | diff=0.6231 | kd=0.5861 | recon=0.3558 | t=59s
  Ep 031 | step 0800/1868 | loss=1.1384 | diff=0.6250 | kd=0.7255 | recon=0.4409 | t=63s
  Ep 031 | step 0850/1868 | loss=1.0956 | diff=0.6338 | kd=0.5114 | recon=0.4106 | t=67s
  Ep 031 | step 0900/1868 | loss=1.0528 | diff=0.6198 | kd=0.5353 | recon=0.3794 | t=71s
  Ep 031 | step 0950/1868 | loss=1.0604 | diff=0.6217 | kd=0.4708 | recon=0.3915 | t=75s
  Ep 031 | step 1000/1868 | loss=1.1569 | diff=0.6448 | kd=0.3935 | recon=0.4727 | t=79s
  Ep 031 | step 1050/1868 | loss=1.0382 | diff=0.6198 | kd=0.5326 | recon=0.3651 | t=83s
  Ep 031 | step 1100/1868 | loss=1.0559 | diff=0.6202 | kd=0.5441 | recon=0.3812 | t=86s
  Ep 031 | step 1150/1868 | loss=1.0919 | diff=0.6300 | kd=0.4860 | recon=0.4133 | t=90s
  Ep 031 | step 1200/1868 | loss=1.2050 | diff=0.6539 | kd=0.5230 | recon=0.4988 | t=94s
  Ep 031 | step 1250/1868 | loss=1.1466 | diff=0.6270 | kd=0.4855 | recon=0.4711 | t=98s
  Ep 031 | step 1300/1868 | loss=1.1893 | diff=0.6211 | kd=0.3929 | recon=0.5289 | t=102s
  Ep 031 | step 1350/1868 | loss=1.0144 | diff=0.6260 | kd=0.5587 | recon=0.3325 | t=106s
  Ep 031 | step 1400/1868 | loss=1.0771 | diff=0.6226 | kd=0.6335 | recon=0.3912 | t=110s
  Ep 031 | step 1450/1868 | loss=1.0404 | diff=0.6227 | kd=0.5449 | recon=0.3632 | t=114s
  Ep 031 | step 1500/1868 | loss=1.0367 | diff=0.6240 | kd=0.4388 | recon=0.3688 | t=118s
  Ep 031 | step 1550/1868 | loss=1.0790 | diff=0.6259 | kd=0.8287 | recon=0.3702 | t=122s
  Ep 031 | step 1600/1868 | loss=1.0692 | diff=0.6235 | kd=0.5212 | recon=0.3937 | t=126s
  Ep 031 | step 1650/1868 | loss=1.0754 | diff=0.6256 | kd=0.7713 | recon=0.3727 | t=130s
  Ep 031 | step 1700/1868 | loss=1.0374 | diff=0.6338 | kd=0.4863 | recon=0.3550 | t=134s
  Ep 031 | step 1750/1868 | loss=1.0194 | diff=0.6194 | kd=0.5580 | recon=0.3442 | t=138s
  Ep 031 | step 1800/1868 | loss=1.0897 | diff=0.6220 | kd=0.5444 | recon=0.4133 | t=142s
  Ep 031 | step 1850/1868 | loss=1.1696 | diff=0.6315 | kd=0.5230 | recon=0.4858 | t=146s

  ── Epoch 031/200 (190s) ──────────────────────
  Train  loss=1.0903  diff=0.6294  kd=0.5556  recon=0.4054
  Val    loss=1.0858  RMSE=0.4894  MAE=0.4050  lr=9.42e-05

  Ep 032 | step 0000/1868 | loss=0.9954 | diff=0.6487 | kd=0.4597 | recon=0.3008 | t=1s
  Ep 032 | step 0050/1868 | loss=1.0371 | diff=0.6241 | kd=0.3211 | recon=0.3809 | t=5s
  Ep 032 | step 0100/1868 | loss=1.0463 | diff=0.6190 | kd=0.6152 | recon=0.3658 | t=9s
  Ep 032 | step 0150/1868 | loss=1.1859 | diff=0.6225 | kd=0.4807 | recon=0.5154 | t=12s
  Ep 032 | step 0200/1868 | loss=1.1752 | diff=0.6302 | kd=0.4452 | recon=0.5004 | t=16s
  Ep 032 | step 0250/1868 | loss=1.1248 | diff=0.6235 | kd=1.0055 | recon=0.4007 | t=20s
  Ep 032 | step 0300/1868 | loss=1.1431 | diff=0.6187 | kd=0.7332 | recon=0.4512 | t=24s
  Ep 032 | step 0350/1868 | loss=1.1242 | diff=0.6228 | kd=0.3712 | recon=0.4643 | t=28s
  Ep 032 | step 0400/1868 | loss=1.0619 | diff=0.6306 | kd=0.6291 | recon=0.3684 | t=32s
  Ep 032 | step 0450/1868 | loss=1.0455 | diff=0.6182 | kd=0.6138 | recon=0.3659 | t=36s
  Ep 032 | step 0500/1868 | loss=1.0284 | diff=0.6232 | kd=0.4186 | recon=0.3634 | t=40s
  Ep 032 | step 0550/1868 | loss=1.0446 | diff=0.6284 | kd=0.4744 | recon=0.3688 | t=44s
  Ep 032 | step 0600/1868 | loss=0.9713 | diff=0.6200 | kd=0.4095 | recon=0.3103 | t=48s
  Ep 032 | step 0650/1868 | loss=1.1105 | diff=0.6238 | kd=0.4258 | recon=0.4441 | t=52s
  Ep 032 | step 0700/1868 | loss=1.0258 | diff=0.6203 | kd=0.5866 | recon=0.3468 | t=56s
  Ep 032 | step 0750/1868 | loss=1.1066 | diff=0.6398 | kd=0.7064 | recon=0.3961 | t=59s
  Ep 032 | step 0800/1868 | loss=0.9991 | diff=0.6219 | kd=0.3048 | recon=0.3467 | t=63s
  Ep 032 | step 0850/1868 | loss=1.1490 | diff=0.6253 | kd=0.4952 | recon=0.4741 | t=67s
  Ep 032 | step 0900/1868 | loss=1.1237 | diff=0.6224 | kd=0.8452 | recon=0.4168 | t=71s
  Ep 032 | step 0950/1868 | loss=1.0696 | diff=0.6263 | kd=0.5565 | recon=0.3876 | t=75s
  Ep 032 | step 1000/1868 | loss=1.1682 | diff=0.6246 | kd=0.6238 | recon=0.4813 | t=79s
  Ep 032 | step 1050/1868 | loss=0.9903 | diff=0.6247 | kd=0.3606 | recon=0.3295 | t=83s
  Ep 032 | step 1100/1868 | loss=1.0383 | diff=0.6189 | kd=0.8353 | recon=0.3359 | t=87s
  Ep 032 | step 1150/1868 | loss=1.1330 | diff=0.7225 | kd=0.4303 | recon=0.3675 | t=91s
  Ep 032 | step 1200/1868 | loss=1.1472 | diff=0.6577 | kd=0.4948 | recon=0.4400 | t=95s
  Ep 032 | step 1250/1868 | loss=1.1210 | diff=0.6224 | kd=0.7005 | recon=0.4285 | t=99s
  Ep 032 | step 1300/1868 | loss=1.1856 | diff=0.6945 | kd=0.6489 | recon=0.4262 | t=103s
  Ep 032 | step 1350/1868 | loss=1.0748 | diff=0.6176 | kd=0.4237 | recon=0.4149 | t=107s
  Ep 032 | step 1400/1868 | loss=1.1112 | diff=0.6231 | kd=0.7753 | recon=0.4106 | t=111s
  Ep 032 | step 1450/1868 | loss=1.0355 | diff=0.6199 | kd=0.3944 | recon=0.3762 | t=114s
  Ep 032 | step 1500/1868 | loss=1.0781 | diff=0.6198 | kd=0.6624 | recon=0.3920 | t=118s
  Ep 032 | step 1550/1868 | loss=1.0395 | diff=0.6230 | kd=0.3798 | recon=0.3785 | t=122s
  Ep 032 | step 1600/1868 | loss=1.0265 | diff=0.6278 | kd=0.5414 | recon=0.3446 | t=126s
  Ep 032 | step 1650/1868 | loss=1.0469 | diff=0.6209 | kd=0.3987 | recon=0.3862 | t=130s
  Ep 032 | step 1700/1868 | loss=1.1208 | diff=0.6241 | kd=1.0556 | recon=0.3911 | t=134s
  Ep 032 | step 1750/1868 | loss=1.1706 | diff=0.6191 | kd=0.9201 | recon=0.4595 | t=138s
  Ep 032 | step 1800/1868 | loss=1.0078 | diff=0.6199 | kd=0.4400 | recon=0.3439 | t=142s
  Ep 032 | step 1850/1868 | loss=1.0467 | diff=0.6244 | kd=0.4848 | recon=0.3739 | t=146s

  ── Epoch 032/200 (190s) ──────────────────────
  Train  loss=1.0882  diff=0.6283  kd=0.5458  recon=0.4053
  Val    loss=1.0872  RMSE=0.4895  MAE=0.4050  lr=9.39e-05

  Ep 033 | step 0000/1868 | loss=1.0768 | diff=0.6263 | kd=0.5257 | recon=0.3979 | t=1s
  Ep 033 | step 0050/1868 | loss=1.0905 | diff=0.6217 | kd=0.4624 | recon=0.4225 | t=5s
  Ep 033 | step 0100/1868 | loss=1.1097 | diff=0.6198 | kd=0.5289 | recon=0.4370 | t=8s
  Ep 033 | step 0150/1868 | loss=1.0507 | diff=0.6223 | kd=0.4334 | recon=0.3851 | t=12s
  Ep 033 | step 0200/1868 | loss=1.0704 | diff=0.6207 | kd=0.5908 | recon=0.3906 | t=16s
  Ep 033 | step 0250/1868 | loss=1.1084 | diff=0.6192 | kd=0.8600 | recon=0.4032 | t=20s
  Ep 033 | step 0300/1868 | loss=1.0704 | diff=0.6205 | kd=0.4937 | recon=0.4005 | t=24s
  Ep 033 | step 0350/1868 | loss=1.0491 | diff=0.6194 | kd=0.4633 | recon=0.3834 | t=28s
  Ep 033 | step 0400/1868 | loss=1.1267 | diff=0.6190 | kd=0.3078 | recon=0.4769 | t=32s
  Ep 033 | step 0450/1868 | loss=1.0441 | diff=0.6303 | kd=0.4432 | recon=0.3694 | t=36s
  Ep 033 | step 0500/1868 | loss=1.1418 | diff=0.7094 | kd=0.5933 | recon=0.3731 | t=40s
  Ep 033 | step 0550/1868 | loss=1.0779 | diff=0.6314 | kd=0.6043 | recon=0.3861 | t=44s
  Ep 033 | step 0600/1868 | loss=1.0879 | diff=0.6236 | kd=0.4653 | recon=0.4178 | t=48s
  Ep 033 | step 0650/1868 | loss=1.0861 | diff=0.6185 | kd=0.7144 | recon=0.3962 | t=52s
  Ep 033 | step 0700/1868 | loss=1.0705 | diff=0.6238 | kd=0.5243 | recon=0.3942 | t=56s
  Ep 033 | step 0750/1868 | loss=1.0698 | diff=0.6243 | kd=0.3887 | recon=0.4066 | t=60s
  Ep 033 | step 0800/1868 | loss=1.0804 | diff=0.6217 | kd=0.3680 | recon=0.4219 | t=63s
  Ep 033 | step 0850/1868 | loss=1.0470 | diff=0.6266 | kd=0.5227 | recon=0.3682 | t=67s
  Ep 033 | step 0900/1868 | loss=1.0935 | diff=0.6801 | kd=0.5343 | recon=0.3600 | t=71s
  Ep 033 | step 0950/1868 | loss=1.1789 | diff=0.6241 | kd=0.9022 | recon=0.4646 | t=75s
  Ep 033 | step 1000/1868 | loss=1.0341 | diff=0.6198 | kd=0.5150 | recon=0.3627 | t=79s
  Ep 033 | step 1050/1868 | loss=1.1606 | diff=0.7028 | kd=0.6080 | recon=0.3970 | t=83s
  Ep 033 | step 1100/1868 | loss=1.0656 | diff=0.6214 | kd=0.4586 | recon=0.3984 | t=87s
  Ep 033 | step 1150/1868 | loss=1.1083 | diff=0.6182 | kd=0.4789 | recon=0.4423 | t=91s
  Ep 033 | step 1200/1868 | loss=1.0818 | diff=0.6230 | kd=0.4428 | recon=0.4145 | t=95s
  Ep 033 | step 1250/1868 | loss=1.0191 | diff=0.6220 | kd=0.4381 | recon=0.3533 | t=99s
  Ep 033 | step 1300/1868 | loss=1.1223 | diff=0.6190 | kd=0.5531 | recon=0.4480 | t=103s
  Ep 033 | step 1350/1868 | loss=1.0507 | diff=0.6217 | kd=0.4314 | recon=0.3858 | t=107s
  Ep 033 | step 1400/1868 | loss=1.0531 | diff=0.6183 | kd=0.5553 | recon=0.3793 | t=111s
  Ep 033 | step 1450/1868 | loss=1.0387 | diff=0.6232 | kd=0.3507 | recon=0.3804 | t=115s
  Ep 033 | step 1500/1868 | loss=1.1007 | diff=0.6173 | kd=0.3372 | recon=0.4496 | t=119s
  Ep 033 | step 1550/1868 | loss=1.1928 | diff=0.6373 | kd=0.7331 | recon=0.4821 | t=123s
  Ep 033 | step 1600/1868 | loss=1.0053 | diff=0.6247 | kd=0.3728 | recon=0.3433 | t=127s
  Ep 033 | step 1650/1868 | loss=1.0709 | diff=0.6362 | kd=0.4688 | recon=0.3878 | t=130s
  Ep 033 | step 1700/1868 | loss=1.0702 | diff=0.6277 | kd=0.4004 | recon=0.4025 | t=134s
  Ep 033 | step 1750/1868 | loss=1.0638 | diff=0.6248 | kd=0.5370 | recon=0.3853 | t=138s
  Ep 033 | step 1800/1868 | loss=1.1258 | diff=0.6161 | kd=0.5653 | recon=0.4532 | t=142s
  Ep 033 | step 1850/1868 | loss=1.0778 | diff=0.6213 | kd=0.5226 | recon=0.4042 | t=146s

  ── Epoch 033/200 (190s) ──────────────────────
  Train  loss=1.0868  diff=0.6272  kd=0.5420  recon=0.4053
  Val    loss=1.0883  RMSE=0.4895  MAE=0.4050  lr=9.35e-05

  Ep 034 | step 0000/1868 | loss=1.0828 | diff=0.6243 | kd=0.4705 | recon=0.4114 | t=1s
  Ep 034 | step 0050/1868 | loss=1.0591 | diff=0.6175 | kd=0.7693 | recon=0.3646 | t=5s
  Ep 034 | step 0100/1868 | loss=1.0560 | diff=0.6220 | kd=0.7110 | recon=0.3629 | t=8s
  Ep 034 | step 0150/1868 | loss=0.9766 | diff=0.6138 | kd=0.3503 | recon=0.3278 | t=12s
  Ep 034 | step 0200/1868 | loss=1.0892 | diff=0.6445 | kd=0.3394 | recon=0.4107 | t=16s
  Ep 034 | step 0250/1868 | loss=1.0964 | diff=0.6271 | kd=0.5692 | recon=0.4124 | t=20s
  Ep 034 | step 0300/1868 | loss=1.0829 | diff=0.6283 | kd=0.3846 | recon=0.4161 | t=24s
  Ep 034 | step 0350/1868 | loss=1.1483 | diff=0.6223 | kd=0.5403 | recon=0.4719 | t=28s
  Ep 034 | step 0400/1868 | loss=1.1239 | diff=0.6198 | kd=0.5637 | recon=0.4477 | t=32s
  Ep 034 | step 0450/1868 | loss=1.0793 | diff=0.6382 | kd=0.3507 | recon=0.4060 | t=36s
  Ep 034 | step 0500/1868 | loss=1.0183 | diff=0.6163 | kd=0.3968 | recon=0.3623 | t=40s
  Ep 034 | step 0550/1868 | loss=1.1240 | diff=0.6302 | kd=0.3756 | recon=0.4563 | t=44s
  Ep 034 | step 0600/1868 | loss=1.0589 | diff=0.6242 | kd=0.5091 | recon=0.3838 | t=48s
  Ep 034 | step 0650/1868 | loss=1.1612 | diff=0.6237 | kd=0.5689 | recon=0.4806 | t=52s
  Ep 034 | step 0700/1868 | loss=1.0625 | diff=0.6255 | kd=0.5571 | recon=0.3813 | t=56s
  Ep 034 | step 0750/1868 | loss=1.0651 | diff=0.6551 | kd=0.4038 | recon=0.3696 | t=60s
  Ep 034 | step 0800/1868 | loss=1.0979 | diff=0.6219 | kd=0.9672 | recon=0.3793 | t=63s
  Ep 034 | step 0850/1868 | loss=1.0446 | diff=0.6374 | kd=0.4870 | recon=0.3585 | t=67s
  Ep 034 | step 0900/1868 | loss=1.0663 | diff=0.6233 | kd=0.7203 | recon=0.3710 | t=71s
  Ep 034 | step 0950/1868 | loss=1.1101 | diff=0.6326 | kd=0.5996 | recon=0.4176 | t=75s
  Ep 034 | step 1000/1868 | loss=1.0499 | diff=0.6191 | kd=0.6480 | recon=0.3660 | t=79s
  Ep 034 | step 1050/1868 | loss=1.1151 | diff=0.6239 | kd=0.5821 | recon=0.4330 | t=83s
  Ep 034 | step 1100/1868 | loss=1.0611 | diff=0.6286 | kd=0.4227 | recon=0.3902 | t=87s
  Ep 034 | step 1150/1868 | loss=1.0215 | diff=0.6210 | kd=0.4918 | recon=0.3513 | t=91s
  Ep 034 | step 1200/1868 | loss=1.0374 | diff=0.6235 | kd=0.4463 | recon=0.3693 | t=95s
  Ep 034 | step 1250/1868 | loss=1.0567 | diff=0.6187 | kd=0.5211 | recon=0.3858 | t=99s
  Ep 034 | step 1300/1868 | loss=1.1197 | diff=0.6203 | kd=0.5724 | recon=0.4422 | t=103s
  Ep 034 | step 1350/1868 | loss=1.0061 | diff=0.6297 | kd=0.3280 | recon=0.3437 | t=107s
  Ep 034 | step 1400/1868 | loss=1.0479 | diff=0.6226 | kd=0.3249 | recon=0.3928 | t=111s
  Ep 034 | step 1450/1868 | loss=1.0749 | diff=0.6189 | kd=0.9405 | recon=0.3619 | t=114s
  Ep 034 | step 1500/1868 | loss=1.0680 | diff=0.6173 | kd=0.5854 | recon=0.3922 | t=118s
  Ep 034 | step 1550/1868 | loss=1.1939 | diff=0.6219 | kd=0.9471 | recon=0.4773 | t=122s
  Ep 034 | step 1600/1868 | loss=0.9978 | diff=0.6218 | kd=0.4921 | recon=0.3268 | t=126s
  Ep 034 | step 1650/1868 | loss=1.0173 | diff=0.6279 | kd=0.5244 | recon=0.3370 | t=130s
  Ep 034 | step 1700/1868 | loss=1.1146 | diff=0.6247 | kd=0.8071 | recon=0.4092 | t=134s
  Ep 034 | step 1750/1868 | loss=1.1118 | diff=0.6464 | kd=0.8036 | recon=0.3851 | t=138s
  Ep 034 | step 1800/1868 | loss=1.1019 | diff=0.6240 | kd=0.3659 | recon=0.4413 | t=142s
  Ep 034 | step 1850/1868 | loss=1.1250 | diff=0.6288 | kd=0.5004 | recon=0.4462 | t=146s

  ── Epoch 034/200 (190s) ──────────────────────
  Train  loss=1.0868  diff=0.6278  kd=0.5365  recon=0.4053
  Val    loss=1.0794  RMSE=0.4895  MAE=0.4050  lr=9.31e-05
  [BEST] Checkpoint saved → checkpoints/best_model.pth

  Ep 035 | step 0000/1868 | loss=1.1091 | diff=0.6207 | kd=0.5843 | recon=0.4300 | t=1s
  Ep 035 | step 0050/1868 | loss=1.0769 | diff=0.6259 | kd=0.5544 | recon=0.3956 | t=5s
  Ep 035 | step 0100/1868 | loss=1.0836 | diff=0.6246 | kd=0.4406 | recon=0.4149 | t=8s
  Ep 035 | step 0150/1868 | loss=1.0683 | diff=0.6216 | kd=0.4952 | recon=0.3972 | t=12s
  Ep 035 | step 0200/1868 | loss=1.0219 | diff=0.6195 | kd=0.3740 | recon=0.3650 | t=16s
  Ep 035 | step 0250/1868 | loss=1.0354 | diff=0.6183 | kd=0.4535 | recon=0.3718 | t=20s
  Ep 035 | step 0300/1868 | loss=1.1857 | diff=0.6301 | kd=0.7864 | recon=0.4770 | t=24s
  Ep 035 | step 0350/1868 | loss=1.0873 | diff=0.6190 | kd=0.4358 | recon=0.4247 | t=28s
  Ep 035 | step 0400/1868 | loss=1.1502 | diff=0.6313 | kd=0.5058 | recon=0.4683 | t=32s
  Ep 035 | step 0450/1868 | loss=1.0277 | diff=0.6288 | kd=0.6089 | recon=0.3380 | t=36s
  Ep 035 | step 0500/1868 | loss=1.0568 | diff=0.6209 | kd=0.4771 | recon=0.3881 | t=40s
  Ep 035 | step 0550/1868 | loss=1.0795 | diff=0.6235 | kd=0.6874 | recon=0.3873 | t=44s
  Ep 035 | step 0600/1868 | loss=1.1041 | diff=0.6185 | kd=0.5537 | recon=0.4302 | t=48s
  Ep 035 | step 0650/1868 | loss=1.1191 | diff=0.6223 | kd=0.7660 | recon=0.4202 | t=51s
  Ep 035 | step 0700/1868 | loss=1.0701 | diff=0.6232 | kd=0.4307 | recon=0.4039 | t=55s
  Ep 035 | step 0750/1868 | loss=1.0790 | diff=0.6234 | kd=0.6513 | recon=0.3905 | t=59s
  Ep 035 | step 0800/1868 | loss=1.0212 | diff=0.6208 | kd=0.3768 | recon=0.3627 | t=63s
  Ep 035 | step 0850/1868 | loss=1.0461 | diff=0.6263 | kd=0.4913 | recon=0.3707 | t=67s
  Ep 035 | step 0900/1868 | loss=1.0260 | diff=0.6175 | kd=0.4185 | recon=0.3666 | t=71s
  Ep 035 | step 0950/1868 | loss=1.0767 | diff=0.6296 | kd=0.4904 | recon=0.3981 | t=75s
  Ep 035 | step 1000/1868 | loss=1.1177 | diff=0.6211 | kd=0.3973 | recon=0.4569 | t=79s
  Ep 035 | step 1050/1868 | loss=1.0747 | diff=0.6207 | kd=0.4304 | recon=0.4110 | t=83s
  Ep 035 | step 1100/1868 | loss=1.1132 | diff=0.6226 | kd=0.4726 | recon=0.4434 | t=86s
  Ep 035 | step 1150/1868 | loss=1.0335 | diff=0.6198 | kd=0.4877 | recon=0.3650 | t=90s
  Ep 035 | step 1200/1868 | loss=1.0765 | diff=0.6219 | kd=0.6398 | recon=0.3906 | t=94s
  Ep 035 | step 1250/1868 | loss=0.9947 | diff=0.6197 | kd=0.5275 | recon=0.3223 | t=98s
  Ep 035 | step 1300/1868 | loss=1.0430 | diff=0.6180 | kd=0.4313 | recon=0.3819 | t=102s
  Ep 035 | step 1350/1868 | loss=1.1014 | diff=0.6219 | kd=0.6544 | recon=0.4141 | t=106s
  Ep 035 | step 1400/1868 | loss=1.1552 | diff=0.6246 | kd=0.7335 | recon=0.4573 | t=110s
  Ep 035 | step 1450/1868 | loss=0.9909 | diff=0.6212 | kd=0.3518 | recon=0.3345 | t=114s
  Ep 035 | step 1500/1868 | loss=1.1739 | diff=0.7487 | kd=0.5214 | recon=0.3731 | t=118s
  Ep 035 | step 1550/1868 | loss=0.9904 | diff=0.6193 | kd=0.4317 | recon=0.3280 | t=121s
  Ep 035 | step 1600/1868 | loss=1.0587 | diff=0.6271 | kd=0.8936 | recon=0.3422 | t=125s
  Ep 035 | step 1650/1868 | loss=1.0623 | diff=0.6226 | kd=0.5478 | recon=0.3850 | t=129s
  Ep 035 | step 1700/1868 | loss=1.2151 | diff=0.6200 | kd=0.4642 | recon=0.5487 | t=133s
  Ep 035 | step 1750/1868 | loss=1.0417 | diff=0.6187 | kd=0.6137 | recon=0.3617 | t=137s
  Ep 035 | step 1800/1868 | loss=1.1130 | diff=0.6189 | kd=0.6001 | recon=0.4341 | t=141s
  Ep 035 | step 1850/1868 | loss=1.1378 | diff=0.6252 | kd=0.4372 | recon=0.4689 | t=145s

  ── Epoch 035/200 (189s) ──────────────────────
  Train  loss=1.0875  diff=0.6275  kd=0.5470  recon=0.4054
  Val    loss=1.0884  RMSE=0.4895  MAE=0.4050  lr=9.27e-05

  Ep 036 | step 0000/1868 | loss=1.0966 | diff=0.6252 | kd=0.8685 | recon=0.3846 | t=1s
  Ep 036 | step 0050/1868 | loss=0.9921 | diff=0.6242 | kd=0.5108 | recon=0.3169 | t=4s
  Ep 036 | step 0100/1868 | loss=1.1056 | diff=0.6242 | kd=1.0426 | recon=0.3772 | t=8s
  Ep 036 | step 0150/1868 | loss=1.0759 | diff=0.6296 | kd=0.5183 | recon=0.3945 | t=12s
  Ep 036 | step 0200/1868 | loss=1.1445 | diff=0.7089 | kd=0.5654 | recon=0.3792 | t=16s
  Ep 036 | step 0250/1868 | loss=1.1331 | diff=0.6205 | kd=0.9914 | recon=0.4134 | t=20s
  Ep 036 | step 0300/1868 | loss=1.0476 | diff=0.6221 | kd=0.4986 | recon=0.3756 | t=24s
  Ep 036 | step 0350/1868 | loss=1.0590 | diff=0.6356 | kd=0.6354 | recon=0.3599 | t=28s
  Ep 036 | step 0400/1868 | loss=1.1284 | diff=0.6223 | kd=0.4710 | recon=0.4590 | t=32s
  Ep 036 | step 0450/1868 | loss=1.0383 | diff=0.6230 | kd=0.6283 | recon=0.3524 | t=36s
  Ep 036 | step 0500/1868 | loss=1.1123 | diff=0.6242 | kd=0.5991 | recon=0.4282 | t=39s
  Ep 036 | step 0550/1868 | loss=1.0637 | diff=0.6288 | kd=0.6500 | recon=0.3699 | t=43s
  Ep 036 | step 0600/1868 | loss=1.1966 | diff=0.6300 | kd=0.5718 | recon=0.5094 | t=47s
  Ep 036 | step 0650/1868 | loss=1.0701 | diff=0.6219 | kd=0.5130 | recon=0.3969 | t=51s
  Ep 036 | step 0700/1868 | loss=1.1549 | diff=0.6193 | kd=0.3824 | recon=0.4974 | t=55s
  Ep 036 | step 0750/1868 | loss=1.0276 | diff=0.6228 | kd=0.6049 | recon=0.3443 | t=59s
  Ep 036 | step 0800/1868 | loss=1.0774 | diff=0.6235 | kd=0.6034 | recon=0.3936 | t=63s
  Ep 036 | step 0850/1868 | loss=1.1340 | diff=0.6186 | kd=0.4823 | recon=0.4673 | t=67s
  Ep 036 | step 0900/1868 | loss=1.1737 | diff=0.6198 | kd=1.1918 | recon=0.4348 | t=71s
  Ep 036 | step 0950/1868 | loss=1.1323 | diff=0.6229 | kd=0.6598 | recon=0.4434 | t=75s
  Ep 036 | step 1000/1868 | loss=1.0799 | diff=0.6686 | kd=0.5376 | recon=0.3575 | t=78s
  Ep 036 | step 1050/1868 | loss=1.1105 | diff=0.6196 | kd=0.5016 | recon=0.4407 | t=82s
  Ep 036 | step 1100/1868 | loss=1.0145 | diff=0.6181 | kd=0.5864 | recon=0.3378 | t=86s
  Ep 036 | step 1150/1868 | loss=1.0798 | diff=0.6182 | kd=0.7157 | recon=0.3899 | t=90s
  Ep 036 | step 1200/1868 | loss=1.1432 | diff=0.6189 | kd=0.4150 | recon=0.4828 | t=94s
  Ep 036 | step 1250/1868 | loss=1.0663 | diff=0.6303 | kd=0.3553 | recon=0.4005 | t=98s
  Ep 036 | step 1300/1868 | loss=1.0825 | diff=0.6210 | kd=0.4426 | recon=0.4172 | t=102s
  Ep 036 | step 1350/1868 | loss=1.1105 | diff=0.6215 | kd=0.4930 | recon=0.4397 | t=106s
  Ep 036 | step 1400/1868 | loss=1.0463 | diff=0.6202 | kd=0.3690 | recon=0.3892 | t=110s
  Ep 036 | step 1450/1868 | loss=1.0356 | diff=0.6205 | kd=0.4311 | recon=0.3720 | t=114s
  Ep 036 | step 1500/1868 | loss=1.1266 | diff=0.6240 | kd=0.7639 | recon=0.4262 | t=118s
  Ep 036 | step 1550/1868 | loss=1.0872 | diff=0.6282 | kd=0.8082 | recon=0.3782 | t=122s
  Ep 036 | step 1600/1868 | loss=1.1486 | diff=0.6204 | kd=0.5182 | recon=0.4764 | t=126s
  Ep 036 | step 1650/1868 | loss=1.0644 | diff=0.6230 | kd=0.4490 | recon=0.3965 | t=130s
  Ep 036 | step 1700/1868 | loss=1.1033 | diff=0.6248 | kd=0.4449 | recon=0.4341 | t=134s
  Ep 036 | step 1750/1868 | loss=1.0756 | diff=0.6241 | kd=0.4998 | recon=0.4015 | t=138s
  Ep 036 | step 1800/1868 | loss=1.2306 | diff=0.6315 | kd=0.6645 | recon=0.5327 | t=142s
  Ep 036 | step 1850/1868 | loss=1.0539 | diff=0.6188 | kd=0.3885 | recon=0.3962 | t=146s

  ── Epoch 036/200 (190s) ──────────────────────
  Train  loss=1.0859  diff=0.6258  kd=0.5473  recon=0.4054
  Val    loss=1.0801  RMSE=0.4895  MAE=0.4050  lr=9.23e-05

  Ep 037 | step 0000/1868 | loss=1.1125 | diff=0.6184 | kd=0.8473 | recon=0.4094 | t=1s
  Ep 037 | step 0050/1868 | loss=1.1155 | diff=0.6326 | kd=0.5587 | recon=0.4271 | t=4s
  Ep 037 | step 0100/1868 | loss=1.1503 | diff=0.6188 | kd=0.8257 | recon=0.4489 | t=8s
  Ep 037 | step 0150/1868 | loss=1.0539 | diff=0.6353 | kd=0.3810 | recon=0.3805 | t=12s
  Ep 037 | step 0200/1868 | loss=1.0667 | diff=0.6252 | kd=0.4902 | recon=0.3925 | t=16s
  Ep 037 | step 0250/1868 | loss=1.0633 | diff=0.6182 | kd=0.4797 | recon=0.3971 | t=20s
  Ep 037 | step 0300/1868 | loss=1.1376 | diff=0.6181 | kd=0.5295 | recon=0.4665 | t=24s
  Ep 037 | step 0350/1868 | loss=1.2051 | diff=0.6252 | kd=0.8180 | recon=0.4980 | t=28s
  Ep 037 | step 0400/1868 | loss=1.1332 | diff=0.6158 | kd=0.6363 | recon=0.4538 | t=32s
  Ep 037 | step 0450/1868 | loss=1.0660 | diff=0.6282 | kd=0.5764 | recon=0.3802 | t=36s
  Ep 037 | step 0500/1868 | loss=1.0677 | diff=0.6211 | kd=0.6921 | recon=0.3774 | t=40s
  Ep 037 | step 0550/1868 | loss=1.1300 | diff=0.6196 | kd=0.5104 | recon=0.4594 | t=44s
  Ep 037 | step 0600/1868 | loss=1.0489 | diff=0.6321 | kd=0.4119 | recon=0.3756 | t=48s
  Ep 037 | step 0650/1868 | loss=1.1906 | diff=0.6332 | kd=0.3369 | recon=0.5237 | t=52s
  Ep 037 | step 0700/1868 | loss=1.1075 | diff=0.6552 | kd=0.4915 | recon=0.4031 | t=55s
  Ep 037 | step 0750/1868 | loss=1.0849 | diff=0.6199 | kd=0.6223 | recon=0.4027 | t=59s
  Ep 037 | step 0800/1868 | loss=1.0880 | diff=0.6173 | kd=0.4947 | recon=0.4212 | t=63s
  Ep 037 | step 0850/1868 | loss=1.0919 | diff=0.6194 | kd=0.3655 | recon=0.4360 | t=67s
  Ep 037 | step 0900/1868 | loss=1.0785 | diff=0.6255 | kd=0.6791 | recon=0.3851 | t=71s
  Ep 037 | step 0950/1868 | loss=1.0427 | diff=0.6181 | kd=0.4529 | recon=0.3793 | t=75s
  Ep 037 | step 1000/1868 | loss=1.0388 | diff=0.6214 | kd=0.6312 | recon=0.3543 | t=79s
  Ep 037 | step 1050/1868 | loss=1.0765 | diff=0.6183 | kd=0.3779 | recon=0.4204 | t=83s
  Ep 037 | step 1100/1868 | loss=1.0761 | diff=0.6202 | kd=0.3843 | recon=0.4175 | t=87s
  Ep 037 | step 1150/1868 | loss=1.1539 | diff=0.6214 | kd=0.6930 | recon=0.4631 | t=91s
  Ep 037 | step 1200/1868 | loss=1.1362 | diff=0.6953 | kd=0.4455 | recon=0.3964 | t=95s
  Ep 037 | step 1250/1868 | loss=1.1240 | diff=0.6223 | kd=0.5543 | recon=0.4462 | t=99s
  Ep 037 | step 1300/1868 | loss=1.0788 | diff=0.6204 | kd=0.4016 | recon=0.4182 | t=103s
  Ep 037 | step 1350/1868 | loss=1.1652 | diff=0.6193 | kd=0.5495 | recon=0.4910 | t=106s
  Ep 037 | step 1400/1868 | loss=1.0672 | diff=0.6242 | kd=0.4617 | recon=0.3968 | t=110s
  Ep 037 | step 1450/1868 | loss=1.0758 | diff=0.6223 | kd=0.6180 | recon=0.3917 | t=114s
  Ep 037 | step 1500/1868 | loss=1.1264 | diff=0.6265 | kd=0.5136 | recon=0.4485 | t=118s
  Ep 037 | step 1550/1868 | loss=1.0893 | diff=0.6606 | kd=0.4644 | recon=0.3823 | t=122s
  Ep 037 | step 1600/1868 | loss=1.0894 | diff=0.6194 | kd=0.6930 | recon=0.4007 | t=126s
  Ep 037 | step 1650/1868 | loss=1.0438 | diff=0.6271 | kd=0.4802 | recon=0.3687 | t=130s
  Ep 037 | step 1700/1868 | loss=1.0795 | diff=0.6208 | kd=0.4655 | recon=0.4122 | t=134s
  Ep 037 | step 1750/1868 | loss=1.1214 | diff=0.6194 | kd=0.8304 | recon=0.4189 | t=138s
  Ep 037 | step 1800/1868 | loss=1.1193 | diff=0.6734 | kd=0.4144 | recon=0.4045 | t=142s
  Ep 037 | step 1850/1868 | loss=1.0012 | diff=0.6230 | kd=0.3905 | recon=0.3391 | t=146s

  ── Epoch 037/200 (190s) ──────────────────────
  Train  loss=1.0834  diff=0.6261  kd=0.5195  recon=0.4053
  Val    loss=1.0851  RMSE=0.4895  MAE=0.4050  lr=9.19e-05

  Ep 038 | step 0000/1868 | loss=1.1031 | diff=0.6315 | kd=0.3662 | recon=0.4349 | t=1s
  Ep 038 | step 0050/1868 | loss=1.0541 | diff=0.6200 | kd=0.5383 | recon=0.3803 | t=5s
  Ep 038 | step 0100/1868 | loss=1.0354 | diff=0.6326 | kd=0.3548 | recon=0.3673 | t=8s
  Ep 038 | step 0150/1868 | loss=1.1516 | diff=0.6188 | kd=0.4975 | recon=0.4830 | t=12s
  Ep 038 | step 0200/1868 | loss=1.0649 | diff=0.6411 | kd=0.5121 | recon=0.3727 | t=16s
  Ep 038 | step 0250/1868 | loss=0.9993 | diff=0.6190 | kd=0.4710 | recon=0.3333 | t=20s
  Ep 038 | step 0300/1868 | loss=1.1023 | diff=0.6604 | kd=0.4938 | recon=0.3925 | t=24s
  Ep 038 | step 0350/1868 | loss=1.1601 | diff=0.6228 | kd=0.6645 | recon=0.4709 | t=28s
  Ep 038 | step 0400/1868 | loss=1.1190 | diff=0.6166 | kd=0.8307 | recon=0.4194 | t=32s
  Ep 038 | step 0450/1868 | loss=1.0698 | diff=0.6199 | kd=0.7271 | recon=0.3772 | t=36s
  Ep 038 | step 0500/1868 | loss=1.0161 | diff=0.6230 | kd=0.5233 | recon=0.3408 | t=40s
  Ep 038 | step 0550/1868 | loss=1.0354 | diff=0.6228 | kd=0.5836 | recon=0.3543 | t=44s
  Ep 038 | step 0600/1868 | loss=1.1142 | diff=0.6252 | kd=0.7448 | recon=0.4145 | t=48s
  Ep 038 | step 0650/1868 | loss=1.0285 | diff=0.6177 | kd=0.4870 | recon=0.3621 | t=52s
  Ep 038 | step 0700/1868 | loss=1.0753 | diff=0.6209 | kd=0.3835 | recon=0.4161 | t=56s
  Ep 038 | step 0750/1868 | loss=1.1529 | diff=0.6168 | kd=0.4940 | recon=0.4867 | t=59s
  Ep 038 | step 0800/1868 | loss=1.0632 | diff=0.6381 | kd=0.5194 | recon=0.3731 | t=63s
  Ep 038 | step 0850/1868 | loss=1.0723 | diff=0.6167 | kd=0.7617 | recon=0.3794 | t=67s
  Ep 038 | step 0900/1868 | loss=1.0823 | diff=0.6277 | kd=0.4725 | recon=0.4073 | t=71s
  Ep 038 | step 0950/1868 | loss=1.1601 | diff=0.6219 | kd=0.6851 | recon=0.4697 | t=75s
  Ep 038 | step 1000/1868 | loss=1.1706 | diff=0.6291 | kd=0.3815 | recon=0.5033 | t=79s
  Ep 038 | step 1050/1868 | loss=1.0614 | diff=0.6156 | kd=0.5082 | recon=0.3950 | t=83s
  Ep 038 | step 1100/1868 | loss=1.0365 | diff=0.6206 | kd=0.5953 | recon=0.3564 | t=87s
  Ep 038 | step 1150/1868 | loss=1.1289 | diff=0.6273 | kd=0.6277 | recon=0.4389 | t=91s
  Ep 038 | step 1200/1868 | loss=1.1292 | diff=0.6813 | kd=0.6060 | recon=0.3873 | t=95s
  Ep 038 | step 1250/1868 | loss=1.1404 | diff=0.6223 | kd=0.7568 | recon=0.4424 | t=99s
  Ep 038 | step 1300/1868 | loss=1.0038 | diff=0.6221 | kd=0.5111 | recon=0.3306 | t=103s
  Ep 038 | step 1350/1868 | loss=1.1611 | diff=0.6225 | kd=0.7362 | recon=0.4650 | t=106s
  Ep 038 | step 1400/1868 | loss=1.1232 | diff=0.6309 | kd=0.3620 | recon=0.4561 | t=110s
  Ep 038 | step 1450/1868 | loss=1.0781 | diff=0.6348 | kd=0.4387 | recon=0.3993 | t=114s
  Ep 038 | step 1500/1868 | loss=1.1115 | diff=0.6216 | kd=0.4332 | recon=0.4466 | t=118s
  Ep 038 | step 1550/1868 | loss=1.0379 | diff=0.6374 | kd=0.5961 | recon=0.3410 | t=122s
  Ep 038 | step 1600/1868 | loss=1.0953 | diff=0.6299 | kd=0.9021 | recon=0.3752 | t=126s
  Ep 038 | step 1650/1868 | loss=1.0986 | diff=0.6212 | kd=0.5779 | recon=0.4196 | t=130s
  Ep 038 | step 1700/1868 | loss=1.0568 | diff=0.6228 | kd=0.4036 | recon=0.3936 | t=134s
  Ep 038 | step 1750/1868 | loss=1.0675 | diff=0.6212 | kd=0.4718 | recon=0.3991 | t=138s
  Ep 038 | step 1800/1868 | loss=1.1032 | diff=0.6364 | kd=0.5018 | recon=0.4166 | t=142s
  Ep 038 | step 1850/1868 | loss=1.2032 | diff=0.6970 | kd=0.6233 | recon=0.4438 | t=146s

  ── Epoch 038/200 (190s) ──────────────────────
  Train  loss=1.0883  diff=0.6273  kd=0.5561  recon=0.4054
  Val    loss=1.0882  RMSE=0.4895  MAE=0.4050  lr=9.14e-05

  Ep 039 | step 0000/1868 | loss=1.0646 | diff=0.6240 | kd=0.6337 | recon=0.3773 | t=1s
  Ep 039 | step 0050/1868 | loss=1.0173 | diff=0.6222 | kd=0.4992 | recon=0.3452 | t=4s
  Ep 039 | step 0100/1868 | loss=1.1207 | diff=0.6168 | kd=0.5351 | recon=0.4504 | t=8s
  Ep 039 | step 0150/1868 | loss=1.0330 | diff=0.6225 | kd=0.7780 | recon=0.3327 | t=12s
  Ep 039 | step 0200/1868 | loss=1.0654 | diff=0.6423 | kd=0.5502 | recon=0.3682 | t=16s
  Ep 039 | step 0250/1868 | loss=1.1312 | diff=0.6251 | kd=0.3834 | recon=0.4678 | t=20s
  Ep 039 | step 0300/1868 | loss=1.0666 | diff=0.6277 | kd=0.6017 | recon=0.3787 | t=24s
  Ep 039 | step 0350/1868 | loss=1.1178 | diff=0.6155 | kd=0.4664 | recon=0.4556 | t=28s
  Ep 039 | step 0400/1868 | loss=1.0545 | diff=0.6153 | kd=0.6350 | recon=0.3758 | t=32s
  Ep 039 | step 0450/1868 | loss=1.0821 | diff=0.6157 | kd=0.6795 | recon=0.3984 | t=36s
  Ep 039 | step 0500/1868 | loss=1.0970 | diff=0.6354 | kd=0.8201 | recon=0.3797 | t=40s
  Ep 039 | step 0550/1868 | loss=1.1609 | diff=0.6682 | kd=0.6873 | recon=0.4239 | t=43s
  Ep 039 | step 0600/1868 | loss=1.0582 | diff=0.6172 | kd=0.6562 | recon=0.3754 | t=47s
  Ep 039 | step 0650/1868 | loss=1.0557 | diff=0.6816 | kd=0.3756 | recon=0.3365 | t=51s
  Ep 039 | step 0700/1868 | loss=1.1677 | diff=0.6560 | kd=0.5877 | recon=0.4530 | t=55s
  Ep 039 | step 0750/1868 | loss=1.0017 | diff=0.6192 | kd=0.5087 | recon=0.3317 | t=59s
  Ep 039 | step 0800/1868 | loss=1.0572 | diff=0.6278 | kd=0.5120 | recon=0.3782 | t=63s
  Ep 039 | step 0850/1868 | loss=1.0788 | diff=0.6200 | kd=0.7232 | recon=0.3865 | t=67s
  Ep 039 | step 0900/1868 | loss=1.1143 | diff=0.6252 | kd=0.4261 | recon=0.4465 | t=71s
  Ep 039 | step 0950/1868 | loss=1.0517 | diff=0.6157 | kd=0.4188 | recon=0.3942 | t=74s
  Ep 039 | step 1000/1868 | loss=1.0248 | diff=0.6188 | kd=0.4262 | recon=0.3634 | t=78s
  Ep 039 | step 1050/1868 | loss=1.0190 | diff=0.6153 | kd=0.5813 | recon=0.3456 | t=82s
  Ep 039 | step 1100/1868 | loss=1.0825 | diff=0.6167 | kd=0.6878 | recon=0.3970 | t=86s
  Ep 039 | step 1150/1868 | loss=1.1388 | diff=0.6228 | kd=0.6739 | recon=0.4485 | t=90s
  Ep 039 | step 1200/1868 | loss=1.1424 | diff=0.6274 | kd=0.7137 | recon=0.4436 | t=94s
  Ep 039 | step 1250/1868 | loss=1.0287 | diff=0.6193 | kd=0.4633 | recon=0.3631 | t=98s
  Ep 039 | step 1300/1868 | loss=1.1461 | diff=0.6604 | kd=0.4131 | recon=0.4444 | t=102s
  Ep 039 | step 1350/1868 | loss=1.0236 | diff=0.6199 | kd=0.3467 | recon=0.3690 | t=106s
  Ep 039 | step 1400/1868 | loss=1.0471 | diff=0.6206 | kd=0.3941 | recon=0.3871 | t=109s
  Ep 039 | step 1450/1868 | loss=1.0639 | diff=0.6197 | kd=0.4849 | recon=0.3958 | t=113s
  Ep 039 | step 1500/1868 | loss=1.0171 | diff=0.6301 | kd=0.4065 | recon=0.3463 | t=117s
  Ep 039 | step 1550/1868 | loss=1.0498 | diff=0.6189 | kd=0.4590 | recon=0.3850 | t=121s
  Ep 039 | step 1600/1868 | loss=1.1075 | diff=0.6259 | kd=0.5957 | recon=0.4220 | t=125s
  Ep 039 | step 1650/1868 | loss=0.9946 | diff=0.6259 | kd=0.4637 | recon=0.3223 | t=129s
  Ep 039 | step 1700/1868 | loss=1.0615 | diff=0.6220 | kd=0.5679 | recon=0.3828 | t=133s
  Ep 039 | step 1750/1868 | loss=1.0323 | diff=0.6140 | kd=0.5391 | recon=0.3644 | t=137s
  Ep 039 | step 1800/1868 | loss=1.0644 | diff=0.6284 | kd=0.4474 | recon=0.3913 | t=141s
  Ep 039 | step 1850/1868 | loss=1.0311 | diff=0.6336 | kd=0.4609 | recon=0.3514 | t=145s

  ── Epoch 039/200 (189s) ──────────────────────
  Train  loss=1.0867  diff=0.6263  kd=0.5508  recon=0.4053
  Val    loss=1.0791  RMSE=0.4896  MAE=0.4050  lr=9.10e-05
  [BEST] Checkpoint saved → checkpoints/best_model.pth

  Ep 040 | step 0000/1868 | loss=1.0236 | diff=0.6204 | kd=0.4655 | recon=0.3566 | t=1s
  Ep 040 | step 0050/1868 | loss=1.1461 | diff=0.6229 | kd=0.5874 | recon=0.4644 | t=4s
  Ep 040 | step 0100/1868 | loss=1.1101 | diff=0.6257 | kd=0.7083 | recon=0.4136 | t=8s
  Ep 040 | step 0150/1868 | loss=1.1178 | diff=0.6196 | kd=0.8509 | recon=0.4131 | t=12s
  Ep 040 | step 0200/1868 | loss=1.1425 | diff=0.6199 | kd=0.6406 | recon=0.4585 | t=16s
  Ep 040 | step 0250/1868 | loss=1.0628 | diff=0.6243 | kd=0.6019 | recon=0.3783 | t=20s
  Ep 040 | step 0300/1868 | loss=1.0782 | diff=0.6253 | kd=0.4899 | recon=0.4038 | t=24s
  Ep 040 | step 0350/1868 | loss=1.1440 | diff=0.6307 | kd=0.5850 | recon=0.4549 | t=28s
  Ep 040 | step 0400/1868 | loss=1.2215 | diff=0.7125 | kd=0.5609 | recon=0.4529 | t=32s
  Ep 040 | step 0450/1868 | loss=1.0761 | diff=0.6217 | kd=0.3600 | recon=0.4184 | t=36s
  Ep 040 | step 0500/1868 | loss=1.1792 | diff=0.6257 | kd=0.7039 | recon=0.4831 | t=39s
  Ep 040 | step 0550/1868 | loss=1.1319 | diff=0.6232 | kd=1.0596 | recon=0.4028 | t=43s
  Ep 040 | step 0600/1868 | loss=1.2169 | diff=0.6194 | kd=0.9045 | recon=0.5071 | t=47s
  Ep 040 | step 0650/1868 | loss=1.1621 | diff=0.6218 | kd=0.6991 | recon=0.4703 | t=51s
  Ep 040 | step 0700/1868 | loss=1.0910 | diff=0.6294 | kd=0.6634 | recon=0.3953 | t=55s
  Ep 040 | step 0750/1868 | loss=1.0194 | diff=0.6177 | kd=0.4819 | recon=0.3535 | t=59s
  Ep 040 | step 0800/1868 | loss=1.0543 | diff=0.6167 | kd=0.5181 | recon=0.3857 | t=63s
  Ep 040 | step 0850/1868 | loss=1.0809 | diff=0.6201 | kd=0.4923 | recon=0.4115 | t=67s
  Ep 040 | step 0900/1868 | loss=1.1191 | diff=0.6230 | kd=0.6017 | recon=0.4359 | t=71s
  Ep 040 | step 0950/1868 | loss=1.0512 | diff=0.6241 | kd=0.7628 | recon=0.3508 | t=75s
  Ep 040 | step 1000/1868 | loss=1.0386 | diff=0.6211 | kd=0.4653 | recon=0.3710 | t=79s
  Ep 040 | step 1050/1868 | loss=1.0599 | diff=0.6181 | kd=0.5749 | recon=0.3843 | t=82s
  Ep 040 | step 1100/1868 | loss=1.0878 | diff=0.6223 | kd=0.6313 | recon=0.4024 | t=86s
  Ep 040 | step 1150/1868 | loss=1.0348 | diff=0.6181 | kd=0.4597 | recon=0.3706 | t=90s
  Ep 040 | step 1200/1868 | loss=1.0966 | diff=0.6293 | kd=0.5754 | recon=0.4098 | t=94s
  Ep 040 | step 1250/1868 | loss=1.0285 | diff=0.6188 | kd=0.3804 | recon=0.3717 | t=98s
  Ep 040 | step 1300/1868 | loss=1.1728 | diff=0.6197 | kd=0.8207 | recon=0.4711 | t=102s
  Ep 040 | step 1350/1868 | loss=0.9762 | diff=0.6168 | kd=0.3359 | recon=0.3258 | t=106s
  Ep 040 | step 1400/1868 | loss=1.0699 | diff=0.6253 | kd=0.3689 | recon=0.4078 | t=110s
  Ep 040 | step 1450/1868 | loss=1.0151 | diff=0.6379 | kd=0.3992 | recon=0.3373 | t=114s
  Ep 040 | step 1500/1868 | loss=1.0265 | diff=0.6262 | kd=0.4799 | recon=0.3524 | t=118s
  Ep 040 | step 1550/1868 | loss=1.0519 | diff=0.6423 | kd=0.5216 | recon=0.3574 | t=121s
  Ep 040 | step 1600/1868 | loss=1.0667 | diff=0.6202 | kd=0.5104 | recon=0.3954 | t=125s
  Ep 040 | step 1650/1868 | loss=1.0343 | diff=0.6231 | kd=0.5786 | recon=0.3534 | t=129s
  Ep 040 | step 1700/1868 | loss=1.0209 | diff=0.6174 | kd=0.3420 | recon=0.3693 | t=133s
  Ep 040 | step 1750/1868 | loss=1.0646 | diff=0.6221 | kd=0.3861 | recon=0.4039 | t=137s
  Ep 040 | step 1800/1868 | loss=1.0731 | diff=0.6376 | kd=0.4597 | recon=0.3895 | t=141s
  Ep 040 | step 1850/1868 | loss=1.0795 | diff=0.6685 | kd=0.4749 | recon=0.3635 | t=145s

  ── Epoch 040/200 (189s) ──────────────────────
  Train  loss=1.0858  diff=0.6258  kd=0.5472  recon=0.4053
  Val    loss=1.0812  RMSE=0.4895  MAE=0.4050  lr=9.05e-05
  [EP40] Checkpoint saved → checkpoints/epoch_040.pth

  Ep 041 | step 0000/1868 | loss=1.0766 | diff=0.6215 | kd=0.6150 | recon=0.3936 | t=1s
  Ep 041 | step 0050/1868 | loss=1.0498 | diff=0.6181 | kd=0.4484 | recon=0.3868 | t=4s
  Ep 041 | step 0100/1868 | loss=1.0574 | diff=0.6180 | kd=0.7591 | recon=0.3635 | t=8s
  Ep 041 | step 0150/1868 | loss=1.1037 | diff=0.6194 | kd=0.5409 | recon=0.4302 | t=12s
  Ep 041 | step 0200/1868 | loss=1.1395 | diff=0.6183 | kd=0.8878 | recon=0.4324 | t=16s
  Ep 041 | step 0250/1868 | loss=1.1264 | diff=0.6197 | kd=0.4376 | recon=0.4630 | t=20s
  Ep 041 | step 0300/1868 | loss=1.0222 | diff=0.6195 | kd=0.5340 | recon=0.3494 | t=24s
  Ep 041 | step 0350/1868 | loss=1.0882 | diff=0.6163 | kd=0.4873 | recon=0.4232 | t=28s
  Ep 041 | step 0400/1868 | loss=1.1466 | diff=0.6150 | kd=0.4891 | recon=0.4827 | t=32s
  Ep 041 | step 0450/1868 | loss=1.0699 | diff=0.6181 | kd=0.4996 | recon=0.4019 | t=36s
  Ep 041 | step 0500/1868 | loss=1.0564 | diff=0.6204 | kd=0.5973 | recon=0.3763 | t=39s
  Ep 041 | step 0550/1868 | loss=1.0506 | diff=0.6146 | kd=0.3821 | recon=0.3978 | t=43s
  Ep 041 | step 0600/1868 | loss=1.0542 | diff=0.6357 | kd=0.7612 | recon=0.3424 | t=47s
  Ep 041 | step 0650/1868 | loss=1.1216 | diff=0.6280 | kd=0.9787 | recon=0.3957 | t=51s
  Ep 041 | step 0700/1868 | loss=1.0555 | diff=0.6230 | kd=0.3995 | recon=0.3925 | t=55s
  Ep 041 | step 0750/1868 | loss=1.0760 | diff=0.6203 | kd=0.3955 | recon=0.4162 | t=59s
  Ep 041 | step 0800/1868 | loss=1.0508 | diff=0.6174 | kd=0.5549 | recon=0.3779 | t=63s
  Ep 041 | step 0850/1868 | loss=1.0539 | diff=0.6229 | kd=0.3480 | recon=0.3962 | t=67s
  Ep 041 | step 0900/1868 | loss=1.1064 | diff=0.6900 | kd=0.4487 | recon=0.3715 | t=71s
  Ep 041 | step 0950/1868 | loss=1.0629 | diff=0.6199 | kd=0.4035 | recon=0.4026 | t=74s
  Ep 041 | step 1000/1868 | loss=0.9818 | diff=0.6181 | kd=0.4575 | recon=0.3179 | t=78s
  Ep 041 | step 1050/1868 | loss=1.1558 | diff=0.6189 | kd=0.5264 | recon=0.4842 | t=82s
  Ep 041 | step 1100/1868 | loss=1.0302 | diff=0.6150 | kd=0.4790 | recon=0.3673 | t=86s
  Ep 041 | step 1150/1868 | loss=1.0431 | diff=0.6182 | kd=0.5293 | recon=0.3720 | t=90s
  Ep 041 | step 1200/1868 | loss=1.0819 | diff=0.6185 | kd=0.3892 | recon=0.4245 | t=94s
  Ep 041 | step 1250/1868 | loss=1.1045 | diff=0.6208 | kd=1.0092 | recon=0.3828 | t=98s
  Ep 041 | step 1300/1868 | loss=1.0356 | diff=0.6191 | kd=0.4241 | recon=0.3741 | t=102s
  Ep 041 | step 1350/1868 | loss=1.1751 | diff=0.6177 | kd=0.8215 | recon=0.4753 | t=106s
  Ep 041 | step 1400/1868 | loss=1.0538 | diff=0.6295 | kd=0.5541 | recon=0.3689 | t=109s
  Ep 041 | step 1450/1868 | loss=1.0550 | diff=0.6181 | kd=0.7342 | recon=0.3634 | t=113s
  Ep 041 | step 1500/1868 | loss=0.9978 | diff=0.6187 | kd=0.3991 | recon=0.3392 | t=117s
  Ep 041 | step 1550/1868 | loss=1.1097 | diff=0.6233 | kd=0.5712 | recon=0.4292 | t=121s
  Ep 041 | step 1600/1868 | loss=1.1457 | diff=0.6245 | kd=0.7028 | recon=0.4509 | t=125s
  Ep 041 | step 1650/1868 | loss=1.0542 | diff=0.6240 | kd=0.4896 | recon=0.3813 | t=129s
  Ep 041 | step 1700/1868 | loss=1.0896 | diff=0.6285 | kd=0.7177 | recon=0.3893 | t=133s
  Ep 041 | step 1750/1868 | loss=1.0472 | diff=0.6218 | kd=0.4317 | recon=0.3823 | t=137s
  Ep 041 | step 1800/1868 | loss=1.2180 | diff=0.6195 | kd=0.5394 | recon=0.5446 | t=140s
  Ep 041 | step 1850/1868 | loss=1.0779 | diff=0.6515 | kd=0.4540 | recon=0.3810 | t=144s

  ── Epoch 041/200 (188s) ──────────────────────
  Train  loss=1.0831  diff=0.6238  kd=0.5399  recon=0.4053
  Val    loss=1.0787  RMSE=0.4895  MAE=0.4050  lr=9.01e-05
  [BEST] Checkpoint saved → checkpoints/best_model.pth

  Ep 042 | step 0000/1868 | loss=1.1109 | diff=0.6201 | kd=0.8550 | recon=0.4053 | t=1s
  Ep 042 | step 0050/1868 | loss=1.0867 | diff=0.6227 | kd=0.5271 | recon=0.4112 | t=4s
  Ep 042 | step 0100/1868 | loss=1.0789 | diff=0.6207 | kd=0.4664 | recon=0.4115 | t=8s
  Ep 042 | step 0150/1868 | loss=1.0623 | diff=0.6326 | kd=0.5397 | recon=0.3758 | t=12s
  Ep 042 | step 0200/1868 | loss=1.0590 | diff=0.6170 | kd=0.3643 | recon=0.4056 | t=16s
  Ep 042 | step 0250/1868 | loss=1.0512 | diff=0.6315 | kd=0.3000 | recon=0.3897 | t=20s
  Ep 042 | step 0300/1868 | loss=1.0639 | diff=0.6298 | kd=0.8207 | recon=0.3520 | t=24s
  Ep 042 | step 0350/1868 | loss=1.0820 | diff=0.6181 | kd=0.4390 | recon=0.4200 | t=28s
  Ep 042 | step 0400/1868 | loss=1.0536 | diff=0.6202 | kd=0.4076 | recon=0.3927 | t=32s
  Ep 042 | step 0450/1868 | loss=1.1098 | diff=0.6388 | kd=0.7130 | recon=0.3998 | t=36s
  Ep 042 | step 0500/1868 | loss=1.1514 | diff=0.6286 | kd=0.9884 | recon=0.4239 | t=39s
  Ep 042 | step 0550/1868 | loss=1.1354 | diff=0.6215 | kd=0.5140 | recon=0.4625 | t=43s
  Ep 042 | step 0600/1868 | loss=1.0586 | diff=0.6314 | kd=0.4057 | recon=0.3866 | t=47s
  Ep 042 | step 0650/1868 | loss=1.0947 | diff=0.6149 | kd=0.6565 | recon=0.4142 | t=51s
  Ep 042 | step 0700/1868 | loss=1.0859 | diff=0.6206 | kd=0.3864 | recon=0.4267 | t=55s
  Ep 042 | step 0750/1868 | loss=1.0836 | diff=0.6351 | kd=0.5071 | recon=0.3978 | t=59s
  Ep 042 | step 0800/1868 | loss=1.0777 | diff=0.6259 | kd=0.5124 | recon=0.4005 | t=63s
  Ep 042 | step 0850/1868 | loss=1.1052 | diff=0.6302 | kd=0.7570 | recon=0.3992 | t=67s
  Ep 042 | step 0900/1868 | loss=1.1170 | diff=0.6190 | kd=0.5776 | recon=0.4402 | t=71s
  Ep 042 | step 0950/1868 | loss=1.0726 | diff=0.6366 | kd=0.3788 | recon=0.3981 | t=74s
  Ep 042 | step 1000/1868 | loss=1.0933 | diff=0.6243 | kd=0.6471 | recon=0.4043 | t=78s
  Ep 042 | step 1050/1868 | loss=1.1140 | diff=0.6296 | kd=0.5168 | recon=0.4328 | t=82s
  Ep 042 | step 1100/1868 | loss=1.1319 | diff=0.6173 | kd=0.5513 | recon=0.4595 | t=86s
  Ep 042 | step 1150/1868 | loss=1.0728 | diff=0.6224 | kd=0.4734 | recon=0.4031 | t=90s
  Ep 042 | step 1200/1868 | loss=1.0573 | diff=0.6215 | kd=0.3650 | recon=0.3994 | t=94s
  Ep 042 | step 1250/1868 | loss=1.0548 | diff=0.6256 | kd=0.6937 | recon=0.3599 | t=98s
  Ep 042 | step 1300/1868 | loss=0.9874 | diff=0.6215 | kd=0.4436 | recon=0.3215 | t=102s
  Ep 042 | step 1350/1868 | loss=1.0970 | diff=0.6199 | kd=0.4018 | recon=0.4368 | t=106s
  Ep 042 | step 1400/1868 | loss=1.1429 | diff=0.6173 | kd=0.4980 | recon=0.4759 | t=110s
  Ep 042 | step 1450/1868 | loss=1.0102 | diff=0.6221 | kd=0.4487 | recon=0.3433 | t=114s
  Ep 042 | step 1500/1868 | loss=1.0689 | diff=0.6261 | kd=0.6191 | recon=0.3809 | t=118s
  Ep 042 | step 1550/1868 | loss=1.0587 | diff=0.6205 | kd=0.5532 | recon=0.3829 | t=121s
  Ep 042 | step 1600/1868 | loss=0.9353 | diff=0.6208 | kd=0.2935 | recon=0.2852 | t=125s
  Ep 042 | step 1650/1868 | loss=1.0805 | diff=0.6194 | kd=0.5673 | recon=0.4044 | t=129s
  Ep 042 | step 1700/1868 | loss=1.0204 | diff=0.6189 | kd=0.4218 | recon=0.3593 | t=133s
  Ep 042 | step 1750/1868 | loss=1.1057 | diff=0.6235 | kd=0.6847 | recon=0.4138 | t=137s
  Ep 042 | step 1800/1868 | loss=1.0545 | diff=0.6178 | kd=0.4030 | recon=0.3964 | t=141s
  Ep 042 | step 1850/1868 | loss=1.1106 | diff=0.6223 | kd=0.5270 | recon=0.4356 | t=145s

  ── Epoch 042/200 (189s) ──────────────────────
  Train  loss=1.0831  diff=0.6256  kd=0.5213  recon=0.4053
  Val    loss=1.0803  RMSE=0.4895  MAE=0.4050  lr=8.96e-05

  Ep 043 | step 0000/1868 | loss=1.1544 | diff=0.6220 | kd=1.3276 | recon=0.3996 | t=1s
  Ep 043 | step 0050/1868 | loss=1.0814 | diff=0.6228 | kd=0.3292 | recon=0.4257 | t=5s
  Ep 043 | step 0100/1868 | loss=1.1380 | diff=0.6246 | kd=0.6835 | recon=0.4450 | t=9s
  Ep 043 | step 0150/1868 | loss=1.0238 | diff=0.6255 | kd=0.3944 | recon=0.3589 | t=12s
  Ep 043 | step 0200/1868 | loss=1.0511 | diff=0.6272 | kd=0.4664 | recon=0.3773 | t=16s
  Ep 043 | step 0250/1868 | loss=0.9986 | diff=0.6214 | kd=0.3850 | recon=0.3387 | t=20s
  Ep 043 | step 0300/1868 | loss=1.0724 | diff=0.6218 | kd=0.5353 | recon=0.3971 | t=24s
  Ep 043 | step 0350/1868 | loss=1.0265 | diff=0.6181 | kd=0.2809 | recon=0.3803 | t=28s
  Ep 043 | step 0400/1868 | loss=1.0711 | diff=0.6229 | kd=0.4032 | recon=0.4078 | t=32s
  Ep 043 | step 0450/1868 | loss=0.9869 | diff=0.6190 | kd=0.5257 | recon=0.3154 | t=36s
  Ep 043 | step 0500/1868 | loss=1.0210 | diff=0.6179 | kd=0.5228 | recon=0.3508 | t=40s
  Ep 043 | step 0550/1868 | loss=1.0557 | diff=0.6179 | kd=0.6731 | recon=0.3704 | t=44s
  Ep 043 | step 0600/1868 | loss=1.0613 | diff=0.6146 | kd=0.6460 | recon=0.3821 | t=48s
  Ep 043 | step 0650/1868 | loss=1.0608 | diff=0.6197 | kd=0.4095 | recon=0.4002 | t=52s
  Ep 043 | step 0700/1868 | loss=1.0512 | diff=0.6264 | kd=0.5463 | recon=0.3701 | t=56s
  Ep 043 | step 0750/1868 | loss=1.0792 | diff=0.6208 | kd=0.5680 | recon=0.4015 | t=60s
  Ep 043 | step 0800/1868 | loss=1.0871 | diff=0.6205 | kd=0.4819 | recon=0.4184 | t=64s
  Ep 043 | step 0850/1868 | loss=1.0589 | diff=0.6176 | kd=0.4031 | recon=0.4010 | t=68s
  Ep 043 | step 0900/1868 | loss=1.0762 | diff=0.6624 | kd=0.7814 | recon=0.3356 | t=71s
  Ep 043 | step 0950/1868 | loss=1.0854 | diff=0.6194 | kd=0.5923 | recon=0.4067 | t=75s
  Ep 043 | step 1000/1868 | loss=1.0543 | diff=0.6184 | kd=0.4234 | recon=0.3936 | t=79s
  Ep 043 | step 1050/1868 | loss=1.1830 | diff=0.6189 | kd=0.9106 | recon=0.4731 | t=83s
  Ep 043 | step 1100/1868 | loss=1.0711 | diff=0.6261 | kd=0.3848 | recon=0.4066 | t=87s
  Ep 043 | step 1150/1868 | loss=1.0656 | diff=0.6258 | kd=0.5008 | recon=0.3897 | t=91s
  Ep 043 | step 1200/1868 | loss=1.0456 | diff=0.6195 | kd=0.3447 | recon=0.3916 | t=95s
  Ep 043 | step 1250/1868 | loss=1.1394 | diff=0.6233 | kd=0.5869 | recon=0.4575 | t=99s
  Ep 043 | step 1300/1868 | loss=1.1448 | diff=0.6179 | kd=0.5619 | recon=0.4707 | t=103s
  Ep 043 | step 1350/1868 | loss=1.0929 | diff=0.6171 | kd=0.5345 | recon=0.4224 | t=107s
  Ep 043 | step 1400/1868 | loss=1.0375 | diff=0.6170 | kd=0.6012 | recon=0.3603 | t=111s
  Ep 043 | step 1450/1868 | loss=1.1729 | diff=0.6706 | kd=0.9547 | recon=0.4069 | t=115s
  Ep 043 | step 1500/1868 | loss=1.0991 | diff=0.6150 | kd=0.5483 | recon=0.4293 | t=119s
  Ep 043 | step 1550/1868 | loss=1.0041 | diff=0.6173 | kd=0.3671 | recon=0.3500 | t=122s
  Ep 043 | step 1600/1868 | loss=1.0523 | diff=0.6172 | kd=0.4397 | recon=0.3911 | t=126s
  Ep 043 | step 1650/1868 | loss=1.0967 | diff=0.6172 | kd=0.2946 | recon=0.4500 | t=130s
  Ep 043 | step 1700/1868 | loss=1.1704 | diff=0.6180 | kd=0.5176 | recon=0.5006 | t=134s
  Ep 043 | step 1750/1868 | loss=1.0260 | diff=0.6231 | kd=0.3829 | recon=0.3646 | t=138s
  Ep 043 | step 1800/1868 | loss=1.0327 | diff=0.6215 | kd=0.4539 | recon=0.3659 | t=142s
  Ep 043 | step 1850/1868 | loss=1.1423 | diff=0.6206 | kd=0.6598 | recon=0.4557 | t=146s

  ── Epoch 043/200 (190s) ──────────────────────
  Train  loss=1.0809  diff=0.6237  kd=0.5184  recon=0.4054
  Val    loss=1.0759  RMSE=0.4895  MAE=0.4050  lr=8.91e-05
  [BEST] Checkpoint saved → checkpoints/best_model.pth

  Ep 044 | step 0000/1868 | loss=1.0440 | diff=0.6172 | kd=0.5569 | recon=0.3711 | t=1s
  Ep 044 | step 0050/1868 | loss=1.0660 | diff=0.6219 | kd=0.3823 | recon=0.4059 | t=5s
  Ep 044 | step 0100/1868 | loss=1.0652 | diff=0.6230 | kd=0.3535 | recon=0.4069 | t=8s
  Ep 044 | step 0150/1868 | loss=1.0376 | diff=0.6195 | kd=0.4616 | recon=0.3719 | t=12s
  Ep 044 | step 0200/1868 | loss=1.0504 | diff=0.6496 | kd=0.4701 | recon=0.3538 | t=16s
  Ep 044 | step 0250/1868 | loss=0.9818 | diff=0.6213 | kd=0.3398 | recon=0.3265 | t=20s
  Ep 044 | step 0300/1868 | loss=1.0957 | diff=0.6207 | kd=0.4666 | recon=0.4284 | t=24s
  Ep 044 | step 0350/1868 | loss=1.0387 | diff=0.6207 | kd=0.4187 | recon=0.3762 | t=28s
  Ep 044 | step 0400/1868 | loss=1.1353 | diff=0.7070 | kd=0.4590 | recon=0.3824 | t=32s
  Ep 044 | step 0450/1868 | loss=1.1377 | diff=0.6314 | kd=0.4714 | recon=0.4592 | t=36s
  Ep 044 | step 0500/1868 | loss=1.0357 | diff=0.6187 | kd=0.3908 | recon=0.3779 | t=40s
  Ep 044 | step 0550/1868 | loss=1.0370 | diff=0.6195 | kd=0.5038 | recon=0.3672 | t=44s
  Ep 044 | step 0600/1868 | loss=1.0260 | diff=0.6140 | kd=0.3794 | recon=0.3740 | t=48s
  Ep 044 | step 0650/1868 | loss=1.0706 | diff=0.6195 | kd=0.3915 | recon=0.4120 | t=51s
  Ep 044 | step 0700/1868 | loss=1.0802 | diff=0.6204 | kd=0.5653 | recon=0.4033 | t=55s
  Ep 044 | step 0750/1868 | loss=1.1212 | diff=0.6176 | kd=0.7526 | recon=0.4283 | t=59s
  Ep 044 | step 0800/1868 | loss=1.0338 | diff=0.6138 | kd=0.4921 | recon=0.3707 | t=63s
  Ep 044 | step 0850/1868 | loss=1.1578 | diff=0.6162 | kd=0.5502 | recon=0.4866 | t=67s
  Ep 044 | step 0900/1868 | loss=1.1280 | diff=0.6291 | kd=0.4362 | recon=0.4553 | t=71s
  Ep 044 | step 0950/1868 | loss=0.9938 | diff=0.6176 | kd=0.4297 | recon=0.3333 | t=75s
  Ep 044 | step 1000/1868 | loss=1.1058 | diff=0.6201 | kd=0.4038 | recon=0.4453 | t=79s
  Ep 044 | step 1050/1868 | loss=1.0125 | diff=0.6150 | kd=0.3798 | recon=0.3595 | t=83s
  Ep 044 | step 1100/1868 | loss=1.0285 | diff=0.6187 | kd=0.4123 | recon=0.3686 | t=87s
  Ep 044 | step 1150/1868 | loss=1.0210 | diff=0.6145 | kd=0.3837 | recon=0.3681 | t=91s
  Ep 044 | step 1200/1868 | loss=1.0693 | diff=0.6204 | kd=0.5832 | recon=0.3906 | t=95s
  Ep 044 | step 1250/1868 | loss=1.0911 | diff=0.6192 | kd=0.6823 | recon=0.4038 | t=99s
  Ep 044 | step 1300/1868 | loss=1.0655 | diff=0.6197 | kd=0.5192 | recon=0.3939 | t=103s
  Ep 044 | step 1350/1868 | loss=1.0936 | diff=0.6234 | kd=0.6377 | recon=0.4065 | t=107s
  Ep 044 | step 1400/1868 | loss=1.1440 | diff=0.6180 | kd=0.3960 | recon=0.4863 | t=111s
  Ep 044 | step 1450/1868 | loss=1.0162 | diff=0.6215 | kd=0.4559 | recon=0.3492 | t=115s
  Ep 044 | step 1500/1868 | loss=1.1355 | diff=0.6164 | kd=0.4284 | recon=0.4763 | t=118s
  Ep 044 | step 1550/1868 | loss=1.2257 | diff=0.7084 | kd=0.8840 | recon=0.4289 | t=122s
  Ep 044 | step 1600/1868 | loss=1.0718 | diff=0.6205 | kd=0.4086 | recon=0.4104 | t=126s
  Ep 044 | step 1650/1868 | loss=1.0173 | diff=0.6180 | kd=0.4443 | recon=0.3549 | t=130s
  Ep 044 | step 1700/1868 | loss=1.0825 | diff=0.6241 | kd=0.3746 | recon=0.4210 | t=134s
  Ep 044 | step 1750/1868 | loss=1.1385 | diff=0.6333 | kd=0.4373 | recon=0.4614 | t=138s
  Ep 044 | step 1800/1868 | loss=1.0589 | diff=0.6216 | kd=0.5790 | recon=0.3794 | t=142s
  Ep 044 | step 1850/1868 | loss=1.1347 | diff=0.6774 | kd=0.4136 | recon=0.4159 | t=146s

  ── Epoch 044/200 (190s) ──────────────────────
  Train  loss=1.0808  diff=0.6238  kd=0.5161  recon=0.4053
  Val    loss=1.0759  RMSE=0.4895  MAE=0.4050  lr=8.86e-05

  Ep 045 | step 0000/1868 | loss=1.1103 | diff=0.6172 | kd=0.6264 | recon=0.4304 | t=1s
  Ep 045 | step 0050/1868 | loss=1.1366 | diff=0.6267 | kd=0.6975 | recon=0.4401 | t=4s
  Ep 045 | step 0100/1868 | loss=1.0621 | diff=0.6629 | kd=0.3908 | recon=0.3601 | t=8s
  Ep 045 | step 0150/1868 | loss=1.0942 | diff=0.6168 | kd=0.4779 | recon=0.4296 | t=12s
  Ep 045 | step 0200/1868 | loss=1.2006 | diff=0.6172 | kd=1.1578 | recon=0.4676 | t=16s
  Ep 045 | step 0250/1868 | loss=1.1140 | diff=0.6311 | kd=0.4131 | recon=0.4417 | t=20s
  Ep 045 | step 0300/1868 | loss=1.0245 | diff=0.6175 | kd=0.4748 | recon=0.3595 | t=24s
  Ep 045 | step 0350/1868 | loss=1.1126 | diff=0.6283 | kd=0.3872 | recon=0.4456 | t=28s
  Ep 045 | step 0400/1868 | loss=1.0336 | diff=0.6222 | kd=0.5097 | recon=0.3604 | t=32s
  Ep 045 | step 0450/1868 | loss=1.0046 | diff=0.6186 | kd=0.4120 | recon=0.3448 | t=36s
  Ep 045 | step 0500/1868 | loss=1.0506 | diff=0.6388 | kd=0.5382 | recon=0.3580 | t=40s
  Ep 045 | step 0550/1868 | loss=1.0640 | diff=0.6350 | kd=0.4275 | recon=0.3862 | t=44s
  Ep 045 | step 0600/1868 | loss=1.0914 | diff=0.6240 | kd=0.5823 | recon=0.4091 | t=48s
  Ep 045 | step 0650/1868 | loss=1.0402 | diff=0.6203 | kd=0.3985 | recon=0.3801 | t=52s
  Ep 045 | step 0700/1868 | loss=1.0210 | diff=0.6200 | kd=0.4411 | recon=0.3569 | t=56s
  Ep 045 | step 0750/1868 | loss=1.0395 | diff=0.6200 | kd=0.3979 | recon=0.3797 | t=60s
  Ep 045 | step 0800/1868 | loss=1.0177 | diff=0.6164 | kd=0.5564 | recon=0.3456 | t=63s
  Ep 045 | step 0850/1868 | loss=1.0406 | diff=0.6238 | kd=0.4719 | recon=0.3697 | t=67s
  Ep 045 | step 0900/1868 | loss=1.0239 | diff=0.6203 | kd=0.4130 | recon=0.3623 | t=71s
  Ep 045 | step 0950/1868 | loss=1.0556 | diff=0.6153 | kd=0.4311 | recon=0.3971 | t=75s
  Ep 045 | step 1000/1868 | loss=1.0510 | diff=0.6220 | kd=0.3939 | recon=0.3895 | t=79s
  Ep 045 | step 1050/1868 | loss=1.0411 | diff=0.6161 | kd=0.2798 | recon=0.3970 | t=83s
  Ep 045 | step 1100/1868 | loss=1.0694 | diff=0.6194 | kd=0.4591 | recon=0.4041 | t=87s
  Ep 045 | step 1150/1868 | loss=1.0759 | diff=0.6207 | kd=0.5181 | recon=0.4033 | t=91s
  Ep 045 | step 1200/1868 | loss=1.0158 | diff=0.6317 | kd=0.3353 | recon=0.3506 | t=95s
  Ep 045 | step 1250/1868 | loss=1.0833 | diff=0.6395 | kd=0.4936 | recon=0.3944 | t=99s
  Ep 045 | step 1300/1868 | loss=1.0314 | diff=0.6194 | kd=0.3284 | recon=0.3791 | t=103s
  Ep 045 | step 1350/1868 | loss=1.0658 | diff=0.6237 | kd=0.3348 | recon=0.4086 | t=107s
  Ep 045 | step 1400/1868 | loss=1.1265 | diff=0.6198 | kd=0.5059 | recon=0.4562 | t=111s
  Ep 045 | step 1450/1868 | loss=1.0705 | diff=0.6184 | kd=0.5603 | recon=0.3961 | t=115s
  Ep 045 | step 1500/1868 | loss=1.0712 | diff=0.6215 | kd=0.6771 | recon=0.3820 | t=119s
  Ep 045 | step 1550/1868 | loss=1.0897 | diff=0.6205 | kd=0.5515 | recon=0.4141 | t=122s
  Ep 045 | step 1600/1868 | loss=1.0454 | diff=0.6188 | kd=0.5264 | recon=0.3739 | t=126s
  Ep 045 | step 1650/1868 | loss=1.1086 | diff=0.6172 | kd=0.4026 | recon=0.4511 | t=130s
  Ep 045 | step 1700/1868 | loss=1.0989 | diff=0.6174 | kd=0.5635 | recon=0.4252 | t=134s
  Ep 045 | step 1750/1868 | loss=1.1175 | diff=0.6411 | kd=0.3889 | recon=0.4374 | t=138s
  Ep 045 | step 1800/1868 | loss=1.0143 | diff=0.6148 | kd=0.5366 | recon=0.3459 | t=142s
  Ep 045 | step 1850/1868 | loss=1.0458 | diff=0.6214 | kd=0.4425 | recon=0.3802 | t=146s

  ── Epoch 045/200 (190s) ──────────────────────
  Train  loss=1.0791  diff=0.6236  kd=0.5010  recon=0.4053
  Val    loss=1.0762  RMSE=0.4895  MAE=0.4050  lr=8.81e-05

  Ep 046 | step 0000/1868 | loss=1.1620 | diff=0.6470 | kd=0.5576 | recon=0.4591 | t=1s
  Ep 046 | step 0050/1868 | loss=1.0880 | diff=0.6247 | kd=0.5188 | recon=0.4115 | t=5s
  Ep 046 | step 0100/1868 | loss=1.1456 | diff=0.6191 | kd=0.4138 | recon=0.4851 | t=9s
  Ep 046 | step 0150/1868 | loss=1.0049 | diff=0.6190 | kd=0.5327 | recon=0.3326 | t=13s
  Ep 046 | step 0200/1868 | loss=1.1871 | diff=0.6280 | kd=0.6954 | recon=0.4895 | t=16s
  Ep 046 | step 0250/1868 | loss=1.1281 | diff=0.6188 | kd=0.4890 | recon=0.4604 | t=20s
  Ep 046 | step 0300/1868 | loss=1.1227 | diff=0.6207 | kd=0.6363 | recon=0.4384 | t=24s
  Ep 046 | step 0350/1868 | loss=1.0828 | diff=0.6182 | kd=0.4617 | recon=0.4185 | t=28s
  Ep 046 | step 0400/1868 | loss=1.0422 | diff=0.6184 | kd=0.5179 | recon=0.3721 | t=32s
  Ep 046 | step 0450/1868 | loss=1.0759 | diff=0.6188 | kd=0.5672 | recon=0.4005 | t=36s
  Ep 046 | step 0500/1868 | loss=1.0648 | diff=0.6158 | kd=0.4794 | recon=0.4011 | t=40s
  Ep 046 | step 0550/1868 | loss=1.0840 | diff=0.6208 | kd=0.5763 | recon=0.4056 | t=44s
  Ep 046 | step 0600/1868 | loss=1.0157 | diff=0.6157 | kd=0.5952 | recon=0.3405 | t=48s
  Ep 046 | step 0650/1868 | loss=1.1169 | diff=0.6177 | kd=0.3938 | recon=0.4598 | t=52s
  Ep 046 | step 0700/1868 | loss=1.0490 | diff=0.6173 | kd=0.3195 | recon=0.3997 | t=56s
  Ep 046 | step 0750/1868 | loss=1.0975 | diff=0.6167 | kd=0.4475 | recon=0.4361 | t=60s
  Ep 046 | step 0800/1868 | loss=1.0960 | diff=0.6266 | kd=0.8558 | recon=0.3839 | t=64s
  Ep 046 | step 0850/1868 | loss=1.0325 | diff=0.6249 | kd=0.4655 | recon=0.3610 | t=68s
  Ep 046 | step 0900/1868 | loss=1.0131 | diff=0.6252 | kd=0.4986 | recon=0.3381 | t=72s
  Ep 046 | step 0950/1868 | loss=0.9910 | diff=0.6203 | kd=0.5130 | recon=0.3194 | t=76s
  Ep 046 | step 1000/1868 | loss=0.9897 | diff=0.6209 | kd=0.4060 | recon=0.3282 | t=80s
  Ep 046 | step 1050/1868 | loss=1.0575 | diff=0.6166 | kd=0.5055 | recon=0.3904 | t=84s
  Ep 046 | step 1100/1868 | loss=1.1059 | diff=0.6473 | kd=0.6266 | recon=0.3959 | t=88s
  Ep 046 | step 1150/1868 | loss=1.0699 | diff=0.6229 | kd=0.6427 | recon=0.3827 | t=92s
  Ep 046 | step 1200/1868 | loss=1.0589 | diff=0.6255 | kd=0.4340 | recon=0.3900 | t=96s
  Ep 046 | step 1250/1868 | loss=1.0944 | diff=0.6206 | kd=0.4837 | recon=0.4255 | t=100s
  Ep 046 | step 1300/1868 | loss=1.1366 | diff=0.6182 | kd=0.6802 | recon=0.4503 | t=104s
  Ep 046 | step 1350/1868 | loss=1.0773 | diff=0.6238 | kd=0.5105 | recon=0.4025 | t=108s
  Ep 046 | step 1400/1868 | loss=1.1119 | diff=0.6180 | kd=0.5322 | recon=0.4407 | t=112s
  Ep 046 | step 1450/1868 | loss=1.0664 | diff=0.6168 | kd=0.7637 | recon=0.3732 | t=115s
  Ep 046 | step 1500/1868 | loss=1.0730 | diff=0.6236 | kd=0.6507 | recon=0.3843 | t=119s
  Ep 046 | step 1550/1868 | loss=1.1626 | diff=0.6175 | kd=0.5617 | recon=0.4890 | t=123s
  Ep 046 | step 1600/1868 | loss=1.1552 | diff=0.6219 | kd=0.5556 | recon=0.4777 | t=127s
  Ep 046 | step 1650/1868 | loss=1.0616 | diff=0.6205 | kd=0.5017 | recon=0.3909 | t=131s
  Ep 046 | step 1700/1868 | loss=1.0329 | diff=0.6190 | kd=0.3756 | recon=0.3763 | t=135s
  Ep 046 | step 1750/1868 | loss=1.0763 | diff=0.6174 | kd=0.6135 | recon=0.3976 | t=139s
  Ep 046 | step 1800/1868 | loss=1.0970 | diff=0.6211 | kd=0.4456 | recon=0.4313 | t=143s
  Ep 046 | step 1850/1868 | loss=1.0666 | diff=0.6150 | kd=0.3218 | recon=0.4194 | t=147s

  ── Epoch 046/200 (191s) ──────────────────────
  Train  loss=1.0813  diff=0.6231  kd=0.5292  recon=0.4053
  Val    loss=1.0824  RMSE=0.4895  MAE=0.4050  lr=8.76e-05

  Ep 047 | step 0000/1868 | loss=1.1492 | diff=0.6224 | kd=0.6667 | recon=0.4601 | t=1s
  Ep 047 | step 0050/1868 | loss=1.0503 | diff=0.6222 | kd=0.3572 | recon=0.3924 | t=5s
  Ep 047 | step 0100/1868 | loss=1.1636 | diff=0.6166 | kd=0.4285 | recon=0.5042 | t=8s
  Ep 047 | step 0150/1868 | loss=1.1607 | diff=0.6306 | kd=0.5560 | recon=0.4745 | t=12s
  Ep 047 | step 0200/1868 | loss=1.1683 | diff=0.6209 | kd=0.6751 | recon=0.4799 | t=16s
  Ep 047 | step 0250/1868 | loss=0.9483 | diff=0.6156 | kd=0.3649 | recon=0.2962 | t=20s
  Ep 047 | step 0300/1868 | loss=1.1058 | diff=0.6157 | kd=0.5144 | recon=0.4387 | t=24s
  Ep 047 | step 0350/1868 | loss=1.0740 | diff=0.6211 | kd=0.3966 | recon=0.4133 | t=28s
  Ep 047 | step 0400/1868 | loss=1.1263 | diff=0.6193 | kd=0.5294 | recon=0.4541 | t=32s
  Ep 047 | step 0450/1868 | loss=1.0452 | diff=0.6153 | kd=0.5161 | recon=0.3783 | t=36s
  Ep 047 | step 0500/1868 | loss=1.1821 | diff=0.6224 | kd=0.7551 | recon=0.4842 | t=40s
  Ep 047 | step 0550/1868 | loss=1.0801 | diff=0.6541 | kd=0.4330 | recon=0.3827 | t=44s
  Ep 047 | step 0600/1868 | loss=1.0443 | diff=0.6192 | kd=0.4966 | recon=0.3755 | t=48s
  Ep 047 | step 0650/1868 | loss=1.0286 | diff=0.6407 | kd=0.5377 | recon=0.3341 | t=51s
  Ep 047 | step 0700/1868 | loss=1.0499 | diff=0.6165 | kd=0.3895 | recon=0.3945 | t=55s
  Ep 047 | step 0750/1868 | loss=1.1603 | diff=0.6158 | kd=0.7299 | recon=0.4714 | t=59s
  Ep 047 | step 0800/1868 | loss=1.0960 | diff=0.6176 | kd=0.6582 | recon=0.4126 | t=63s
  Ep 047 | step 0850/1868 | loss=1.0212 | diff=0.6258 | kd=0.5328 | recon=0.3421 | t=67s
  Ep 047 | step 0900/1868 | loss=1.0730 | diff=0.6193 | kd=0.5325 | recon=0.4004 | t=71s
  Ep 047 | step 0950/1868 | loss=1.1909 | diff=0.6252 | kd=0.6605 | recon=0.4996 | t=75s
  Ep 047 | step 1000/1868 | loss=1.1388 | diff=0.6218 | kd=0.5078 | recon=0.4662 | t=79s
  Ep 047 | step 1050/1868 | loss=1.2176 | diff=0.6210 | kd=0.5007 | recon=0.5466 | t=83s
  Ep 047 | step 1100/1868 | loss=1.0699 | diff=0.6202 | kd=0.5930 | recon=0.3903 | t=87s
  Ep 047 | step 1150/1868 | loss=1.1173 | diff=0.6162 | kd=0.5913 | recon=0.4419 | t=91s
  Ep 047 | step 1200/1868 | loss=0.9873 | diff=0.6191 | kd=0.5619 | recon=0.3120 | t=95s
  Ep 047 | step 1250/1868 | loss=0.9935 | diff=0.6161 | kd=0.3440 | recon=0.3430 | t=99s
  Ep 047 | step 1300/1868 | loss=1.0733 | diff=0.6209 | kd=0.4941 | recon=0.4030 | t=103s
  Ep 047 | step 1350/1868 | loss=1.1213 | diff=0.6196 | kd=0.6454 | recon=0.4372 | t=107s
  Ep 047 | step 1400/1868 | loss=1.1592 | diff=0.6123 | kd=0.5596 | recon=0.4909 | t=111s
  Ep 047 | step 1450/1868 | loss=1.1040 | diff=0.6167 | kd=0.4812 | recon=0.4392 | t=114s
  Ep 047 | step 1500/1868 | loss=1.1116 | diff=0.6191 | kd=0.4285 | recon=0.4497 | t=118s
  Ep 047 | step 1550/1868 | loss=1.0168 | diff=0.6167 | kd=0.3684 | recon=0.3632 | t=122s
  Ep 047 | step 1600/1868 | loss=1.1010 | diff=0.6428 | kd=0.5757 | recon=0.4005 | t=126s
  Ep 047 | step 1650/1868 | loss=1.0702 | diff=0.6302 | kd=0.4474 | recon=0.3952 | t=130s
  Ep 047 | step 1700/1868 | loss=1.0628 | diff=0.6224 | kd=0.5374 | recon=0.3866 | t=134s
  Ep 047 | step 1750/1868 | loss=1.0824 | diff=0.6134 | kd=0.4602 | recon=0.4230 | t=138s
  Ep 047 | step 1800/1868 | loss=1.0670 | diff=0.6171 | kd=0.7666 | recon=0.3732 | t=142s
  Ep 047 | step 1850/1868 | loss=1.1590 | diff=0.6142 | kd=0.4508 | recon=0.4997 | t=146s

  ── Epoch 047/200 (190s) ──────────────────────
  Train  loss=1.0794  diff=0.6227  kd=0.5135  recon=0.4053
  Val    loss=1.0797  RMSE=0.4895  MAE=0.4050  lr=8.71e-05

  Ep 048 | step 0000/1868 | loss=1.0841 | diff=0.6194 | kd=0.5179 | recon=0.4129 | t=1s
  Ep 048 | step 0050/1868 | loss=1.0650 | diff=0.6139 | kd=0.5636 | recon=0.3948 | t=5s
  Ep 048 | step 0100/1868 | loss=1.1963 | diff=0.6232 | kd=0.9266 | recon=0.4804 | t=9s
  Ep 048 | step 0150/1868 | loss=1.0343 | diff=0.6189 | kd=0.3059 | recon=0.3848 | t=12s
  Ep 048 | step 0200/1868 | loss=1.0685 | diff=0.6215 | kd=0.3364 | recon=0.4133 | t=16s
  Ep 048 | step 0250/1868 | loss=1.0625 | diff=0.6170 | kd=0.5656 | recon=0.3889 | t=20s
  Ep 048 | step 0300/1868 | loss=1.1447 | diff=0.7074 | kd=0.4416 | recon=0.3931 | t=24s
  Ep 048 | step 0350/1868 | loss=1.1380 | diff=0.6226 | kd=0.4509 | recon=0.4704 | t=28s
  Ep 048 | step 0400/1868 | loss=0.9889 | diff=0.6190 | kd=0.5482 | recon=0.3151 | t=32s
  Ep 048 | step 0450/1868 | loss=0.9969 | diff=0.6170 | kd=0.5389 | recon=0.3260 | t=36s
  Ep 048 | step 0500/1868 | loss=1.0233 | diff=0.6171 | kd=0.3401 | recon=0.3721 | t=40s
  Ep 048 | step 0550/1868 | loss=1.0517 | diff=0.6187 | kd=0.4429 | recon=0.3887 | t=44s
  Ep 048 | step 0600/1868 | loss=1.0471 | diff=0.6166 | kd=0.4251 | recon=0.3879 | t=48s
  Ep 048 | step 0650/1868 | loss=1.0718 | diff=0.6202 | kd=0.4821 | recon=0.4033 | t=52s
  Ep 048 | step 0700/1868 | loss=1.1256 | diff=0.6164 | kd=0.4560 | recon=0.4636 | t=56s
  Ep 048 | step 0750/1868 | loss=1.1357 | diff=0.6175 | kd=0.6110 | recon=0.4571 | t=60s
  Ep 048 | step 0800/1868 | loss=1.0610 | diff=0.6205 | kd=0.5357 | recon=0.3869 | t=63s
  Ep 048 | step 0850/1868 | loss=1.0892 | diff=0.6173 | kd=0.4813 | recon=0.4237 | t=67s
  Ep 048 | step 0900/1868 | loss=1.0631 | diff=0.6219 | kd=0.3968 | recon=0.4016 | t=71s
  Ep 048 | step 0950/1868 | loss=1.0156 | diff=0.6476 | kd=0.4370 | recon=0.3243 | t=75s
  Ep 048 | step 1000/1868 | loss=1.0593 | diff=0.6219 | kd=0.4617 | recon=0.3912 | t=79s
  Ep 048 | step 1050/1868 | loss=1.1376 | diff=0.6861 | kd=0.6047 | recon=0.3910 | t=83s
  Ep 048 | step 1100/1868 | loss=1.0615 | diff=0.6195 | kd=0.5614 | recon=0.3859 | t=87s
  Ep 048 | step 1150/1868 | loss=1.1050 | diff=0.6200 | kd=0.7167 | recon=0.4133 | t=91s
  Ep 048 | step 1200/1868 | loss=1.0743 | diff=0.6163 | kd=0.5339 | recon=0.4046 | t=95s
  Ep 048 | step 1250/1868 | loss=1.1182 | diff=0.6340 | kd=0.3781 | recon=0.4464 | t=99s
  Ep 048 | step 1300/1868 | loss=1.0262 | diff=0.6224 | kd=0.3927 | recon=0.3645 | t=103s
  Ep 048 | step 1350/1868 | loss=1.1425 | diff=0.6304 | kd=0.5041 | recon=0.4617 | t=107s
  Ep 048 | step 1400/1868 | loss=1.1388 | diff=0.6203 | kd=0.8314 | recon=0.4354 | t=111s
  Ep 048 | step 1450/1868 | loss=1.0515 | diff=0.6164 | kd=0.4785 | recon=0.3873 | t=114s
  Ep 048 | step 1500/1868 | loss=1.0381 | diff=0.6192 | kd=0.3652 | recon=0.3825 | t=118s
  Ep 048 | step 1550/1868 | loss=1.1247 | diff=0.6160 | kd=0.4842 | recon=0.4602 | t=122s
  Ep 048 | step 1600/1868 | loss=1.1149 | diff=0.7106 | kd=0.4517 | recon=0.3591 | t=126s
  Ep 048 | step 1650/1868 | loss=1.1084 | diff=0.6184 | kd=0.9028 | recon=0.3998 | t=130s
  Ep 048 | step 1700/1868 | loss=1.1200 | diff=0.6159 | kd=0.3986 | recon=0.4642 | t=134s
  Ep 048 | step 1750/1868 | loss=1.2162 | diff=0.6195 | kd=0.6008 | recon=0.5366 | t=138s
  Ep 048 | step 1800/1868 | loss=1.1806 | diff=0.6145 | kd=0.5696 | recon=0.5091 | t=142s
  Ep 048 | step 1850/1868 | loss=1.0497 | diff=0.6169 | kd=0.5766 | recon=0.3751 | t=146s

  ── Epoch 048/200 (190s) ──────────────────────
  Train  loss=1.0815  diff=0.6236  kd=0.5252  recon=0.4053
  Val    loss=1.0917  RMSE=0.4896  MAE=0.4050  lr=8.66e-05

  Ep 049 | step 0000/1868 | loss=1.1058 | diff=0.6305 | kd=0.6174 | recon=0.4135 | t=1s
  Ep 049 | step 0050/1868 | loss=1.0185 | diff=0.6201 | kd=0.4932 | recon=0.3491 | t=4s
  Ep 049 | step 0100/1868 | loss=1.1042 | diff=0.6208 | kd=0.7063 | recon=0.4128 | t=8s
  Ep 049 | step 0150/1868 | loss=1.0603 | diff=0.6237 | kd=0.6950 | recon=0.3672 | t=12s
  Ep 049 | step 0200/1868 | loss=1.1071 | diff=0.6191 | kd=0.5234 | recon=0.4356 | t=16s
  Ep 049 | step 0250/1868 | loss=1.1028 | diff=0.6976 | kd=0.3080 | recon=0.3744 | t=20s
  Ep 049 | step 0300/1868 | loss=1.0882 | diff=0.6643 | kd=0.4856 | recon=0.3753 | t=24s
  Ep 049 | step 0350/1868 | loss=1.2140 | diff=0.6195 | kd=0.8500 | recon=0.5096 | t=28s
  Ep 049 | step 0400/1868 | loss=0.9703 | diff=0.6163 | kd=0.4525 | recon=0.3087 | t=32s
  Ep 049 | step 0450/1868 | loss=1.0163 | diff=0.6237 | kd=0.3501 | recon=0.3575 | t=36s
  Ep 049 | step 0500/1868 | loss=1.0115 | diff=0.6197 | kd=0.4279 | recon=0.3490 | t=39s
  Ep 049 | step 0550/1868 | loss=1.1256 | diff=0.6176 | kd=0.3430 | recon=0.4738 | t=43s
  Ep 049 | step 0600/1868 | loss=1.0343 | diff=0.6176 | kd=0.6092 | recon=0.3558 | t=47s
  Ep 049 | step 0650/1868 | loss=0.9877 | diff=0.6242 | kd=0.3949 | recon=0.3240 | t=51s
  Ep 049 | step 0700/1868 | loss=1.0681 | diff=0.6171 | kd=0.4393 | recon=0.4070 | t=55s
  Ep 049 | step 0750/1868 | loss=1.0486 | diff=0.6179 | kd=0.6281 | recon=0.3679 | t=59s
  Ep 049 | step 0800/1868 | loss=1.1158 | diff=0.6225 | kd=0.4900 | recon=0.4442 | t=63s
  Ep 049 | step 0850/1868 | loss=1.1436 | diff=0.6747 | kd=0.4999 | recon=0.4189 | t=67s
  Ep 049 | step 0900/1868 | loss=1.0884 | diff=0.6154 | kd=0.5008 | recon=0.4229 | t=71s
  Ep 049 | step 0950/1868 | loss=1.0224 | diff=0.6199 | kd=0.3703 | recon=0.3655 | t=75s
  Ep 049 | step 1000/1868 | loss=1.0392 | diff=0.6239 | kd=0.4476 | recon=0.3705 | t=78s
  Ep 049 | step 1050/1868 | loss=1.0884 | diff=0.6259 | kd=0.5595 | recon=0.4065 | t=82s
  Ep 049 | step 1100/1868 | loss=1.0574 | diff=0.6157 | kd=0.2794 | recon=0.4138 | t=86s
  Ep 049 | step 1150/1868 | loss=1.0338 | diff=0.6210 | kd=0.5419 | recon=0.3586 | t=90s
  Ep 049 | step 1200/1868 | loss=1.0392 | diff=0.6233 | kd=0.4558 | recon=0.3704 | t=94s
  Ep 049 | step 1250/1868 | loss=1.1224 | diff=0.6329 | kd=0.7669 | recon=0.4128 | t=98s
  Ep 049 | step 1300/1868 | loss=1.1293 | diff=0.6183 | kd=0.3953 | recon=0.4715 | t=102s
  Ep 049 | step 1350/1868 | loss=1.1160 | diff=0.6149 | kd=0.5855 | recon=0.4426 | t=106s
  Ep 049 | step 1400/1868 | loss=1.0465 | diff=0.6164 | kd=0.5817 | recon=0.3719 | t=110s
  Ep 049 | step 1450/1868 | loss=1.0943 | diff=0.6201 | kd=0.5525 | recon=0.4189 | t=114s
  Ep 049 | step 1500/1868 | loss=1.0843 | diff=0.6310 | kd=0.5318 | recon=0.4001 | t=117s
  Ep 049 | step 1550/1868 | loss=1.0798 | diff=0.6302 | kd=0.6505 | recon=0.3846 | t=121s
  Ep 049 | step 1600/1868 | loss=1.1071 | diff=0.6175 | kd=0.5304 | recon=0.4366 | t=125s
  Ep 049 | step 1650/1868 | loss=1.0610 | diff=0.6160 | kd=0.5685 | recon=0.3882 | t=129s
  Ep 049 | step 1700/1868 | loss=1.0462 | diff=0.6188 | kd=0.5425 | recon=0.3731 | t=133s
  Ep 049 | step 1750/1868 | loss=1.0902 | diff=0.6170 | kd=0.5966 | recon=0.4136 | t=137s
  Ep 049 | step 1800/1868 | loss=1.1816 | diff=0.6150 | kd=0.5846 | recon=0.5081 | t=141s
  Ep 049 | step 1850/1868 | loss=1.1331 | diff=0.6212 | kd=0.6833 | recon=0.4436 | t=145s

  ── Epoch 049/200 (189s) ──────────────────────
  Train  loss=1.0802  diff=0.6222  kd=0.5262  recon=0.4053
  Val    loss=1.0789  RMSE=0.4895  MAE=0.4050  lr=8.60e-05

  Ep 050 | step 0000/1868 | loss=1.1116 | diff=0.6194 | kd=0.5423 | recon=0.4380 | t=1s
  Ep 050 | step 0050/1868 | loss=1.0175 | diff=0.6174 | kd=0.4782 | recon=0.3523 | t=4s
  Ep 050 | step 0100/1868 | loss=1.1539 | diff=0.6668 | kd=0.4323 | recon=0.4439 | t=8s
  Ep 050 | step 0150/1868 | loss=1.1116 | diff=0.6222 | kd=0.5619 | recon=0.4331 | t=12s
  Ep 050 | step 0200/1868 | loss=1.0767 | diff=0.6198 | kd=0.5980 | recon=0.3971 | t=16s
  Ep 050 | step 0250/1868 | loss=1.0571 | diff=0.6167 | kd=0.4625 | recon=0.3941 | t=20s
  Ep 050 | step 0300/1868 | loss=1.1317 | diff=0.6237 | kd=0.4777 | recon=0.4603 | t=24s
  Ep 050 | step 0350/1868 | loss=1.0578 | diff=0.6227 | kd=0.6683 | recon=0.3682 | t=28s
  Ep 050 | step 0400/1868 | loss=1.0958 | diff=0.6183 | kd=0.8924 | recon=0.3883 | t=32s
  Ep 050 | step 0450/1868 | loss=1.0412 | diff=0.6134 | kd=0.7474 | recon=0.3531 | t=36s
  Ep 050 | step 0500/1868 | loss=1.0559 | diff=0.6172 | kd=0.5790 | recon=0.3808 | t=40s
  Ep 050 | step 0550/1868 | loss=1.0387 | diff=0.6217 | kd=0.4067 | recon=0.3764 | t=44s
  Ep 050 | step 0600/1868 | loss=1.1404 | diff=0.6170 | kd=0.5377 | recon=0.4696 | t=48s
  Ep 050 | step 0650/1868 | loss=1.0334 | diff=0.6172 | kd=0.5243 | recon=0.3638 | t=52s
  Ep 050 | step 0700/1868 | loss=1.0414 | diff=0.6158 | kd=0.5458 | recon=0.3710 | t=56s
  Ep 050 | step 0750/1868 | loss=1.1418 | diff=0.6170 | kd=0.7613 | recon=0.4486 | t=59s
  Ep 050 | step 0800/1868 | loss=1.0430 | diff=0.6260 | kd=0.3621 | recon=0.3808 | t=63s
  Ep 050 | step 0850/1868 | loss=1.0713 | diff=0.6193 | kd=0.7993 | recon=0.3721 | t=67s
  Ep 050 | step 0900/1868 | loss=1.0543 | diff=0.6220 | kd=0.3175 | recon=0.4005 | t=71s
  Ep 050 | step 0950/1868 | loss=1.0812 | diff=0.6147 | kd=0.5259 | recon=0.4139 | t=75s
  Ep 050 | step 1000/1868 | loss=1.1332 | diff=0.6198 | kd=0.5560 | recon=0.4579 | t=79s
  Ep 050 | step 1050/1868 | loss=1.1130 | diff=0.6279 | kd=0.7452 | recon=0.4106 | t=83s
  Ep 050 | step 1100/1868 | loss=1.1110 | diff=0.6214 | kd=0.4470 | recon=0.4449 | t=87s
  Ep 050 | step 1150/1868 | loss=1.1742 | diff=0.6177 | kd=0.9480 | recon=0.4617 | t=91s
  Ep 050 | step 1200/1868 | loss=1.1362 | diff=0.6193 | kd=1.2501 | recon=0.3919 | t=95s
  Ep 050 | step 1250/1868 | loss=1.0197 | diff=0.6200 | kd=0.3820 | recon=0.3615 | t=99s
  Ep 050 | step 1300/1868 | loss=1.2106 | diff=0.6310 | kd=0.6221 | recon=0.5174 | t=103s
  Ep 050 | step 1350/1868 | loss=1.0457 | diff=0.6181 | kd=0.4214 | recon=0.3854 | t=107s
  Ep 050 | step 1400/1868 | loss=1.0638 | diff=0.6149 | kd=0.7003 | recon=0.3789 | t=111s
  Ep 050 | step 1450/1868 | loss=1.1144 | diff=0.6166 | kd=0.4782 | recon=0.4500 | t=114s
  Ep 050 | step 1500/1868 | loss=1.1320 | diff=0.6197 | kd=0.5217 | recon=0.4602 | t=118s
  Ep 050 | step 1550/1868 | loss=1.1173 | diff=0.6189 | kd=0.4490 | recon=0.4535 | t=122s
  Ep 050 | step 1600/1868 | loss=1.1337 | diff=0.6196 | kd=0.4790 | recon=0.4662 | t=126s
  Ep 050 | step 1650/1868 | loss=1.1132 | diff=0.6663 | kd=0.4679 | recon=0.4000 | t=130s
  Ep 050 | step 1700/1868 | loss=1.0718 | diff=0.6223 | kd=0.5657 | recon=0.3929 | t=134s
  Ep 050 | step 1750/1868 | loss=1.0277 | diff=0.6250 | kd=0.3598 | recon=0.3667 | t=138s
  Ep 050 | step 1800/1868 | loss=1.0910 | diff=0.6185 | kd=0.5776 | recon=0.4148 | t=142s
  Ep 050 | step 1850/1868 | loss=1.1545 | diff=0.6196 | kd=0.4794 | recon=0.4869 | t=147s

  ── Epoch 050/200 (204s) ──────────────────────
  Train  loss=1.0815  diff=0.6243  kd=0.5181  recon=0.4054
  Val    loss=1.0821  RMSE=0.4894  MAE=0.4050  lr=8.55e-05
  [EP50] Checkpoint saved → checkpoints/epoch_050.pth

  Ep 051 | step 0000/1868 | loss=1.1073 | diff=0.6929 | kd=0.4171 | recon=0.3727 | t=0s
  Ep 051 | step 0050/1868 | loss=1.1652 | diff=0.6162 | kd=0.4960 | recon=0.4993 | t=5s
  Ep 051 | step 0100/1868 | loss=1.0500 | diff=0.6217 | kd=0.3053 | recon=0.3977 | t=10s
  Ep 051 | step 0150/1868 | loss=1.0696 | diff=0.6183 | kd=0.3967 | recon=0.4116 | t=15s
  Ep 051 | step 0200/1868 | loss=1.1198 | diff=0.6175 | kd=0.6440 | recon=0.4378 | t=20s
  Ep 051 | step 0250/1868 | loss=1.0513 | diff=0.6159 | kd=0.6012 | recon=0.3753 | t=25s
  Ep 051 | step 0300/1868 | loss=1.0510 | diff=0.6195 | kd=0.3832 | recon=0.3932 | t=30s
  Ep 051 | step 0350/1868 | loss=1.0865 | diff=0.6270 | kd=0.4080 | recon=0.4186 | t=35s
  Ep 051 | step 0400/1868 | loss=0.9986 | diff=0.6201 | kd=0.3935 | recon=0.3391 | t=40s
  Ep 051 | step 0450/1868 | loss=1.1216 | diff=0.6432 | kd=0.6669 | recon=0.4117 | t=44s
  Ep 051 | step 0500/1868 | loss=1.0761 | diff=0.6181 | kd=0.4184 | recon=0.4162 | t=49s
  Ep 051 | step 0550/1868 | loss=1.1784 | diff=0.6207 | kd=0.6445 | recon=0.4932 | t=54s
  Ep 051 | step 0600/1868 | loss=1.0093 | diff=0.6210 | kd=0.4524 | recon=0.3431 | t=59s
  Ep 051 | step 0650/1868 | loss=1.0889 | diff=0.6173 | kd=0.5437 | recon=0.4173 | t=64s
  Ep 051 | step 0700/1868 | loss=0.9930 | diff=0.6295 | kd=0.4705 | recon=0.3165 | t=69s
  Ep 051 | step 0750/1868 | loss=0.9951 | diff=0.6183 | kd=0.4909 | recon=0.3277 | t=74s
  Ep 051 | step 0800/1868 | loss=1.1123 | diff=0.6144 | kd=0.3859 | recon=0.4593 | t=79s
  Ep 051 | step 0850/1868 | loss=1.0994 | diff=0.6162 | kd=0.5817 | recon=0.4250 | t=84s
  Ep 051 | step 0900/1868 | loss=1.0941 | diff=0.6169 | kd=0.5856 | recon=0.4186 | t=89s
  Ep 051 | step 0950/1868 | loss=1.1390 | diff=0.6166 | kd=0.8014 | recon=0.4423 | t=94s
  Ep 051 | step 1000/1868 | loss=1.0682 | diff=0.6226 | kd=0.4143 | recon=0.4041 | t=99s
  Ep 051 | step 1050/1868 | loss=0.9873 | diff=0.6160 | kd=0.3832 | recon=0.3330 | t=103s
  Ep 051 | step 1100/1868 | loss=1.1168 | diff=0.6225 | kd=0.5256 | recon=0.4417 | t=108s
  Ep 051 | step 1150/1868 | loss=1.0440 | diff=0.6194 | kd=0.4368 | recon=0.3809 | t=113s
  Ep 051 | step 1200/1868 | loss=1.0487 | diff=0.6163 | kd=0.5270 | recon=0.3797 | t=118s
  Ep 051 | step 1250/1868 | loss=0.9959 | diff=0.6158 | kd=0.4229 | recon=0.3379 | t=123s
  Ep 051 | step 1300/1868 | loss=1.0294 | diff=0.6205 | kd=0.5921 | recon=0.3497 | t=128s
  Ep 051 | step 1350/1868 | loss=1.0680 | diff=0.6218 | kd=0.6007 | recon=0.3861 | t=133s
  Ep 051 | step 1400/1868 | loss=1.0094 | diff=0.6138 | kd=0.5098 | recon=0.3445 | t=138s
  Ep 051 | step 1450/1868 | loss=1.1298 | diff=0.6608 | kd=0.4587 | recon=0.4231 | t=143s
  Ep 051 | step 1500/1868 | loss=1.0367 | diff=0.6174 | kd=0.5095 | recon=0.3684 | t=148s
  Ep 051 | step 1550/1868 | loss=1.1509 | diff=0.6131 | kd=0.5485 | recon=0.4830 | t=153s
  Ep 051 | step 1600/1868 | loss=1.0160 | diff=0.6217 | kd=0.5151 | recon=0.3428 | t=158s
  Ep 051 | step 1650/1868 | loss=1.0463 | diff=0.6237 | kd=0.5084 | recon=0.3718 | t=163s
  Ep 051 | step 1700/1868 | loss=1.0753 | diff=0.6202 | kd=0.6136 | recon=0.3938 | t=167s
  Ep 051 | step 1750/1868 | loss=1.0629 | diff=0.6221 | kd=0.5294 | recon=0.3879 | t=172s
  Ep 051 | step 1800/1868 | loss=1.0532 | diff=0.6203 | kd=0.3798 | recon=0.3949 | t=177s
  Ep 051 | step 1850/1868 | loss=1.0945 | diff=0.6185 | kd=0.6386 | recon=0.4121 | t=182s

  ── Epoch 051/200 (240s) ──────────────────────
  Train  loss=1.0783  diff=0.6217  kd=0.5126  recon=0.4053
  Val    loss=1.0743  RMSE=0.4894  MAE=0.4050  lr=8.49e-05
  [BEST] Checkpoint saved → checkpoints/best_model.pth

  Ep 052 | step 0000/1868 | loss=1.0500 | diff=0.6166 | kd=0.4047 | recon=0.3930 | t=1s
  Ep 052 | step 0050/1868 | loss=1.0683 | diff=0.6152 | kd=0.3572 | recon=0.4173 | t=6s
  Ep 052 | step 0100/1868 | loss=1.0576 | diff=0.6184 | kd=0.3969 | recon=0.3994 | t=11s
  Ep 052 | step 0150/1868 | loss=1.0766 | diff=0.6156 | kd=0.5991 | recon=0.4010 | t=15s
  Ep 052 | step 0200/1868 | loss=1.0227 | diff=0.6292 | kd=0.3876 | recon=0.3547 | t=20s
  Ep 052 | step 0250/1868 | loss=1.1029 | diff=0.6159 | kd=0.9272 | recon=0.3943 | t=25s
  Ep 052 | step 0300/1868 | loss=1.0838 | diff=0.6209 | kd=0.3445 | recon=0.4285 | t=30s
  Ep 052 | step 0350/1868 | loss=1.1295 | diff=0.6235 | kd=0.4600 | recon=0.4601 | t=35s
  Ep 052 | step 0400/1868 | loss=1.0909 | diff=0.6197 | kd=0.5029 | recon=0.4209 | t=40s
  Ep 052 | step 0450/1868 | loss=1.0508 | diff=0.6157 | kd=0.5356 | recon=0.3815 | t=45s
  Ep 052 | step 0500/1868 | loss=0.9860 | diff=0.6147 | kd=0.3901 | recon=0.3323 | t=50s
  Ep 052 | step 0550/1868 | loss=1.0590 | diff=0.6194 | kd=0.4378 | recon=0.3958 | t=55s
  Ep 052 | step 0600/1868 | loss=1.0623 | diff=0.6154 | kd=0.5380 | recon=0.3931 | t=60s
  Ep 052 | step 0650/1868 | loss=1.0387 | diff=0.6196 | kd=0.3595 | recon=0.3832 | t=64s
  Ep 052 | step 0700/1868 | loss=1.0101 | diff=0.6172 | kd=0.3954 | recon=0.3533 | t=69s
  Ep 052 | step 0750/1868 | loss=1.0031 | diff=0.6182 | kd=0.5459 | recon=0.3303 | t=74s
  Ep 052 | step 0800/1868 | loss=1.0884 | diff=0.6320 | kd=0.5608 | recon=0.4003 | t=79s
  Ep 052 | step 0850/1868 | loss=0.9943 | diff=0.6179 | kd=0.3705 | recon=0.3393 | t=84s
  Ep 052 | step 0900/1868 | loss=1.1008 | diff=0.6164 | kd=0.5133 | recon=0.4330 | t=89s
  Ep 052 | step 0950/1868 | loss=1.1070 | diff=0.7134 | kd=0.3958 | recon=0.3540 | t=94s
  Ep 052 | step 1000/1868 | loss=1.1616 | diff=0.6139 | kd=0.7671 | recon=0.4710 | t=99s
  Ep 052 | step 1050/1868 | loss=1.1452 | diff=0.6843 | kd=0.5097 | recon=0.4100 | t=104s
  Ep 052 | step 1100/1868 | loss=1.0650 | diff=0.6180 | kd=0.5322 | recon=0.3938 | t=109s
  Ep 052 | step 1150/1868 | loss=1.1016 | diff=0.6172 | kd=0.5255 | recon=0.4319 | t=114s
  Ep 052 | step 1200/1868 | loss=1.1308 | diff=0.6174 | kd=0.5765 | recon=0.4557 | t=118s
  Ep 052 | step 1250/1868 | loss=1.0461 | diff=0.6196 | kd=0.4226 | recon=0.3842 | t=123s
  Ep 052 | step 1300/1868 | loss=1.0773 | diff=0.6221 | kd=0.5930 | recon=0.3959 | t=128s
  Ep 052 | step 1350/1868 | loss=1.0781 | diff=0.6148 | kd=0.5930 | recon=0.4041 | t=133s
  Ep 052 | step 1400/1868 | loss=1.0828 | diff=0.6157 | kd=0.5340 | recon=0.4137 | t=138s
  Ep 052 | step 1450/1868 | loss=1.0352 | diff=0.6298 | kd=0.4198 | recon=0.3635 | t=143s
  Ep 052 | step 1500/1868 | loss=1.1523 | diff=0.6227 | kd=0.6677 | recon=0.4627 | t=148s
  Ep 052 | step 1550/1868 | loss=1.0353 | diff=0.6174 | kd=0.3600 | recon=0.3819 | t=153s
  Ep 052 | step 1600/1868 | loss=1.0878 | diff=0.6145 | kd=0.4017 | recon=0.4331 | t=158s
  Ep 052 | step 1650/1868 | loss=1.1386 | diff=0.6192 | kd=0.5747 | recon=0.4620 | t=163s
  Ep 052 | step 1700/1868 | loss=0.9438 | diff=0.6174 | kd=0.4432 | recon=0.2821 | t=168s
  Ep 052 | step 1750/1868 | loss=1.3211 | diff=0.6167 | kd=0.4046 | recon=0.6640 | t=173s
  Ep 052 | step 1800/1868 | loss=1.0654 | diff=0.6174 | kd=0.7421 | recon=0.3738 | t=177s
  Ep 052 | step 1850/1868 | loss=1.0720 | diff=0.6162 | kd=0.5095 | recon=0.4048 | t=182s

  ── Epoch 052/200 (240s) ──────────────────────
  Train  loss=1.0767  diff=0.6207  kd=0.5069  recon=0.4053
  Val    loss=1.0812  RMSE=0.4895  MAE=0.4050  lr=8.44e-05

  Ep 053 | step 0000/1868 | loss=1.0680 | diff=0.6267 | kd=0.4719 | recon=0.3940 | t=1s
  Ep 053 | step 0050/1868 | loss=1.1350 | diff=0.6195 | kd=0.6423 | recon=0.4512 | t=6s
  Ep 053 | step 0100/1868 | loss=1.0828 | diff=0.6241 | kd=0.3645 | recon=0.4223 | t=11s
  Ep 053 | step 0150/1868 | loss=1.1467 | diff=0.6133 | kd=0.4777 | recon=0.4856 | t=15s
  Ep 053 | step 0200/1868 | loss=1.0853 | diff=0.6149 | kd=0.5807 | recon=0.4124 | t=20s
  Ep 053 | step 0250/1868 | loss=1.0748 | diff=0.6222 | kd=0.5210 | recon=0.4005 | t=25s
  Ep 053 | step 0300/1868 | loss=1.0761 | diff=0.6228 | kd=0.3841 | recon=0.4149 | t=30s
  Ep 053 | step 0350/1868 | loss=1.0757 | diff=0.6201 | kd=0.6011 | recon=0.3954 | t=35s
  Ep 053 | step 0400/1868 | loss=1.1154 | diff=0.6182 | kd=0.8086 | recon=0.4163 | t=40s
  Ep 053 | step 0450/1868 | loss=1.0524 | diff=0.6190 | kd=0.5514 | recon=0.3783 | t=45s
  Ep 053 | step 0500/1868 | loss=1.1585 | diff=0.6169 | kd=0.7167 | recon=0.4699 | t=50s
  Ep 053 | step 0550/1868 | loss=1.0523 | diff=0.6207 | kd=0.7506 | recon=0.3565 | t=55s
  Ep 053 | step 0600/1868 | loss=1.0271 | diff=0.6166 | kd=0.4092 | recon=0.3696 | t=60s
  Ep 053 | step 0650/1868 | loss=1.1598 | diff=0.6324 | kd=0.8684 | recon=0.4406 | t=65s
  Ep 053 | step 0700/1868 | loss=1.0471 | diff=0.6156 | kd=0.4743 | recon=0.3841 | t=69s
  Ep 053 | step 0750/1868 | loss=1.1821 | diff=0.6167 | kd=0.5123 | recon=0.5142 | t=74s
  Ep 053 | step 0800/1868 | loss=1.0657 | diff=0.6172 | kd=0.4204 | recon=0.4064 | t=79s
  Ep 053 | step 0850/1868 | loss=1.0361 | diff=0.6213 | kd=0.3769 | recon=0.3772 | t=84s
  Ep 053 | step 0900/1868 | loss=1.0650 | diff=0.6235 | kd=0.6583 | recon=0.3756 | t=89s
  Ep 053 | step 0950/1868 | loss=1.0544 | diff=0.6176 | kd=0.4129 | recon=0.3955 | t=94s
  Ep 053 | step 1000/1868 | loss=1.1422 | diff=0.6230 | kd=0.4754 | recon=0.4716 | t=99s
  Ep 053 | step 1050/1868 | loss=1.0329 | diff=0.6193 | kd=0.3963 | recon=0.3740 | t=104s
  Ep 053 | step 1100/1868 | loss=1.0961 | diff=0.6164 | kd=0.6907 | recon=0.4106 | t=109s
  Ep 053 | step 1150/1868 | loss=1.0353 | diff=0.6138 | kd=0.4546 | recon=0.3760 | t=114s
  Ep 053 | step 1200/1868 | loss=1.0594 | diff=0.6499 | kd=0.4380 | recon=0.3657 | t=119s
  Ep 053 | step 1250/1868 | loss=1.0277 | diff=0.6174 | kd=0.5619 | recon=0.3541 | t=124s
  Ep 053 | step 1300/1868 | loss=0.9980 | diff=0.6443 | kd=0.2888 | recon=0.3248 | t=129s
  Ep 053 | step 1350/1868 | loss=1.1540 | diff=0.6460 | kd=0.4361 | recon=0.4644 | t=133s
  Ep 053 | step 1400/1868 | loss=1.1792 | diff=0.6200 | kd=0.5931 | recon=0.4998 | t=138s
  Ep 053 | step 1450/1868 | loss=1.1389 | diff=0.6194 | kd=0.4908 | recon=0.4704 | t=143s
  Ep 053 | step 1500/1868 | loss=1.0668 | diff=0.6169 | kd=0.5777 | recon=0.3921 | t=148s
  Ep 053 | step 1550/1868 | loss=1.0730 | diff=0.6127 | kd=0.4974 | recon=0.4106 | t=153s
  Ep 053 | step 1600/1868 | loss=1.0357 | diff=0.6142 | kd=0.5503 | recon=0.3665 | t=158s
  Ep 053 | step 1650/1868 | loss=1.1071 | diff=0.6177 | kd=0.5541 | recon=0.4340 | t=163s
  Ep 053 | step 1700/1868 | loss=1.0302 | diff=0.6156 | kd=0.4374 | recon=0.3709 | t=168s
  Ep 053 | step 1750/1868 | loss=1.0646 | diff=0.6201 | kd=0.5913 | recon=0.3854 | t=173s
  Ep 053 | step 1800/1868 | loss=1.1153 | diff=0.6240 | kd=0.4010 | recon=0.4512 | t=178s
  Ep 053 | step 1850/1868 | loss=1.1007 | diff=0.6213 | kd=0.5970 | recon=0.4197 | t=183s

  ── Epoch 053/200 (241s) ──────────────────────
  Train  loss=1.0787  diff=0.6223  kd=0.5110  recon=0.4053
  Val    loss=1.0755  RMSE=0.4894  MAE=0.4050  lr=8.38e-05

  Ep 054 | step 0000/1868 | loss=1.1132 | diff=0.6170 | kd=0.4925 | recon=0.4469 | t=1s
  Ep 054 | step 0050/1868 | loss=1.1593 | diff=0.6172 | kd=0.5275 | recon=0.4893 | t=6s
  Ep 054 | step 0100/1868 | loss=1.0628 | diff=0.6195 | kd=0.4298 | recon=0.4003 | t=11s
  Ep 054 | step 0150/1868 | loss=0.9595 | diff=0.6123 | kd=0.3522 | recon=0.3120 | t=16s
  Ep 054 | step 0200/1868 | loss=1.1169 | diff=0.6160 | kd=0.4687 | recon=0.4540 | t=21s
  Ep 054 | step 0250/1868 | loss=1.0238 | diff=0.6152 | kd=0.3277 | recon=0.3758 | t=26s
  Ep 054 | step 0300/1868 | loss=1.1133 | diff=0.6136 | kd=0.4893 | recon=0.4509 | t=31s
  Ep 054 | step 0350/1868 | loss=1.0849 | diff=0.6156 | kd=0.7798 | recon=0.3913 | t=36s
  Ep 054 | step 0400/1868 | loss=1.0991 | diff=0.6135 | kd=0.5736 | recon=0.4282 | t=41s
  Ep 054 | step 0450/1868 | loss=0.9871 | diff=0.6176 | kd=0.3743 | recon=0.3320 | t=45s
  Ep 054 | step 0500/1868 | loss=1.1161 | diff=0.6169 | kd=0.7553 | recon=0.4236 | t=50s
  Ep 054 | step 0550/1868 | loss=1.1448 | diff=0.7108 | kd=0.4047 | recon=0.3936 | t=55s
  Ep 054 | step 0600/1868 | loss=1.0883 | diff=0.6176 | kd=0.5833 | recon=0.4124 | t=60s
  Ep 054 | step 0650/1868 | loss=1.0866 | diff=0.7016 | kd=0.4498 | recon=0.3400 | t=65s
  Ep 054 | step 0700/1868 | loss=1.0795 | diff=0.6145 | kd=0.5609 | recon=0.4089 | t=70s
  Ep 054 | step 0750/1868 | loss=1.1705 | diff=0.6165 | kd=0.5867 | recon=0.4953 | t=75s
  Ep 054 | step 0800/1868 | loss=1.0171 | diff=0.6158 | kd=0.4549 | recon=0.3559 | t=80s
  Ep 054 | step 0850/1868 | loss=1.0106 | diff=0.6169 | kd=0.4306 | recon=0.3507 | t=85s
  Ep 054 | step 0900/1868 | loss=1.0170 | diff=0.6173 | kd=0.4768 | recon=0.3520 | t=90s
  Ep 054 | step 0950/1868 | loss=1.1428 | diff=0.6147 | kd=0.7114 | recon=0.4569 | t=95s
  Ep 054 | step 1000/1868 | loss=1.0581 | diff=0.6209 | kd=0.5759 | recon=0.3796 | t=99s
  Ep 054 | step 1050/1868 | loss=1.1402 | diff=0.6201 | kd=0.9849 | recon=0.4216 | t=104s
  Ep 054 | step 1100/1868 | loss=1.0513 | diff=0.6140 | kd=0.5213 | recon=0.3852 | t=109s
  Ep 054 | step 1150/1868 | loss=1.0417 | diff=0.6186 | kd=0.4448 | recon=0.3786 | t=114s
  Ep 054 | step 1200/1868 | loss=1.0471 | diff=0.6189 | kd=0.4229 | recon=0.3859 | t=119s
  Ep 054 | step 1250/1868 | loss=1.0726 | diff=0.6146 | kd=0.6533 | recon=0.3927 | t=124s
  Ep 054 | step 1300/1868 | loss=1.0730 | diff=0.6287 | kd=0.5089 | recon=0.3934 | t=129s
  Ep 054 | step 1350/1868 | loss=1.0090 | diff=0.6168 | kd=0.4140 | recon=0.3508 | t=134s
  Ep 054 | step 1400/1868 | loss=1.0225 | diff=0.6147 | kd=0.5121 | recon=0.3565 | t=139s
  Ep 054 | step 1450/1868 | loss=1.0028 | diff=0.6111 | kd=0.3331 | recon=0.3584 | t=144s
  Ep 054 | step 1500/1868 | loss=1.0877 | diff=0.6131 | kd=0.5125 | recon=0.4234 | t=149s
  Ep 054 | step 1550/1868 | loss=1.1158 | diff=0.6210 | kd=0.6071 | recon=0.4340 | t=154s
  Ep 054 | step 1600/1868 | loss=1.0740 | diff=0.6125 | kd=0.6296 | recon=0.3986 | t=158s
  Ep 054 | step 1650/1868 | loss=1.1226 | diff=0.6202 | kd=0.5860 | recon=0.4438 | t=163s
  Ep 054 | step 1700/1868 | loss=1.0649 | diff=0.6206 | kd=0.5826 | recon=0.3861 | t=168s
  Ep 054 | step 1750/1868 | loss=1.1131 | diff=0.6159 | kd=0.4456 | recon=0.4526 | t=173s
  Ep 054 | step 1800/1868 | loss=1.0392 | diff=0.6141 | kd=0.5810 | recon=0.3669 | t=178s
  Ep 054 | step 1850/1868 | loss=1.0191 | diff=0.6142 | kd=0.3370 | recon=0.3713 | t=183s

  ── Epoch 054/200 (241s) ──────────────────────
  Train  loss=1.0808  diff=0.6216  kd=0.5387  recon=0.4053
  Val    loss=1.0768  RMSE=0.4895  MAE=0.4050  lr=8.32e-05

  Ep 055 | step 0000/1868 | loss=1.0961 | diff=0.6153 | kd=0.4283 | recon=0.4380 | t=1s
  Ep 055 | step 0050/1868 | loss=1.0769 | diff=0.6507 | kd=0.4080 | recon=0.3854 | t=6s
  Ep 055 | step 0100/1868 | loss=1.0879 | diff=0.6156 | kd=0.5574 | recon=0.4165 | t=10s
  Ep 055 | step 0150/1868 | loss=1.0623 | diff=0.6176 | kd=0.4821 | recon=0.3964 | t=15s
  Ep 055 | step 0200/1868 | loss=1.1480 | diff=0.6354 | kd=0.4161 | recon=0.4710 | t=20s
  Ep 055 | step 0250/1868 | loss=1.0523 | diff=0.6201 | kd=0.4362 | recon=0.3886 | t=25s
  Ep 055 | step 0300/1868 | loss=1.0450 | diff=0.6188 | kd=0.7441 | recon=0.3518 | t=30s
  Ep 055 | step 0350/1868 | loss=1.0306 | diff=0.6177 | kd=0.3873 | recon=0.3741 | t=35s
  Ep 055 | step 0400/1868 | loss=1.0637 | diff=0.6125 | kd=0.4829 | recon=0.4029 | t=40s
  Ep 055 | step 0450/1868 | loss=1.1507 | diff=0.6200 | kd=0.5509 | recon=0.4756 | t=45s
  Ep 055 | step 0500/1868 | loss=1.0807 | diff=0.6184 | kd=0.4004 | recon=0.4223 | t=50s
  Ep 055 | step 0550/1868 | loss=1.1223 | diff=0.6930 | kd=0.4403 | recon=0.3852 | t=55s
  Ep 055 | step 0600/1868 | loss=1.0682 | diff=0.6167 | kd=0.6071 | recon=0.3908 | t=60s
  Ep 055 | step 0650/1868 | loss=1.0758 | diff=0.6222 | kd=0.4543 | recon=0.4082 | t=65s
  Ep 055 | step 0700/1868 | loss=1.0767 | diff=0.6436 | kd=0.5552 | recon=0.3776 | t=70s
  Ep 055 | step 0750/1868 | loss=1.0747 | diff=0.6198 | kd=0.6215 | recon=0.3928 | t=75s
  Ep 055 | step 0800/1868 | loss=1.0412 | diff=0.6127 | kd=0.6134 | recon=0.3672 | t=79s
  Ep 055 | step 0850/1868 | loss=1.0355 | diff=0.6146 | kd=0.4889 | recon=0.3721 | t=84s
  Ep 055 | step 0900/1868 | loss=1.0385 | diff=0.6135 | kd=0.4161 | recon=0.3834 | t=89s
  Ep 055 | step 0950/1868 | loss=1.0989 | diff=0.6101 | kd=0.5379 | recon=0.4350 | t=94s
  Ep 055 | step 1000/1868 | loss=1.0562 | diff=0.6149 | kd=0.4759 | recon=0.3937 | t=99s
  Ep 055 | step 1050/1868 | loss=1.0370 | diff=0.6112 | kd=0.3612 | recon=0.3897 | t=104s
  Ep 055 | step 1100/1868 | loss=1.0252 | diff=0.6118 | kd=0.4906 | recon=0.3644 | t=109s
  Ep 055 | step 1150/1868 | loss=1.0782 | diff=0.6600 | kd=0.5428 | recon=0.3639 | t=114s
  Ep 055 | step 1200/1868 | loss=1.0971 | diff=0.6170 | kd=0.8613 | recon=0.3940 | t=119s
  Ep 055 | step 1250/1868 | loss=1.0843 | diff=0.6105 | kd=0.3635 | recon=0.4375 | t=124s
  Ep 055 | step 1300/1868 | loss=1.0883 | diff=0.6146 | kd=0.4144 | recon=0.4322 | t=129s
  Ep 055 | step 1350/1868 | loss=1.1299 | diff=0.6119 | kd=0.4222 | recon=0.4758 | t=134s
  Ep 055 | step 1400/1868 | loss=1.0124 | diff=0.6206 | kd=0.5230 | recon=0.3395 | t=138s
  Ep 055 | step 1450/1868 | loss=1.1249 | diff=0.6147 | kd=0.4005 | recon=0.4701 | t=143s
  Ep 055 | step 1500/1868 | loss=1.1162 | diff=0.6178 | kd=0.8911 | recon=0.4092 | t=148s
  Ep 055 | step 1550/1868 | loss=1.0960 | diff=0.6168 | kd=0.4867 | recon=0.4306 | t=153s
  Ep 055 | step 1600/1868 | loss=1.1827 | diff=0.6968 | kd=0.6166 | recon=0.4243 | t=158s
  Ep 055 | step 1650/1868 | loss=1.1180 | diff=0.6140 | kd=0.9829 | recon=0.4057 | t=163s
  Ep 055 | step 1700/1868 | loss=1.0681 | diff=0.6190 | kd=0.4647 | recon=0.4027 | t=168s
  Ep 055 | step 1750/1868 | loss=1.1311 | diff=0.6143 | kd=0.7217 | recon=0.4446 | t=173s
  Ep 055 | step 1800/1868 | loss=1.0713 | diff=0.6312 | kd=0.5198 | recon=0.3881 | t=178s
  Ep 055 | step 1850/1868 | loss=1.0597 | diff=0.6151 | kd=0.6436 | recon=0.3802 | t=183s

  ── Epoch 055/200 (241s) ──────────────────────
  Train  loss=1.0796  diff=0.6198  kd=0.5446  recon=0.4054
  Val    loss=1.0789  RMSE=0.4895  MAE=0.4050  lr=8.26e-05

  Ep 056 | step 0000/1868 | loss=1.0656 | diff=0.6173 | kd=0.8041 | recon=0.3679 | t=1s
  Ep 056 | step 0050/1868 | loss=1.1402 | diff=0.6163 | kd=0.4527 | recon=0.4787 | t=5s
  Ep 056 | step 0100/1868 | loss=1.0455 | diff=0.6151 | kd=0.4961 | recon=0.3809 | t=10s
  Ep 056 | step 0150/1868 | loss=1.0546 | diff=0.6163 | kd=0.4232 | recon=0.3959 | t=15s
  Ep 056 | step 0200/1868 | loss=1.0160 | diff=0.6141 | kd=0.6264 | recon=0.3393 | t=20s
  Ep 056 | step 0250/1868 | loss=1.0883 | diff=0.6150 | kd=0.6001 | recon=0.4133 | t=25s
  Ep 056 | step 0300/1868 | loss=1.1607 | diff=0.6151 | kd=0.9277 | recon=0.4528 | t=30s
  Ep 056 | step 0350/1868 | loss=1.0759 | diff=0.6182 | kd=0.3681 | recon=0.4209 | t=35s
  Ep 056 | step 0400/1868 | loss=1.1312 | diff=0.6173 | kd=0.6645 | recon=0.4475 | t=40s
  Ep 056 | step 0450/1868 | loss=0.9953 | diff=0.6119 | kd=0.4097 | recon=0.3424 | t=45s
  Ep 056 | step 0500/1868 | loss=1.0812 | diff=0.6144 | kd=0.3951 | recon=0.4272 | t=50s
  Ep 056 | step 0550/1868 | loss=1.0631 | diff=0.6208 | kd=0.6414 | recon=0.3782 | t=55s
  Ep 056 | step 0600/1868 | loss=1.0992 | diff=0.6168 | kd=0.5051 | recon=0.4319 | t=60s
  Ep 056 | step 0650/1868 | loss=1.0447 | diff=0.6134 | kd=0.5230 | recon=0.3789 | t=64s
  Ep 056 | step 0700/1868 | loss=1.0332 | diff=0.6157 | kd=0.7763 | recon=0.3399 | t=69s
  Ep 056 | step 0750/1868 | loss=1.1200 | diff=0.6124 | kd=0.4569 | recon=0.4620 | t=74s
  Ep 056 | step 0800/1868 | loss=1.0720 | diff=0.6123 | kd=0.8404 | recon=0.3757 | t=79s
  Ep 056 | step 0850/1868 | loss=1.0259 | diff=0.6157 | kd=0.4400 | recon=0.3662 | t=84s
  Ep 056 | step 0900/1868 | loss=1.0477 | diff=0.6304 | kd=0.4475 | recon=0.3726 | t=89s
  Ep 056 | step 0950/1868 | loss=1.0192 | diff=0.6131 | kd=0.5588 | recon=0.3502 | t=94s
  Ep 056 | step 1000/1868 | loss=1.0626 | diff=0.6103 | kd=0.4617 | recon=0.4062 | t=99s
  Ep 056 | step 1050/1868 | loss=0.9976 | diff=0.6125 | kd=0.3710 | recon=0.3479 | t=104s
  Ep 056 | step 1100/1868 | loss=1.1692 | diff=0.7029 | kd=0.8670 | recon=0.3796 | t=109s
  Ep 056 | step 1150/1868 | loss=1.1405 | diff=0.6154 | kd=0.3901 | recon=0.4861 | t=114s
  Ep 056 | step 1200/1868 | loss=1.0147 | diff=0.6134 | kd=0.4575 | recon=0.3555 | t=119s
  Ep 056 | step 1250/1868 | loss=1.0793 | diff=0.6302 | kd=0.5927 | recon=0.3898 | t=124s
  Ep 056 | step 1300/1868 | loss=1.1055 | diff=0.6150 | kd=0.5594 | recon=0.4346 | t=128s
  Ep 056 | step 1350/1868 | loss=1.2119 | diff=0.6116 | kd=0.6516 | recon=0.5352 | t=133s
  Ep 056 | step 1400/1868 | loss=0.9663 | diff=0.6103 | kd=0.4130 | recon=0.3147 | t=138s
  Ep 056 | step 1450/1868 | loss=1.1824 | diff=0.6356 | kd=0.6351 | recon=0.4833 | t=143s
  Ep 056 | step 1500/1868 | loss=1.0722 | diff=0.6169 | kd=0.6811 | recon=0.3872 | t=148s
  Ep 056 | step 1550/1868 | loss=1.0241 | diff=0.6171 | kd=0.3997 | recon=0.3670 | t=153s
  Ep 056 | step 1600/1868 | loss=1.1535 | diff=0.6133 | kd=0.5933 | recon=0.4809 | t=158s
  Ep 056 | step 1650/1868 | loss=1.0753 | diff=0.6173 | kd=0.3238 | recon=0.4256 | t=163s
  Ep 056 | step 1700/1868 | loss=1.0498 | diff=0.6155 | kd=0.3736 | recon=0.3969 | t=168s
  Ep 056 | step 1750/1868 | loss=1.1634 | diff=0.6088 | kd=0.4613 | recon=0.5084 | t=173s
  Ep 056 | step 1800/1868 | loss=1.0011 | diff=0.6163 | kd=0.4729 | recon=0.3375 | t=178s
  Ep 056 | step 1850/1868 | loss=1.0269 | diff=0.6158 | kd=0.4074 | recon=0.3703 | t=183s

  ── Epoch 056/200 (240s) ──────────────────────
  Train  loss=1.0776  diff=0.6189  kd=0.5339  recon=0.4053
  Val    loss=1.0732  RMSE=0.4895  MAE=0.4050  lr=8.21e-05
  [BEST] Checkpoint saved → checkpoints/best_model.pth

  Ep 057 | step 0000/1868 | loss=1.0860 | diff=0.6135 | kd=0.4205 | recon=0.4304 | t=1s
  Ep 057 | step 0050/1868 | loss=1.0230 | diff=0.6122 | kd=0.5309 | recon=0.3577 | t=6s
  Ep 057 | step 0100/1868 | loss=1.1166 | diff=0.6135 | kd=0.6541 | recon=0.4377 | t=10s
  Ep 057 | step 0150/1868 | loss=1.1435 | diff=0.6117 | kd=0.4009 | recon=0.4917 | t=15s
  Ep 057 | step 0200/1868 | loss=1.1531 | diff=0.6205 | kd=0.7412 | recon=0.4586 | t=20s
  Ep 057 | step 0250/1868 | loss=1.0853 | diff=0.6115 | kd=0.5496 | recon=0.4189 | t=25s
  Ep 057 | step 0300/1868 | loss=1.2177 | diff=0.6118 | kd=1.3905 | recon=0.4668 | t=30s
  Ep 057 | step 0350/1868 | loss=1.0862 | diff=0.6143 | kd=0.5271 | recon=0.4191 | t=35s
  Ep 057 | step 0400/1868 | loss=1.0116 | diff=0.6145 | kd=0.4845 | recon=0.3487 | t=40s
  Ep 057 | step 0450/1868 | loss=1.0526 | diff=0.6154 | kd=0.4385 | recon=0.3933 | t=45s
  Ep 057 | step 0500/1868 | loss=1.0926 | diff=0.6160 | kd=0.8934 | recon=0.3873 | t=50s
  Ep 057 | step 0550/1868 | loss=1.0350 | diff=0.6106 | kd=0.4241 | recon=0.3820 | t=55s
  Ep 057 | step 0600/1868 | loss=1.0518 | diff=0.6141 | kd=0.4401 | recon=0.3937 | t=60s
  Ep 057 | step 0650/1868 | loss=1.0802 | diff=0.6149 | kd=0.4474 | recon=0.4206 | t=65s
  Ep 057 | step 0700/1868 | loss=1.1450 | diff=0.6122 | kd=0.8261 | recon=0.4502 | t=69s
  Ep 057 | step 0750/1868 | loss=1.1542 | diff=0.6789 | kd=0.3682 | recon=0.4385 | t=74s
  Ep 057 | step 0800/1868 | loss=1.1323 | diff=0.6109 | kd=0.4831 | recon=0.4730 | t=79s
  Ep 057 | step 0850/1868 | loss=1.1392 | diff=0.6103 | kd=0.6966 | recon=0.4593 | t=84s
  Ep 057 | step 0900/1868 | loss=1.0694 | diff=0.6154 | kd=0.4991 | recon=0.4041 | t=89s
  Ep 057 | step 0950/1868 | loss=1.0190 | diff=0.6158 | kd=0.3862 | recon=0.3646 | t=94s
  Ep 057 | step 1000/1868 | loss=1.0467 | diff=0.6167 | kd=0.3346 | recon=0.3965 | t=99s
  Ep 057 | step 1050/1868 | loss=1.0780 | diff=0.6296 | kd=0.4819 | recon=0.4003 | t=104s
  Ep 057 | step 1100/1868 | loss=1.0530 | diff=0.6114 | kd=0.5029 | recon=0.3912 | t=109s
  Ep 057 | step 1150/1868 | loss=1.0502 | diff=0.6166 | kd=0.5247 | recon=0.3811 | t=114s
  Ep 057 | step 1200/1868 | loss=1.0355 | diff=0.6115 | kd=0.4667 | recon=0.3774 | t=119s
  Ep 057 | step 1250/1868 | loss=1.0283 | diff=0.6105 | kd=0.4842 | recon=0.3695 | t=123s
  Ep 057 | step 1300/1868 | loss=1.1224 | diff=0.6133 | kd=0.5023 | recon=0.4589 | t=128s
  Ep 057 | step 1350/1868 | loss=1.0168 | diff=0.6139 | kd=0.3395 | recon=0.3690 | t=133s
  Ep 057 | step 1400/1868 | loss=1.1591 | diff=0.6136 | kd=0.5194 | recon=0.4935 | t=138s
  Ep 057 | step 1450/1868 | loss=0.9969 | diff=0.6159 | kd=0.3801 | recon=0.3430 | t=143s
  Ep 057 | step 1500/1868 | loss=1.0940 | diff=0.6569 | kd=0.5430 | recon=0.3828 | t=148s
  Ep 057 | step 1550/1868 | loss=1.0890 | diff=0.6122 | kd=0.4176 | recon=0.4350 | t=153s
  Ep 057 | step 1600/1868 | loss=1.0813 | diff=0.6184 | kd=0.4331 | recon=0.4196 | t=158s
  Ep 057 | step 1650/1868 | loss=1.1481 | diff=0.6136 | kd=0.6311 | recon=0.4713 | t=163s
  Ep 057 | step 1700/1868 | loss=1.1316 | diff=0.6133 | kd=0.6887 | recon=0.4494 | t=168s
  Ep 057 | step 1750/1868 | loss=1.1401 | diff=0.6248 | kd=0.6467 | recon=0.4507 | t=173s
  Ep 057 | step 1800/1868 | loss=1.0585 | diff=0.6119 | kd=0.4204 | recon=0.4045 | t=177s
  Ep 057 | step 1850/1868 | loss=1.0996 | diff=0.6125 | kd=0.7646 | recon=0.4107 | t=182s

  ── Epoch 057/200 (231s) ──────────────────────
  Train  loss=1.0788  diff=0.6189  kd=0.5453  recon=0.4053
  Val    loss=1.0766  RMSE=0.4895  MAE=0.4050  lr=8.14e-05

  Ep 058 | step 0000/1868 | loss=1.0426 | diff=0.6150 | kd=0.3554 | recon=0.3921 | t=1s
  Ep 058 | step 0050/1868 | loss=1.0797 | diff=0.6135 | kd=0.4762 | recon=0.4186 | t=4s
  Ep 058 | step 0100/1868 | loss=1.0767 | diff=0.6171 | kd=0.3634 | recon=0.4233 | t=8s
  Ep 058 | step 0150/1868 | loss=1.0758 | diff=0.6182 | kd=0.4810 | recon=0.4095 | t=12s
  Ep 058 | step 0200/1868 | loss=1.0818 | diff=0.6151 | kd=0.4247 | recon=0.4242 | t=16s
  Ep 058 | step 0250/1868 | loss=1.1467 | diff=0.6262 | kd=0.5937 | recon=0.4611 | t=20s
  Ep 058 | step 0300/1868 | loss=1.0391 | diff=0.6122 | kd=0.5450 | recon=0.3725 | t=24s
  Ep 058 | step 0350/1868 | loss=1.0973 | diff=0.6127 | kd=0.4477 | recon=0.4399 | t=28s
  Ep 058 | step 0400/1868 | loss=1.0608 | diff=0.6151 | kd=0.6298 | recon=0.3827 | t=32s
  Ep 058 | step 0450/1868 | loss=1.0201 | diff=0.6122 | kd=0.5217 | recon=0.3558 | t=36s
  Ep 058 | step 0500/1868 | loss=1.1600 | diff=0.6135 | kd=0.8800 | recon=0.4586 | t=40s
  Ep 058 | step 0550/1868 | loss=1.0475 | diff=0.6297 | kd=0.7134 | recon=0.3464 | t=44s
  Ep 058 | step 0600/1868 | loss=1.0961 | diff=0.6149 | kd=0.5126 | recon=0.4300 | t=48s
  Ep 058 | step 0650/1868 | loss=1.0462 | diff=0.6153 | kd=0.4536 | recon=0.3855 | t=52s
  Ep 058 | step 0700/1868 | loss=1.0650 | diff=0.6226 | kd=0.4236 | recon=0.4000 | t=56s
  Ep 058 | step 0750/1868 | loss=1.0559 | diff=0.6173 | kd=0.6173 | recon=0.3768 | t=60s
  Ep 058 | step 0800/1868 | loss=1.1290 | diff=0.6091 | kd=0.6844 | recon=0.4515 | t=63s
  Ep 058 | step 0850/1868 | loss=1.2614 | diff=0.6134 | kd=0.6968 | recon=0.5783 | t=67s
  Ep 058 | step 0900/1868 | loss=1.0845 | diff=0.6272 | kd=0.4542 | recon=0.4119 | t=71s
  Ep 058 | step 0950/1868 | loss=1.1342 | diff=0.6861 | kd=0.4526 | recon=0.4029 | t=75s
  Ep 058 | step 1000/1868 | loss=1.1388 | diff=0.6130 | kd=0.7664 | recon=0.4492 | t=79s
  Ep 058 | step 1050/1868 | loss=1.0170 | diff=0.6149 | kd=0.5439 | recon=0.3477 | t=83s
  Ep 058 | step 1100/1868 | loss=1.1360 | diff=0.6161 | kd=0.7617 | recon=0.4437 | t=87s
  Ep 058 | step 1150/1868 | loss=1.1548 | diff=0.6102 | kd=0.6164 | recon=0.4830 | t=91s
  Ep 058 | step 1200/1868 | loss=1.2071 | diff=0.6178 | kd=0.5279 | recon=0.5365 | t=95s
  Ep 058 | step 1250/1868 | loss=1.1377 | diff=0.6313 | kd=0.5426 | recon=0.4521 | t=99s
  Ep 058 | step 1300/1868 | loss=1.1953 | diff=0.6957 | kd=0.4586 | recon=0.4537 | t=103s
  Ep 058 | step 1350/1868 | loss=1.0377 | diff=0.6267 | kd=0.5866 | recon=0.3523 | t=106s
  Ep 058 | step 1400/1868 | loss=1.0303 | diff=0.6172 | kd=0.6118 | recon=0.3519 | t=110s
  Ep 058 | step 1450/1868 | loss=1.0076 | diff=0.6310 | kd=0.4538 | recon=0.3312 | t=114s
  Ep 058 | step 1500/1868 | loss=1.1160 | diff=0.6569 | kd=0.5227 | recon=0.4068 | t=118s
  Ep 058 | step 1550/1868 | loss=1.0391 | diff=0.6203 | kd=0.5940 | recon=0.3594 | t=122s
  Ep 058 | step 1600/1868 | loss=1.1420 | diff=0.6163 | kd=0.7766 | recon=0.4480 | t=126s
  Ep 058 | step 1650/1868 | loss=1.1711 | diff=0.6162 | kd=0.8591 | recon=0.4690 | t=130s
  Ep 058 | step 1700/1868 | loss=1.1392 | diff=0.6131 | kd=0.6912 | recon=0.4570 | t=134s
  Ep 058 | step 1750/1868 | loss=1.0700 | diff=0.6116 | kd=0.4559 | recon=0.4128 | t=138s
  Ep 058 | step 1800/1868 | loss=1.1325 | diff=0.6108 | kd=0.6262 | recon=0.4591 | t=142s
  Ep 058 | step 1850/1868 | loss=1.0843 | diff=0.6362 | kd=0.5029 | recon=0.3978 | t=146s

  ── Epoch 058/200 (190s) ──────────────────────
  Train  loss=1.0788  diff=0.6187  kd=0.5480  recon=0.4053
  Val    loss=1.0735  RMSE=0.4895  MAE=0.4050  lr=8.08e-05

  Ep 059 | step 0000/1868 | loss=1.0676 | diff=0.6118 | kd=0.5805 | recon=0.3978 | t=1s
  Ep 059 | step 0050/1868 | loss=1.0272 | diff=0.6110 | kd=0.4457 | recon=0.3717 | t=4s
  Ep 059 | step 0100/1868 | loss=1.0729 | diff=0.6133 | kd=0.4188 | recon=0.4177 | t=8s
  Ep 059 | step 0150/1868 | loss=1.1570 | diff=0.6393 | kd=0.5004 | recon=0.4676 | t=12s
  Ep 059 | step 0200/1868 | loss=1.1316 | diff=0.6140 | kd=0.5079 | recon=0.4668 | t=16s
  Ep 059 | step 0250/1868 | loss=1.1417 | diff=0.6117 | kd=0.4445 | recon=0.4855 | t=20s
  Ep 059 | step 0300/1868 | loss=1.1161 | diff=0.6241 | kd=0.6954 | recon=0.4224 | t=24s
  Ep 059 | step 0350/1868 | loss=1.0462 | diff=0.6271 | kd=0.4244 | recon=0.3766 | t=28s
  Ep 059 | step 0400/1868 | loss=1.0932 | diff=0.6178 | kd=0.5822 | recon=0.4172 | t=32s
  Ep 059 | step 0450/1868 | loss=1.1598 | diff=0.6131 | kd=0.4898 | recon=0.4977 | t=36s
  Ep 059 | step 0500/1868 | loss=1.1052 | diff=0.6148 | kd=0.4719 | recon=0.4432 | t=40s
  Ep 059 | step 0550/1868 | loss=1.0365 | diff=0.6100 | kd=0.4756 | recon=0.3789 | t=44s
  Ep 059 | step 0600/1868 | loss=1.0410 | diff=0.6145 | kd=0.4812 | recon=0.3783 | t=48s
  Ep 059 | step 0650/1868 | loss=1.1033 | diff=0.6159 | kd=0.5816 | recon=0.4293 | t=52s
  Ep 059 | step 0700/1868 | loss=1.0495 | diff=0.6352 | kd=0.6852 | recon=0.3458 | t=56s
  Ep 059 | step 0750/1868 | loss=1.1091 | diff=0.6124 | kd=0.5156 | recon=0.4451 | t=60s
  Ep 059 | step 0800/1868 | loss=1.0448 | diff=0.6103 | kd=0.4783 | recon=0.3867 | t=64s
  Ep 059 | step 0850/1868 | loss=1.0609 | diff=0.6143 | kd=0.5105 | recon=0.3956 | t=68s
  Ep 059 | step 0900/1868 | loss=1.0127 | diff=0.6097 | kd=0.3445 | recon=0.3686 | t=72s
  Ep 059 | step 0950/1868 | loss=1.0458 | diff=0.6116 | kd=0.4400 | recon=0.3902 | t=75s
  Ep 059 | step 1000/1868 | loss=0.9711 | diff=0.6135 | kd=0.4171 | recon=0.3159 | t=79s
  Ep 059 | step 1050/1868 | loss=1.0097 | diff=0.6147 | kd=0.5041 | recon=0.3446 | t=83s
  Ep 059 | step 1100/1868 | loss=1.1010 | diff=0.6183 | kd=0.7136 | recon=0.4114 | t=87s
  Ep 059 | step 1150/1868 | loss=1.0315 | diff=0.6102 | kd=0.4578 | recon=0.3755 | t=91s
  Ep 059 | step 1200/1868 | loss=1.1337 | diff=0.6156 | kd=1.0654 | recon=0.4115 | t=95s
  Ep 059 | step 1250/1868 | loss=1.1112 | diff=0.6119 | kd=0.6514 | recon=0.4342 | t=99s
  Ep 059 | step 1300/1868 | loss=1.0831 | diff=0.6107 | kd=0.4751 | recon=0.4249 | t=103s
  Ep 059 | step 1350/1868 | loss=1.1245 | diff=0.6107 | kd=0.8629 | recon=0.4275 | t=107s
  Ep 059 | step 1400/1868 | loss=0.9940 | diff=0.6158 | kd=0.4116 | recon=0.3370 | t=111s
  Ep 059 | step 1450/1868 | loss=1.0053 | diff=0.6138 | kd=0.4180 | recon=0.3497 | t=115s
  Ep 059 | step 1500/1868 | loss=1.0318 | diff=0.6141 | kd=0.5920 | recon=0.3585 | t=119s
  Ep 059 | step 1550/1868 | loss=1.1046 | diff=0.6191 | kd=0.6945 | recon=0.4161 | t=123s
  Ep 059 | step 1600/1868 | loss=1.1487 | diff=0.6130 | kd=0.5235 | recon=0.4834 | t=127s
  Ep 059 | step 1650/1868 | loss=1.1059 | diff=0.6142 | kd=0.4399 | recon=0.4477 | t=130s
  Ep 059 | step 1700/1868 | loss=1.0473 | diff=0.6144 | kd=0.5139 | recon=0.3816 | t=134s
  Ep 059 | step 1750/1868 | loss=1.0320 | diff=0.6128 | kd=0.4350 | recon=0.3758 | t=138s
  Ep 059 | step 1800/1868 | loss=1.0177 | diff=0.6185 | kd=0.3079 | recon=0.3683 | t=142s
  Ep 059 | step 1850/1868 | loss=1.0718 | diff=0.6186 | kd=0.3855 | recon=0.4146 | t=146s

  ── Epoch 059/200 (190s) ──────────────────────
  Train  loss=1.0766  diff=0.6184  kd=0.5289  recon=0.4053
  Val    loss=1.0745  RMSE=0.4896  MAE=0.4050  lr=8.02e-05

  Ep 060 | step 0000/1868 | loss=1.0111 | diff=0.6134 | kd=0.4520 | recon=0.3524 | t=1s
  Ep 060 | step 0050/1868 | loss=1.0633 | diff=0.6146 | kd=0.5910 | recon=0.3896 | t=4s
  Ep 060 | step 0100/1868 | loss=1.1115 | diff=0.6100 | kd=0.8634 | recon=0.4151 | t=8s
  Ep 060 | step 0150/1868 | loss=1.0608 | diff=0.6116 | kd=0.6315 | recon=0.3861 | t=12s
  Ep 060 | step 0200/1868 | loss=1.0729 | diff=0.6124 | kd=0.8531 | recon=0.3752 | t=16s
  Ep 060 | step 0250/1868 | loss=1.1376 | diff=0.6135 | kd=0.3505 | recon=0.4890 | t=20s
  Ep 060 | step 0300/1868 | loss=1.2041 | diff=0.6927 | kd=0.7988 | recon=0.4316 | t=24s
  Ep 060 | step 0350/1868 | loss=1.1633 | diff=0.6112 | kd=0.6752 | recon=0.4845 | t=28s
  Ep 060 | step 0400/1868 | loss=1.0548 | diff=0.6146 | kd=0.5736 | recon=0.3828 | t=32s
  Ep 060 | step 0450/1868 | loss=1.0076 | diff=0.6115 | kd=0.5239 | recon=0.3437 | t=36s
  Ep 060 | step 0500/1868 | loss=1.0617 | diff=0.6192 | kd=0.7112 | recon=0.3714 | t=40s
  Ep 060 | step 0550/1868 | loss=1.0653 | diff=0.6244 | kd=0.6420 | recon=0.3767 | t=43s
  Ep 060 | step 0600/1868 | loss=1.0827 | diff=0.6125 | kd=0.6608 | recon=0.4042 | t=47s
  Ep 060 | step 0650/1868 | loss=1.0263 | diff=0.6121 | kd=0.3837 | recon=0.3759 | t=51s
  Ep 060 | step 0700/1868 | loss=0.9837 | diff=0.6160 | kd=0.5121 | recon=0.3164 | t=55s
  Ep 060 | step 0750/1868 | loss=1.0400 | diff=0.6144 | kd=0.4013 | recon=0.3856 | t=59s
  Ep 060 | step 0800/1868 | loss=1.0658 | diff=0.6132 | kd=0.4821 | recon=0.4044 | t=63s
  Ep 060 | step 0850/1868 | loss=1.1073 | diff=0.6137 | kd=0.5281 | recon=0.4408 | t=67s
  Ep 060 | step 0900/1868 | loss=1.0804 | diff=0.6129 | kd=0.6538 | recon=0.4022 | t=71s
  Ep 060 | step 0950/1868 | loss=1.0937 | diff=0.6156 | kd=0.7154 | recon=0.4066 | t=75s
  Ep 060 | step 1000/1868 | loss=1.1013 | diff=0.6158 | kd=0.5499 | recon=0.4305 | t=79s
  Ep 060 | step 1050/1868 | loss=1.0938 | diff=0.6131 | kd=0.6077 | recon=0.4199 | t=82s
  Ep 060 | step 1100/1868 | loss=1.0869 | diff=0.6141 | kd=0.5653 | recon=0.4163 | t=86s
  Ep 060 | step 1150/1868 | loss=1.0272 | diff=0.6161 | kd=0.4033 | recon=0.3708 | t=90s
  Ep 060 | step 1200/1868 | loss=1.0443 | diff=0.6154 | kd=0.4655 | recon=0.3824 | t=94s
  Ep 060 | step 1250/1868 | loss=1.0114 | diff=0.6109 | kd=0.4503 | recon=0.3554 | t=98s
  Ep 060 | step 1300/1868 | loss=1.0420 | diff=0.6096 | kd=0.7078 | recon=0.3616 | t=102s
  Ep 060 | step 1350/1868 | loss=1.1244 | diff=0.6281 | kd=0.4789 | recon=0.4484 | t=106s
  Ep 060 | step 1400/1868 | loss=1.0548 | diff=0.6133 | kd=0.5561 | recon=0.3858 | t=110s
  Ep 060 | step 1450/1868 | loss=1.1127 | diff=0.6144 | kd=0.6996 | recon=0.4284 | t=114s
  Ep 060 | step 1500/1868 | loss=1.0425 | diff=0.6157 | kd=0.4415 | recon=0.3826 | t=118s
  Ep 060 | step 1550/1868 | loss=1.0727 | diff=0.6229 | kd=0.4090 | recon=0.4089 | t=122s
  Ep 060 | step 1600/1868 | loss=1.1086 | diff=0.6192 | kd=0.5267 | recon=0.4367 | t=126s
  Ep 060 | step 1650/1868 | loss=1.0988 | diff=0.6168 | kd=0.4586 | recon=0.4361 | t=130s
  Ep 060 | step 1700/1868 | loss=1.0564 | diff=0.6115 | kd=0.3381 | recon=0.4111 | t=134s
  Ep 060 | step 1750/1868 | loss=1.0779 | diff=0.6124 | kd=0.5157 | recon=0.4139 | t=138s
  Ep 060 | step 1800/1868 | loss=1.1610 | diff=0.6154 | kd=0.8299 | recon=0.4626 | t=142s
  Ep 060 | step 1850/1868 | loss=1.1014 | diff=0.6150 | kd=0.3424 | recon=0.4521 | t=146s

  ── Epoch 060/200 (190s) ──────────────────────
  Train  loss=1.0779  diff=0.6175  kd=0.5509  recon=0.4053
  Val    loss=1.0825  RMSE=0.4895  MAE=0.4050  lr=7.96e-05
  [EP60] Checkpoint saved → checkpoints/epoch_060.pth

  Ep 061 | step 0000/1868 | loss=0.9717 | diff=0.6130 | kd=0.4252 | recon=0.3162 | t=1s
  Ep 061 | step 0050/1868 | loss=1.0528 | diff=0.6119 | kd=0.4571 | recon=0.3952 | t=4s
  Ep 061 | step 0100/1868 | loss=1.0924 | diff=0.6209 | kd=0.4870 | recon=0.4228 | t=8s
  Ep 061 | step 0150/1868 | loss=1.0765 | diff=0.6139 | kd=0.3912 | recon=0.4235 | t=12s
  Ep 061 | step 0200/1868 | loss=1.1504 | diff=0.6368 | kd=0.4532 | recon=0.4684 | t=16s
  Ep 061 | step 0250/1868 | loss=1.0842 | diff=0.6215 | kd=0.5126 | recon=0.4115 | t=20s
  Ep 061 | step 0300/1868 | loss=1.1747 | diff=0.6833 | kd=0.9236 | recon=0.3990 | t=24s
  Ep 061 | step 0350/1868 | loss=1.1624 | diff=0.6247 | kd=0.6234 | recon=0.4753 | t=28s
  Ep 061 | step 0400/1868 | loss=1.1059 | diff=0.6135 | kd=0.8966 | recon=0.4028 | t=32s
  Ep 061 | step 0450/1868 | loss=1.1194 | diff=0.6158 | kd=0.3603 | recon=0.4676 | t=36s
  Ep 061 | step 0500/1868 | loss=1.0459 | diff=0.6110 | kd=0.4129 | recon=0.3936 | t=40s
  Ep 061 | step 0550/1868 | loss=1.1304 | diff=0.6151 | kd=0.6075 | recon=0.4546 | t=44s
  Ep 061 | step 0600/1868 | loss=1.0651 | diff=0.6207 | kd=0.6191 | recon=0.3825 | t=48s
  Ep 061 | step 0650/1868 | loss=1.1021 | diff=0.6135 | kd=0.6193 | recon=0.4267 | t=52s
  Ep 061 | step 0700/1868 | loss=1.0694 | diff=0.6134 | kd=0.5686 | recon=0.3992 | t=56s
  Ep 061 | step 0750/1868 | loss=1.0924 | diff=0.6096 | kd=0.6191 | recon=0.4208 | t=60s
  Ep 061 | step 0800/1868 | loss=1.0981 | diff=0.6161 | kd=0.5971 | recon=0.4223 | t=63s
  Ep 061 | step 0850/1868 | loss=1.1168 | diff=0.6152 | kd=0.4547 | recon=0.4561 | t=67s
  Ep 061 | step 0900/1868 | loss=1.0524 | diff=0.6132 | kd=0.5406 | recon=0.3852 | t=71s
  Ep 061 | step 0950/1868 | loss=1.1130 | diff=0.6195 | kd=0.5153 | recon=0.4420 | t=75s
  Ep 061 | step 1000/1868 | loss=1.0474 | diff=0.6109 | kd=0.4188 | recon=0.3947 | t=79s
  Ep 061 | step 1050/1868 | loss=1.0784 | diff=0.6132 | kd=0.5351 | recon=0.4118 | t=83s
  Ep 061 | step 1100/1868 | loss=1.0718 | diff=0.6112 | kd=0.3263 | recon=0.4280 | t=87s
  Ep 061 | step 1150/1868 | loss=1.0627 | diff=0.6221 | kd=0.5172 | recon=0.3889 | t=91s
  Ep 061 | step 1200/1868 | loss=1.0483 | diff=0.6132 | kd=0.3883 | recon=0.3962 | t=95s
  Ep 061 | step 1250/1868 | loss=1.1108 | diff=0.6124 | kd=0.6096 | recon=0.4375 | t=99s
  Ep 061 | step 1300/1868 | loss=1.0697 | diff=0.6149 | kd=0.4315 | recon=0.4116 | t=103s
  Ep 061 | step 1350/1868 | loss=1.0579 | diff=0.6124 | kd=0.4556 | recon=0.4000 | t=107s
  Ep 061 | step 1400/1868 | loss=1.0961 | diff=0.6090 | kd=0.6276 | recon=0.4243 | t=111s
  Ep 061 | step 1450/1868 | loss=1.0475 | diff=0.6100 | kd=0.6805 | recon=0.3694 | t=115s
  Ep 061 | step 1500/1868 | loss=1.0959 | diff=0.6143 | kd=0.4605 | recon=0.4355 | t=119s
  Ep 061 | step 1550/1868 | loss=1.0798 | diff=0.6129 | kd=0.5414 | recon=0.4127 | t=123s
  Ep 061 | step 1600/1868 | loss=1.1713 | diff=0.6315 | kd=0.6742 | recon=0.4724 | t=127s
  Ep 061 | step 1650/1868 | loss=1.0643 | diff=0.6169 | kd=0.5237 | recon=0.3950 | t=131s
  Ep 061 | step 1700/1868 | loss=1.1424 | diff=0.6138 | kd=0.4645 | recon=0.4822 | t=135s
  Ep 061 | step 1750/1868 | loss=1.1648 | diff=0.6758 | kd=0.5845 | recon=0.4306 | t=139s
  Ep 061 | step 1800/1868 | loss=1.1340 | diff=0.6113 | kd=0.4724 | recon=0.4754 | t=143s
  Ep 061 | step 1850/1868 | loss=1.1077 | diff=0.6096 | kd=0.5254 | recon=0.4455 | t=146s

  ── Epoch 061/200 (191s) ──────────────────────
  Train  loss=1.0806  diff=0.6200  kd=0.5524  recon=0.4053
  Val    loss=1.0818  RMSE=0.4896  MAE=0.4050  lr=7.90e-05

  Ep 062 | step 0000/1868 | loss=1.0474 | diff=0.6198 | kd=0.4981 | recon=0.3778 | t=1s
  Ep 062 | step 0050/1868 | loss=1.0336 | diff=0.6096 | kd=0.4348 | recon=0.3806 | t=4s
  Ep 062 | step 0100/1868 | loss=1.1296 | diff=0.7088 | kd=0.3974 | recon=0.3811 | t=8s
  Ep 062 | step 0150/1868 | loss=1.0216 | diff=0.6135 | kd=0.6102 | recon=0.3471 | t=12s
  Ep 062 | step 0200/1868 | loss=1.0761 | diff=0.6141 | kd=0.4058 | recon=0.4214 | t=16s
  Ep 062 | step 0250/1868 | loss=1.0798 | diff=0.6151 | kd=0.6552 | recon=0.3992 | t=20s
  Ep 062 | step 0300/1868 | loss=1.1007 | diff=0.6203 | kd=0.4914 | recon=0.4313 | t=24s
  Ep 062 | step 0350/1868 | loss=1.0269 | diff=0.6162 | kd=0.7326 | recon=0.3375 | t=28s
  Ep 062 | step 0400/1868 | loss=1.0940 | diff=0.6099 | kd=0.4803 | recon=0.4360 | t=32s
  Ep 062 | step 0450/1868 | loss=1.0930 | diff=0.6220 | kd=0.8270 | recon=0.3883 | t=36s
  Ep 062 | step 0500/1868 | loss=1.0245 | diff=0.6156 | kd=0.3788 | recon=0.3710 | t=40s
  Ep 062 | step 0550/1868 | loss=1.0948 | diff=0.6201 | kd=0.4782 | recon=0.4268 | t=44s
  Ep 062 | step 0600/1868 | loss=1.2268 | diff=0.6101 | kd=0.5773 | recon=0.5589 | t=48s
  Ep 062 | step 0650/1868 | loss=1.1026 | diff=0.6142 | kd=0.7555 | recon=0.4128 | t=52s
  Ep 062 | step 0700/1868 | loss=0.9750 | diff=0.6164 | kd=0.3204 | recon=0.3266 | t=56s
  Ep 062 | step 0750/1868 | loss=1.0438 | diff=0.6104 | kd=0.4926 | recon=0.3841 | t=60s
  Ep 062 | step 0800/1868 | loss=1.0597 | diff=0.6160 | kd=0.6966 | recon=0.3741 | t=63s
  Ep 062 | step 0850/1868 | loss=1.0372 | diff=0.6140 | kd=0.4293 | recon=0.3802 | t=67s
  Ep 062 | step 0900/1868 | loss=1.0073 | diff=0.6090 | kd=0.3916 | recon=0.3591 | t=71s
  Ep 062 | step 0950/1868 | loss=1.1168 | diff=0.6125 | kd=0.7268 | recon=0.4316 | t=75s
  Ep 062 | step 1000/1868 | loss=1.0293 | diff=0.6225 | kd=0.5020 | recon=0.3566 | t=79s
  Ep 062 | step 1050/1868 | loss=1.0029 | diff=0.6156 | kd=0.6725 | recon=0.3201 | t=83s
  Ep 062 | step 1100/1868 | loss=1.1254 | diff=0.6117 | kd=0.7151 | recon=0.4422 | t=87s
  Ep 062 | step 1150/1868 | loss=1.1569 | diff=0.6176 | kd=0.6232 | recon=0.4770 | t=91s
  Ep 062 | step 1200/1868 | loss=1.1199 | diff=0.6153 | kd=0.6246 | recon=0.4422 | t=95s
  Ep 062 | step 1250/1868 | loss=1.0594 | diff=0.6109 | kd=0.5976 | recon=0.3888 | t=99s
  Ep 062 | step 1300/1868 | loss=1.1502 | diff=0.6074 | kd=0.5085 | recon=0.4920 | t=103s
  Ep 062 | step 1350/1868 | loss=1.1002 | diff=0.6192 | kd=0.6079 | recon=0.4202 | t=107s
  Ep 062 | step 1400/1868 | loss=1.0854 | diff=0.6120 | kd=0.7305 | recon=0.4004 | t=111s
  Ep 062 | step 1450/1868 | loss=1.0717 | diff=0.6184 | kd=0.9027 | recon=0.3631 | t=115s
  Ep 062 | step 1500/1868 | loss=1.0870 | diff=0.6126 | kd=0.5644 | recon=0.4180 | t=119s
  Ep 062 | step 1550/1868 | loss=1.1051 | diff=0.6271 | kd=0.3939 | recon=0.4386 | t=123s
  Ep 062 | step 1600/1868 | loss=1.0889 | diff=0.6164 | kd=0.4395 | recon=0.4286 | t=126s
  Ep 062 | step 1650/1868 | loss=1.0972 | diff=0.6106 | kd=0.5853 | recon=0.4281 | t=130s
  Ep 062 | step 1700/1868 | loss=1.0232 | diff=0.6099 | kd=0.4626 | recon=0.3670 | t=134s
  Ep 062 | step 1750/1868 | loss=1.0320 | diff=0.6109 | kd=0.5989 | recon=0.3612 | t=138s
  Ep 062 | step 1800/1868 | loss=1.0681 | diff=0.6112 | kd=0.5066 | recon=0.4063 | t=142s
  Ep 062 | step 1850/1868 | loss=1.0716 | diff=0.6676 | kd=0.5816 | recon=0.3458 | t=146s

  ── Epoch 062/200 (190s) ──────────────────────
  Train  loss=1.0804  diff=0.6175  kd=0.5757  recon=0.4053
  Val    loss=1.0776  RMSE=0.4895  MAE=0.4050  lr=7.83e-05

  Ep 063 | step 0000/1868 | loss=1.0644 | diff=0.6074 | kd=0.4150 | recon=0.4155 | t=1s
  Ep 063 | step 0050/1868 | loss=1.0018 | diff=0.6129 | kd=0.4497 | recon=0.3439 | t=4s
  Ep 063 | step 0100/1868 | loss=1.2164 | diff=0.6185 | kd=0.4587 | recon=0.5520 | t=8s
  Ep 063 | step 0150/1868 | loss=0.9978 | diff=0.6134 | kd=0.4250 | recon=0.3419 | t=12s
  Ep 063 | step 0200/1868 | loss=1.1506 | diff=0.6116 | kd=0.7577 | recon=0.4633 | t=16s
  Ep 063 | step 0250/1868 | loss=1.0691 | diff=0.6228 | kd=0.4789 | recon=0.3984 | t=20s
  Ep 063 | step 0300/1868 | loss=1.0276 | diff=0.6138 | kd=0.5016 | recon=0.3637 | t=24s
  Ep 063 | step 0350/1868 | loss=1.2417 | diff=0.6164 | kd=0.9340 | recon=0.5319 | t=28s
  Ep 063 | step 0400/1868 | loss=1.0249 | diff=0.6162 | kd=0.4592 | recon=0.3627 | t=32s
  Ep 063 | step 0450/1868 | loss=1.0834 | diff=0.6156 | kd=0.5098 | recon=0.4168 | t=36s
  Ep 063 | step 0500/1868 | loss=1.0640 | diff=0.6201 | kd=0.4252 | recon=0.4014 | t=39s
  Ep 063 | step 0550/1868 | loss=1.0406 | diff=0.6116 | kd=0.7003 | recon=0.3590 | t=43s
  Ep 063 | step 0600/1868 | loss=1.1370 | diff=0.6788 | kd=0.5994 | recon=0.3982 | t=47s
  Ep 063 | step 0650/1868 | loss=1.0938 | diff=0.6190 | kd=0.3193 | recon=0.4428 | t=51s
  Ep 063 | step 0700/1868 | loss=1.1720 | diff=0.6112 | kd=0.7412 | recon=0.4866 | t=55s
  Ep 063 | step 0750/1868 | loss=1.0578 | diff=0.6121 | kd=0.6084 | recon=0.3849 | t=59s
  Ep 063 | step 0800/1868 | loss=0.9974 | diff=0.6108 | kd=0.4343 | recon=0.3432 | t=63s
  Ep 063 | step 0850/1868 | loss=1.0738 | diff=0.6145 | kd=0.7154 | recon=0.3878 | t=67s
  Ep 063 | step 0900/1868 | loss=1.0563 | diff=0.6126 | kd=0.4239 | recon=0.4014 | t=70s
  Ep 063 | step 0950/1868 | loss=1.0875 | diff=0.6164 | kd=0.6806 | recon=0.4030 | t=74s
  Ep 063 | step 1000/1868 | loss=1.1390 | diff=0.6499 | kd=0.6514 | recon=0.4240 | t=78s
  Ep 063 | step 1050/1868 | loss=1.0642 | diff=0.6197 | kd=0.5312 | recon=0.3914 | t=82s
  Ep 063 | step 1100/1868 | loss=1.0272 | diff=0.6111 | kd=0.5677 | recon=0.3593 | t=86s
  Ep 063 | step 1150/1868 | loss=1.0716 | diff=0.6276 | kd=0.4099 | recon=0.4030 | t=90s
  Ep 063 | step 1200/1868 | loss=1.1223 | diff=0.6152 | kd=0.5012 | recon=0.4569 | t=94s
  Ep 063 | step 1250/1868 | loss=1.0277 | diff=0.6104 | kd=0.5950 | recon=0.3578 | t=98s
  Ep 063 | step 1300/1868 | loss=1.1179 | diff=0.6149 | kd=1.0539 | recon=0.3976 | t=102s
  Ep 063 | step 1350/1868 | loss=1.0791 | diff=0.6144 | kd=0.4853 | recon=0.4162 | t=106s
  Ep 063 | step 1400/1868 | loss=1.1165 | diff=0.6131 | kd=0.5791 | recon=0.4456 | t=109s
  Ep 063 | step 1450/1868 | loss=1.0713 | diff=0.6159 | kd=0.5235 | recon=0.4030 | t=113s
  Ep 063 | step 1500/1868 | loss=1.1619 | diff=0.6128 | kd=0.5715 | recon=0.4919 | t=117s
  Ep 063 | step 1550/1868 | loss=0.9644 | diff=0.6147 | kd=0.5179 | recon=0.2980 | t=121s
  Ep 063 | step 1600/1868 | loss=1.0955 | diff=0.6128 | kd=0.4642 | recon=0.4362 | t=125s
  Ep 063 | step 1650/1868 | loss=1.0026 | diff=0.6156 | kd=0.4665 | recon=0.3403 | t=129s
  Ep 063 | step 1700/1868 | loss=1.0134 | diff=0.6157 | kd=0.4459 | recon=0.3531 | t=133s
  Ep 063 | step 1750/1868 | loss=1.0413 | diff=0.6181 | kd=0.4149 | recon=0.3817 | t=136s
  Ep 063 | step 1800/1868 | loss=1.0077 | diff=0.6137 | kd=0.4497 | recon=0.3490 | t=140s
  Ep 063 | step 1850/1868 | loss=1.0008 | diff=0.6087 | kd=0.3918 | recon=0.3529 | t=144s

  ── Epoch 063/200 (189s) ──────────────────────
  Train  loss=1.0797  diff=0.6171  kd=0.5729  recon=0.4053
  Val    loss=1.0758  RMSE=0.4896  MAE=0.4050  lr=7.77e-05

  Ep 064 | step 0000/1868 | loss=1.0908 | diff=0.6265 | kd=0.4298 | recon=0.4214 | t=1s
  Ep 064 | step 0050/1868 | loss=1.0997 | diff=0.6092 | kd=0.4405 | recon=0.4464 | t=4s
  Ep 064 | step 0100/1868 | loss=1.1477 | diff=0.6122 | kd=0.5101 | recon=0.4845 | t=8s
  Ep 064 | step 0150/1868 | loss=1.0735 | diff=0.6136 | kd=0.5787 | recon=0.4020 | t=12s
  Ep 064 | step 0200/1868 | loss=1.0336 | diff=0.6140 | kd=0.3837 | recon=0.3813 | t=16s
  Ep 064 | step 0250/1868 | loss=1.0267 | diff=0.6136 | kd=0.4771 | recon=0.3655 | t=20s
  Ep 064 | step 0300/1868 | loss=1.0858 | diff=0.6123 | kd=0.5505 | recon=0.4184 | t=24s
  Ep 064 | step 0350/1868 | loss=1.0816 | diff=0.6131 | kd=0.6758 | recon=0.4010 | t=28s
  Ep 064 | step 0400/1868 | loss=1.2150 | diff=0.6131 | kd=0.6864 | recon=0.5333 | t=32s
  Ep 064 | step 0450/1868 | loss=1.0930 | diff=0.6135 | kd=0.6124 | recon=0.4183 | t=36s
  Ep 064 | step 0500/1868 | loss=1.0954 | diff=0.6176 | kd=0.5793 | recon=0.4199 | t=39s
  Ep 064 | step 0550/1868 | loss=1.0582 | diff=0.6143 | kd=0.6571 | recon=0.3781 | t=43s
  Ep 064 | step 0600/1868 | loss=1.0743 | diff=0.6143 | kd=0.4080 | recon=0.4192 | t=47s
  Ep 064 | step 0650/1868 | loss=1.1839 | diff=0.6137 | kd=0.4968 | recon=0.5205 | t=51s
  Ep 064 | step 0700/1868 | loss=0.9888 | diff=0.6147 | kd=0.4886 | recon=0.3253 | t=55s
  Ep 064 | step 0750/1868 | loss=1.0315 | diff=0.6128 | kd=0.4901 | recon=0.3697 | t=59s
  Ep 064 | step 0800/1868 | loss=1.2005 | diff=0.6079 | kd=0.6780 | recon=0.5248 | t=63s
  Ep 064 | step 0850/1868 | loss=1.0563 | diff=0.6165 | kd=0.6829 | recon=0.3715 | t=67s
  Ep 064 | step 0900/1868 | loss=1.1264 | diff=0.6174 | kd=0.6357 | recon=0.4454 | t=70s
  Ep 064 | step 0950/1868 | loss=1.0634 | diff=0.6144 | kd=0.5442 | recon=0.3945 | t=74s
  Ep 064 | step 1000/1868 | loss=1.0588 | diff=0.6120 | kd=0.4344 | recon=0.4034 | t=78s
  Ep 064 | step 1050/1868 | loss=1.0889 | diff=0.6167 | kd=0.4775 | recon=0.4244 | t=82s
  Ep 064 | step 1100/1868 | loss=1.0334 | diff=0.6165 | kd=0.5581 | recon=0.3611 | t=86s
  Ep 064 | step 1150/1868 | loss=1.0489 | diff=0.6151 | kd=0.5016 | recon=0.3836 | t=90s
  Ep 064 | step 1200/1868 | loss=1.1083 | diff=0.6115 | kd=0.4258 | recon=0.4542 | t=94s
  Ep 064 | step 1250/1868 | loss=1.1018 | diff=0.6173 | kd=0.6890 | recon=0.4156 | t=98s
  Ep 064 | step 1300/1868 | loss=1.0791 | diff=0.6122 | kd=0.5109 | recon=0.4158 | t=102s
  Ep 064 | step 1350/1868 | loss=1.0994 | diff=0.6151 | kd=0.6220 | recon=0.4221 | t=105s
  Ep 064 | step 1400/1868 | loss=1.0901 | diff=0.6245 | kd=0.8156 | recon=0.3840 | t=109s
  Ep 064 | step 1450/1868 | loss=1.0021 | diff=0.6126 | kd=0.5736 | recon=0.3322 | t=113s
  Ep 064 | step 1500/1868 | loss=1.1647 | diff=0.6224 | kd=0.5191 | recon=0.4904 | t=117s
  Ep 064 | step 1550/1868 | loss=1.1000 | diff=0.6148 | kd=0.6448 | recon=0.4207 | t=121s
  Ep 064 | step 1600/1868 | loss=0.9901 | diff=0.6093 | kd=0.5625 | recon=0.3246 | t=125s
  Ep 064 | step 1650/1868 | loss=0.9820 | diff=0.6116 | kd=0.4543 | recon=0.3250 | t=129s
  Ep 064 | step 1700/1868 | loss=1.1383 | diff=0.6114 | kd=0.5666 | recon=0.4703 | t=133s
  Ep 064 | step 1750/1868 | loss=1.0532 | diff=0.6110 | kd=0.6023 | recon=0.3819 | t=136s
  Ep 064 | step 1800/1868 | loss=1.0793 | diff=0.6141 | kd=0.4254 | recon=0.4227 | t=140s
  Ep 064 | step 1850/1868 | loss=1.0738 | diff=0.6371 | kd=0.3560 | recon=0.4011 | t=144s

  ── Epoch 064/200 (188s) ──────────────────────
  Train  loss=1.0784  diff=0.6178  kd=0.5537  recon=0.4053
  Val    loss=1.0735  RMSE=0.4896  MAE=0.4050  lr=7.70e-05

  Ep 065 | step 0000/1868 | loss=1.0469 | diff=0.6140 | kd=0.4104 | recon=0.3918 | t=1s
  Ep 065 | step 0050/1868 | loss=1.1800 | diff=0.6158 | kd=0.7035 | recon=0.4939 | t=4s
  Ep 065 | step 0100/1868 | loss=1.0777 | diff=0.6143 | kd=0.3987 | recon=0.4236 | t=8s
  Ep 065 | step 0150/1868 | loss=1.0930 | diff=0.6106 | kd=0.5875 | recon=0.4237 | t=12s
  Ep 065 | step 0200/1868 | loss=1.0733 | diff=0.6117 | kd=0.5276 | recon=0.4088 | t=16s
  Ep 065 | step 0250/1868 | loss=0.9942 | diff=0.6129 | kd=0.4489 | recon=0.3364 | t=20s
  Ep 065 | step 0300/1868 | loss=1.0427 | diff=0.6196 | kd=0.4350 | recon=0.3796 | t=24s
  Ep 065 | step 0350/1868 | loss=1.1746 | diff=0.6097 | kd=0.4557 | recon=0.5194 | t=28s
  Ep 065 | step 0400/1868 | loss=1.0755 | diff=0.6112 | kd=0.5594 | recon=0.4084 | t=32s
  Ep 065 | step 0450/1868 | loss=1.1853 | diff=0.6188 | kd=0.9706 | recon=0.4694 | t=36s
  Ep 065 | step 0500/1868 | loss=1.0545 | diff=0.6150 | kd=0.7204 | recon=0.3674 | t=39s
  Ep 065 | step 0550/1868 | loss=1.0549 | diff=0.6304 | kd=0.4942 | recon=0.3751 | t=43s
  Ep 065 | step 0600/1868 | loss=1.0846 | diff=0.6158 | kd=0.6420 | recon=0.4047 | t=47s
  Ep 065 | step 0650/1868 | loss=1.0679 | diff=0.6179 | kd=0.5653 | recon=0.3935 | t=51s
  Ep 065 | step 0700/1868 | loss=0.9818 | diff=0.6089 | kd=0.3163 | recon=0.3413 | t=55s
  Ep 065 | step 0750/1868 | loss=1.0472 | diff=0.6145 | kd=0.7295 | recon=0.3597 | t=59s
  Ep 065 | step 0800/1868 | loss=1.1169 | diff=0.6111 | kd=0.8341 | recon=0.4224 | t=63s
  Ep 065 | step 0850/1868 | loss=1.0873 | diff=0.6092 | kd=0.5325 | recon=0.4248 | t=67s
  Ep 065 | step 0900/1868 | loss=1.0631 | diff=0.6623 | kd=0.5901 | recon=0.3418 | t=71s
  Ep 065 | step 0950/1868 | loss=1.0293 | diff=0.6410 | kd=0.4442 | recon=0.3438 | t=74s
  Ep 065 | step 1000/1868 | loss=0.9790 | diff=0.6159 | kd=0.4776 | recon=0.3154 | t=78s
  Ep 065 | step 1050/1868 | loss=1.0251 | diff=0.6137 | kd=0.3892 | recon=0.3724 | t=82s
  Ep 065 | step 1100/1868 | loss=0.9991 | diff=0.6096 | kd=0.3764 | recon=0.3518 | t=86s
  Ep 065 | step 1150/1868 | loss=1.0461 | diff=0.6121 | kd=0.5503 | recon=0.3789 | t=90s
  Ep 065 | step 1200/1868 | loss=1.0650 | diff=0.6144 | kd=0.6997 | recon=0.3807 | t=94s
  Ep 065 | step 1250/1868 | loss=1.1037 | diff=0.6146 | kd=0.8130 | recon=0.4078 | t=98s
  Ep 065 | step 1300/1868 | loss=1.1733 | diff=0.6290 | kd=0.5857 | recon=0.4857 | t=102s
  Ep 065 | step 1350/1868 | loss=1.1966 | diff=0.6796 | kd=0.6747 | recon=0.4495 | t=105s
  Ep 065 | step 1400/1868 | loss=1.0816 | diff=0.6113 | kd=0.4644 | recon=0.4238 | t=109s
  Ep 065 | step 1450/1868 | loss=1.0785 | diff=0.6174 | kd=0.5320 | recon=0.4079 | t=113s
  Ep 065 | step 1500/1868 | loss=1.0410 | diff=0.6159 | kd=0.5306 | recon=0.3720 | t=117s
  Ep 065 | step 1550/1868 | loss=1.0703 | diff=0.6150 | kd=0.5880 | recon=0.3965 | t=121s
  Ep 065 | step 1600/1868 | loss=1.0943 | diff=0.6147 | kd=0.8206 | recon=0.3975 | t=125s
  Ep 065 | step 1650/1868 | loss=1.1549 | diff=0.6172 | kd=0.6415 | recon=0.4736 | t=129s
  Ep 065 | step 1700/1868 | loss=1.0702 | diff=0.6160 | kd=0.4965 | recon=0.4046 | t=133s
  Ep 065 | step 1750/1868 | loss=1.0399 | diff=0.6147 | kd=0.6129 | recon=0.3639 | t=137s
  Ep 065 | step 1800/1868 | loss=1.0485 | diff=0.6181 | kd=0.4486 | recon=0.3856 | t=140s
  Ep 065 | step 1850/1868 | loss=1.0649 | diff=0.6178 | kd=0.3104 | recon=0.4160 | t=144s

  ── Epoch 065/200 (188s) ──────────────────────
  Train  loss=1.0765  diff=0.6165  kd=0.5463  recon=0.4053
  Val    loss=1.0765  RMSE=0.4895  MAE=0.4050  lr=7.64e-05

  Ep 066 | step 0000/1868 | loss=1.1944 | diff=0.6904 | kd=0.6325 | recon=0.4408 | t=1s
  Ep 066 | step 0050/1868 | loss=1.0852 | diff=0.6149 | kd=0.6713 | recon=0.4032 | t=4s
  Ep 066 | step 0100/1868 | loss=1.0085 | diff=0.6157 | kd=0.3359 | recon=0.3592 | t=8s
  Ep 066 | step 0150/1868 | loss=1.0302 | diff=0.6126 | kd=0.5273 | recon=0.3649 | t=12s
  Ep 066 | step 0200/1868 | loss=0.9863 | diff=0.6117 | kd=0.3830 | recon=0.3362 | t=16s
  Ep 066 | step 0250/1868 | loss=1.0747 | diff=0.6131 | kd=0.4523 | recon=0.4164 | t=20s
  Ep 066 | step 0300/1868 | loss=1.0351 | diff=0.6096 | kd=0.4201 | recon=0.3835 | t=24s
  Ep 066 | step 0350/1868 | loss=1.0551 | diff=0.6102 | kd=0.4147 | recon=0.4034 | t=28s
  Ep 066 | step 0400/1868 | loss=1.1066 | diff=0.6967 | kd=0.3967 | recon=0.3703 | t=32s
  Ep 066 | step 0450/1868 | loss=1.1112 | diff=0.6133 | kd=0.3353 | recon=0.4643 | t=36s
  Ep 066 | step 0500/1868 | loss=1.1146 | diff=0.6597 | kd=0.6983 | recon=0.3851 | t=40s
  Ep 066 | step 0550/1868 | loss=1.0243 | diff=0.6173 | kd=0.3806 | recon=0.3690 | t=44s
  Ep 066 | step 0600/1868 | loss=1.1220 | diff=0.6115 | kd=0.4957 | recon=0.4610 | t=48s
  Ep 066 | step 0650/1868 | loss=1.0823 | diff=0.6160 | kd=0.4351 | recon=0.4228 | t=52s
  Ep 066 | step 0700/1868 | loss=1.0237 | diff=0.6167 | kd=0.5334 | recon=0.3537 | t=56s
  Ep 066 | step 0750/1868 | loss=1.1179 | diff=0.6120 | kd=0.4644 | recon=0.4594 | t=59s
  Ep 066 | step 0800/1868 | loss=1.0642 | diff=0.6123 | kd=0.6148 | recon=0.3905 | t=63s
  Ep 066 | step 0850/1868 | loss=1.0971 | diff=0.6122 | kd=0.5540 | recon=0.4295 | t=67s
  Ep 066 | step 0900/1868 | loss=1.2142 | diff=0.6141 | kd=0.7320 | recon=0.5269 | t=71s
  Ep 066 | step 0950/1868 | loss=1.1075 | diff=0.6135 | kd=0.6333 | recon=0.4307 | t=75s
  Ep 066 | step 1000/1868 | loss=1.1095 | diff=0.6127 | kd=0.5565 | recon=0.4412 | t=79s
  Ep 066 | step 1050/1868 | loss=1.1150 | diff=0.6106 | kd=0.7504 | recon=0.4293 | t=83s
  Ep 066 | step 1100/1868 | loss=0.9594 | diff=0.6139 | kd=0.3676 | recon=0.3086 | t=87s
  Ep 066 | step 1150/1868 | loss=1.0767 | diff=0.6133 | kd=0.3759 | recon=0.4258 | t=91s
  Ep 066 | step 1200/1868 | loss=1.0324 | diff=0.6159 | kd=0.7127 | recon=0.3453 | t=95s
  Ep 066 | step 1250/1868 | loss=1.1026 | diff=0.6117 | kd=0.5540 | recon=0.4355 | t=99s
  Ep 066 | step 1300/1868 | loss=1.1271 | diff=0.6262 | kd=0.5856 | recon=0.4424 | t=103s
  Ep 066 | step 1350/1868 | loss=1.0640 | diff=0.6109 | kd=0.4167 | recon=0.4114 | t=107s
  Ep 066 | step 1400/1868 | loss=1.0048 | diff=0.6247 | kd=0.4426 | recon=0.3358 | t=111s
  Ep 066 | step 1450/1868 | loss=1.1156 | diff=0.6161 | kd=0.4738 | recon=0.4522 | t=114s
  Ep 066 | step 1500/1868 | loss=1.0312 | diff=0.6141 | kd=0.6268 | recon=0.3544 | t=118s
  Ep 066 | step 1550/1868 | loss=0.9916 | diff=0.6130 | kd=0.4873 | recon=0.3298 | t=122s
  Ep 066 | step 1600/1868 | loss=1.0576 | diff=0.6154 | kd=0.7202 | recon=0.3702 | t=126s
  Ep 066 | step 1650/1868 | loss=1.0003 | diff=0.6220 | kd=0.4965 | recon=0.3286 | t=130s
  Ep 066 | step 1700/1868 | loss=1.0394 | diff=0.6187 | kd=0.6255 | recon=0.3582 | t=134s
  Ep 066 | step 1750/1868 | loss=1.1417 | diff=0.6677 | kd=0.6418 | recon=0.4098 | t=138s
  Ep 066 | step 1800/1868 | loss=1.1123 | diff=0.6127 | kd=0.5074 | recon=0.4489 | t=142s
  Ep 066 | step 1850/1868 | loss=1.1242 | diff=0.6104 | kd=1.1716 | recon=0.3966 | t=146s

  ── Epoch 066/200 (190s) ──────────────────────
  Train  loss=1.0747  diff=0.6163  kd=0.5308  recon=0.4053
  Val    loss=1.0719  RMSE=0.4895  MAE=0.4050  lr=7.57e-05
  [BEST] Checkpoint saved → checkpoints/best_model.pth

  Ep 067 | step 0000/1868 | loss=1.0101 | diff=0.6149 | kd=0.4012 | recon=0.3551 | t=1s
  Ep 067 | step 0050/1868 | loss=1.1128 | diff=0.6123 | kd=0.8211 | recon=0.4184 | t=5s
  Ep 067 | step 0100/1868 | loss=1.0637 | diff=0.6181 | kd=0.4840 | recon=0.3972 | t=9s
  Ep 067 | step 0150/1868 | loss=1.0277 | diff=0.6078 | kd=0.3222 | recon=0.3876 | t=12s
  Ep 067 | step 0200/1868 | loss=1.1067 | diff=0.6089 | kd=0.8463 | recon=0.4131 | t=16s
  Ep 067 | step 0250/1868 | loss=1.0378 | diff=0.6163 | kd=0.4569 | recon=0.3758 | t=20s
  Ep 067 | step 0300/1868 | loss=1.0757 | diff=0.6087 | kd=0.3546 | recon=0.4316 | t=24s
  Ep 067 | step 0350/1868 | loss=1.0510 | diff=0.6144 | kd=0.4055 | recon=0.3961 | t=28s
  Ep 067 | step 0400/1868 | loss=1.0688 | diff=0.6123 | kd=0.5294 | recon=0.4036 | t=32s
  Ep 067 | step 0450/1868 | loss=1.0616 | diff=0.6079 | kd=0.5345 | recon=0.4002 | t=36s
  Ep 067 | step 0500/1868 | loss=1.0917 | diff=0.6162 | kd=0.5302 | recon=0.4225 | t=40s
  Ep 067 | step 0550/1868 | loss=1.1453 | diff=0.6163 | kd=0.3946 | recon=0.4896 | t=44s
  Ep 067 | step 0600/1868 | loss=1.0709 | diff=0.6220 | kd=0.5315 | recon=0.3958 | t=48s
  Ep 067 | step 0650/1868 | loss=1.1040 | diff=0.6166 | kd=0.4323 | recon=0.4442 | t=52s
  Ep 067 | step 0700/1868 | loss=1.0876 | diff=0.6128 | kd=0.2792 | recon=0.4469 | t=55s
  Ep 067 | step 0750/1868 | loss=1.1451 | diff=0.6117 | kd=0.5013 | recon=0.4832 | t=59s
  Ep 067 | step 0800/1868 | loss=1.0532 | diff=0.6137 | kd=0.5173 | recon=0.3878 | t=63s
  Ep 067 | step 0850/1868 | loss=1.1129 | diff=0.6125 | kd=0.6785 | recon=0.4326 | t=67s
  Ep 067 | step 0900/1868 | loss=0.9758 | diff=0.6154 | kd=0.5993 | recon=0.3005 | t=71s
  Ep 067 | step 0950/1868 | loss=1.0706 | diff=0.6132 | kd=0.6043 | recon=0.3970 | t=75s
  Ep 067 | step 1000/1868 | loss=1.1406 | diff=0.6140 | kd=0.5541 | recon=0.4712 | t=79s
  Ep 067 | step 1050/1868 | loss=1.0599 | diff=0.6167 | kd=0.4745 | recon=0.3957 | t=83s
  Ep 067 | step 1100/1868 | loss=1.1446 | diff=0.7024 | kd=0.3864 | recon=0.4035 | t=87s
  Ep 067 | step 1150/1868 | loss=1.0216 | diff=0.6127 | kd=0.5407 | recon=0.3548 | t=91s
  Ep 067 | step 1200/1868 | loss=1.1299 | diff=0.6151 | kd=0.4211 | recon=0.4726 | t=95s
  Ep 067 | step 1250/1868 | loss=1.0105 | diff=0.6137 | kd=0.3998 | recon=0.3569 | t=99s
  Ep 067 | step 1300/1868 | loss=1.1238 | diff=0.6154 | kd=0.4251 | recon=0.4659 | t=103s
  Ep 067 | step 1350/1868 | loss=1.0559 | diff=0.6144 | kd=0.4113 | recon=0.4003 | t=107s
  Ep 067 | step 1400/1868 | loss=1.0825 | diff=0.6118 | kd=0.4227 | recon=0.4284 | t=110s
  Ep 067 | step 1450/1868 | loss=0.9904 | diff=0.6098 | kd=0.3300 | recon=0.3476 | t=114s
  Ep 067 | step 1500/1868 | loss=1.0228 | diff=0.6096 | kd=0.4797 | recon=0.3651 | t=118s
  Ep 067 | step 1550/1868 | loss=0.9523 | diff=0.6086 | kd=0.3028 | recon=0.3134 | t=122s
  Ep 067 | step 1600/1868 | loss=1.0933 | diff=0.6125 | kd=0.4559 | recon=0.4352 | t=126s
  Ep 067 | step 1650/1868 | loss=1.0932 | diff=0.6134 | kd=0.3409 | recon=0.4458 | t=130s
  Ep 067 | step 1700/1868 | loss=1.0452 | diff=0.6108 | kd=0.4246 | recon=0.3919 | t=134s
  Ep 067 | step 1750/1868 | loss=1.1195 | diff=0.6659 | kd=0.6164 | recon=0.3920 | t=138s
  Ep 067 | step 1800/1868 | loss=1.0326 | diff=0.6109 | kd=0.5184 | recon=0.3699 | t=142s
  Ep 067 | step 1850/1868 | loss=1.0378 | diff=0.6163 | kd=0.4734 | recon=0.3742 | t=146s

  ── Epoch 067/200 (190s) ──────────────────────
  Train  loss=1.0742  diff=0.6171  kd=0.5176  recon=0.4053
  Val    loss=1.0718  RMSE=0.4895  MAE=0.4050  lr=7.50e-05
  [BEST] Checkpoint saved → checkpoints/best_model.pth

  Ep 068 | step 0000/1868 | loss=1.0703 | diff=0.6143 | kd=0.4385 | recon=0.4122 | t=1s
  Ep 068 | step 0050/1868 | loss=0.9985 | diff=0.6172 | kd=0.3206 | recon=0.3493 | t=4s
  Ep 068 | step 0100/1868 | loss=1.1081 | diff=0.6143 | kd=0.3240 | recon=0.4614 | t=8s
  Ep 068 | step 0150/1868 | loss=1.0104 | diff=0.6105 | kd=0.3903 | recon=0.3610 | t=12s
  Ep 068 | step 0200/1868 | loss=1.0348 | diff=0.6109 | kd=0.4629 | recon=0.3776 | t=16s
  Ep 068 | step 0250/1868 | loss=1.0151 | diff=0.6144 | kd=0.3306 | recon=0.3677 | t=20s
  Ep 068 | step 0300/1868 | loss=0.9901 | diff=0.6157 | kd=0.5289 | recon=0.3216 | t=24s
  Ep 068 | step 0350/1868 | loss=1.0377 | diff=0.6196 | kd=0.5885 | recon=0.3593 | t=28s
  Ep 068 | step 0400/1868 | loss=1.0675 | diff=0.6293 | kd=0.5051 | recon=0.3877 | t=32s
  Ep 068 | step 0450/1868 | loss=1.0967 | diff=0.6108 | kd=0.4730 | recon=0.4386 | t=36s
  Ep 068 | step 0500/1868 | loss=1.1108 | diff=0.6101 | kd=0.3683 | recon=0.4638 | t=40s
  Ep 068 | step 0550/1868 | loss=1.1133 | diff=0.6136 | kd=0.5114 | recon=0.4485 | t=44s
  Ep 068 | step 0600/1868 | loss=1.0882 | diff=0.6115 | kd=0.6782 | recon=0.4089 | t=47s
  Ep 068 | step 0650/1868 | loss=1.1157 | diff=0.6089 | kd=0.5544 | recon=0.4514 | t=51s
  Ep 068 | step 0700/1868 | loss=1.1133 | diff=0.6118 | kd=0.7361 | recon=0.4278 | t=55s
  Ep 068 | step 0750/1868 | loss=1.0176 | diff=0.6165 | kd=0.5536 | recon=0.3458 | t=59s
  Ep 068 | step 0800/1868 | loss=1.1013 | diff=0.6175 | kd=0.5788 | recon=0.4259 | t=63s
  Ep 068 | step 0850/1868 | loss=1.0051 | diff=0.6129 | kd=0.4604 | recon=0.3462 | t=67s
  Ep 068 | step 0900/1868 | loss=1.1377 | diff=0.6125 | kd=0.5183 | recon=0.4734 | t=70s
  Ep 068 | step 0950/1868 | loss=1.0265 | diff=0.6125 | kd=0.3284 | recon=0.3812 | t=74s
  Ep 068 | step 1000/1868 | loss=1.0947 | diff=0.6131 | kd=0.4931 | recon=0.4323 | t=78s
  Ep 068 | step 1050/1868 | loss=1.1201 | diff=0.6228 | kd=0.2993 | recon=0.4674 | t=82s
  Ep 068 | step 1100/1868 | loss=1.1618 | diff=0.7049 | kd=0.4166 | recon=0.4152 | t=86s
  Ep 068 | step 1150/1868 | loss=1.1154 | diff=0.6129 | kd=0.5389 | recon=0.4486 | t=90s
  Ep 068 | step 1200/1868 | loss=1.0196 | diff=0.6071 | kd=0.5767 | recon=0.3548 | t=94s
  Ep 068 | step 1250/1868 | loss=1.0543 | diff=0.6114 | kd=0.4655 | recon=0.3964 | t=98s
  Ep 068 | step 1300/1868 | loss=1.1423 | diff=0.6328 | kd=0.4654 | recon=0.4629 | t=102s
  Ep 068 | step 1350/1868 | loss=1.1059 | diff=0.6123 | kd=0.4610 | recon=0.4476 | t=106s
  Ep 068 | step 1400/1868 | loss=1.0124 | diff=0.6117 | kd=0.4388 | recon=0.3569 | t=109s
  Ep 068 | step 1450/1868 | loss=1.0576 | diff=0.6232 | kd=0.5806 | recon=0.3763 | t=113s
  Ep 068 | step 1500/1868 | loss=1.0233 | diff=0.6089 | kd=0.4179 | recon=0.3726 | t=117s
  Ep 068 | step 1550/1868 | loss=1.0461 | diff=0.6107 | kd=0.5571 | recon=0.3796 | t=121s
  Ep 068 | step 1600/1868 | loss=1.0646 | diff=0.6106 | kd=0.5353 | recon=0.4005 | t=125s
  Ep 068 | step 1650/1868 | loss=1.0394 | diff=0.6112 | kd=0.4279 | recon=0.3854 | t=129s
  Ep 068 | step 1700/1868 | loss=1.1512 | diff=0.6150 | kd=0.4321 | recon=0.4930 | t=133s
  Ep 068 | step 1750/1868 | loss=1.0313 | diff=0.6120 | kd=0.3614 | recon=0.3831 | t=137s
  Ep 068 | step 1800/1868 | loss=1.1395 | diff=0.6164 | kd=0.5166 | recon=0.4715 | t=141s
  Ep 068 | step 1850/1868 | loss=1.0990 | diff=0.6089 | kd=0.6108 | recon=0.4290 | t=145s

  ── Epoch 068/200 (189s) ──────────────────────
  Train  loss=1.0725  diff=0.6157  kd=0.5144  recon=0.4053
  Val    loss=1.0649  RMSE=0.4895  MAE=0.4050  lr=7.43e-05
  [BEST] Checkpoint saved → checkpoints/best_model.pth

  Ep 069 | step 0000/1868 | loss=0.9978 | diff=0.6075 | kd=0.6618 | recon=0.3242 | t=0s
  Ep 069 | step 0050/1868 | loss=1.1098 | diff=0.6126 | kd=0.4123 | recon=0.4560 | t=4s
  Ep 069 | step 0100/1868 | loss=1.0286 | diff=0.6441 | kd=0.3904 | recon=0.3454 | t=8s
  Ep 069 | step 0150/1868 | loss=1.0597 | diff=0.6136 | kd=0.5249 | recon=0.3937 | t=12s
  Ep 069 | step 0200/1868 | loss=1.0352 | diff=0.6134 | kd=0.4661 | recon=0.3751 | t=16s
  Ep 069 | step 0250/1868 | loss=1.0672 | diff=0.6108 | kd=0.3324 | recon=0.4232 | t=20s
  Ep 069 | step 0300/1868 | loss=1.0553 | diff=0.6081 | kd=0.2839 | recon=0.4187 | t=24s
  Ep 069 | step 0350/1868 | loss=1.0586 | diff=0.6152 | kd=0.4650 | recon=0.3969 | t=28s
  Ep 069 | step 0400/1868 | loss=1.0656 | diff=0.6143 | kd=0.4718 | recon=0.4041 | t=32s
  Ep 069 | step 0450/1868 | loss=1.0379 | diff=0.6150 | kd=0.4921 | recon=0.3737 | t=36s
  Ep 069 | step 0500/1868 | loss=1.0326 | diff=0.6054 | kd=0.3374 | recon=0.3935 | t=40s
  Ep 069 | step 0550/1868 | loss=1.1871 | diff=0.6090 | kd=0.5369 | recon=0.5244 | t=44s
  Ep 069 | step 0600/1868 | loss=1.0854 | diff=0.6152 | kd=0.4234 | recon=0.4279 | t=48s
  Ep 069 | step 0650/1868 | loss=1.0135 | diff=0.6078 | kd=0.5084 | recon=0.3548 | t=51s
  Ep 069 | step 0700/1868 | loss=1.1375 | diff=0.6098 | kd=0.9619 | recon=0.4315 | t=55s
  Ep 069 | step 0750/1868 | loss=1.1114 | diff=0.6113 | kd=0.6956 | recon=0.4306 | t=59s
  Ep 069 | step 0800/1868 | loss=1.0894 | diff=0.6099 | kd=0.5135 | recon=0.4282 | t=63s
  Ep 069 | step 0850/1868 | loss=0.9694 | diff=0.6092 | kd=0.5061 | recon=0.3097 | t=67s
  Ep 069 | step 0900/1868 | loss=1.0796 | diff=0.6222 | kd=0.4293 | recon=0.4144 | t=71s
  Ep 069 | step 0950/1868 | loss=1.0073 | diff=0.6062 | kd=0.4924 | recon=0.3519 | t=75s
  Ep 069 | step 1000/1868 | loss=1.0183 | diff=0.6097 | kd=0.4724 | recon=0.3613 | t=79s
  Ep 069 | step 1050/1868 | loss=1.1706 | diff=0.6089 | kd=0.5817 | recon=0.5036 | t=83s
  Ep 069 | step 1100/1868 | loss=1.0786 | diff=0.6146 | kd=0.5242 | recon=0.4115 | t=87s
  Ep 069 | step 1150/1868 | loss=1.0598 | diff=0.6091 | kd=0.4394 | recon=0.4067 | t=91s
  Ep 069 | step 1200/1868 | loss=1.0443 | diff=0.6144 | kd=0.3632 | recon=0.3935 | t=95s
  Ep 069 | step 1250/1868 | loss=1.0445 | diff=0.6042 | kd=0.4710 | recon=0.3932 | t=99s
  Ep 069 | step 1300/1868 | loss=1.1294 | diff=0.6107 | kd=0.5562 | recon=0.4631 | t=102s
  Ep 069 | step 1350/1868 | loss=1.0970 | diff=0.6566 | kd=0.4529 | recon=0.3951 | t=106s
  Ep 069 | step 1400/1868 | loss=0.9932 | diff=0.6105 | kd=0.4041 | recon=0.3423 | t=110s
  Ep 069 | step 1450/1868 | loss=1.0632 | diff=0.6126 | kd=0.5436 | recon=0.3962 | t=114s
  Ep 069 | step 1500/1868 | loss=1.1319 | diff=0.6307 | kd=0.4344 | recon=0.4577 | t=118s
  Ep 069 | step 1550/1868 | loss=1.0307 | diff=0.6099 | kd=0.5471 | recon=0.3661 | t=122s
  Ep 069 | step 1600/1868 | loss=1.0955 | diff=0.6114 | kd=0.4086 | recon=0.4433 | t=126s
  Ep 069 | step 1650/1868 | loss=1.0218 | diff=0.6083 | kd=0.5267 | recon=0.3608 | t=130s
  Ep 069 | step 1700/1868 | loss=1.1055 | diff=0.6257 | kd=0.4122 | recon=0.4385 | t=134s
  Ep 069 | step 1750/1868 | loss=0.9924 | diff=0.6108 | kd=0.5271 | recon=0.3288 | t=138s
  Ep 069 | step 1800/1868 | loss=1.0450 | diff=0.6097 | kd=0.3814 | recon=0.3972 | t=142s
  Ep 069 | step 1850/1868 | loss=1.0726 | diff=0.6129 | kd=0.5519 | recon=0.4045 | t=145s

  ── Epoch 069/200 (190s) ──────────────────────
  Train  loss=1.0719  diff=0.6151  kd=0.5144  recon=0.4053
  Val    loss=1.0781  RMSE=0.4896  MAE=0.4050  lr=7.37e-05

  Ep 070 | step 0000/1868 | loss=1.1027 | diff=0.6218 | kd=0.7360 | recon=0.4073 | t=1s
  Ep 070 | step 0050/1868 | loss=1.0028 | diff=0.6476 | kd=0.3966 | recon=0.3156 | t=5s
  Ep 070 | step 0100/1868 | loss=1.0848 | diff=0.6086 | kd=0.4300 | recon=0.4332 | t=9s
  Ep 070 | step 0150/1868 | loss=1.0484 | diff=0.6133 | kd=0.3741 | recon=0.3977 | t=13s
  Ep 070 | step 0200/1868 | loss=0.9838 | diff=0.6074 | kd=0.3488 | recon=0.3416 | t=16s
  Ep 070 | step 0250/1868 | loss=0.9865 | diff=0.6127 | kd=0.5198 | recon=0.3218 | t=20s
  Ep 070 | step 0300/1868 | loss=1.1773 | diff=0.6995 | kd=0.3674 | recon=0.4410 | t=24s
  Ep 070 | step 0350/1868 | loss=1.0332 | diff=0.6100 | kd=0.5353 | recon=0.3696 | t=28s
  Ep 070 | step 0400/1868 | loss=1.1649 | diff=0.6383 | kd=0.5819 | recon=0.4683 | t=32s
  Ep 070 | step 0450/1868 | loss=1.0630 | diff=0.6085 | kd=0.4791 | recon=0.4066 | t=36s
  Ep 070 | step 0500/1868 | loss=1.0873 | diff=0.6119 | kd=0.4782 | recon=0.4276 | t=40s
  Ep 070 | step 0550/1868 | loss=1.1881 | diff=0.7170 | kd=0.4761 | recon=0.4235 | t=44s
  Ep 070 | step 0600/1868 | loss=1.0517 | diff=0.6060 | kd=0.5814 | recon=0.3876 | t=48s
  Ep 070 | step 0650/1868 | loss=1.0612 | diff=0.6132 | kd=0.5638 | recon=0.3916 | t=52s
  Ep 070 | step 0700/1868 | loss=1.0137 | diff=0.6095 | kd=0.5894 | recon=0.3452 | t=56s
  Ep 070 | step 0750/1868 | loss=1.0632 | diff=0.6073 | kd=0.4629 | recon=0.4096 | t=60s
  Ep 070 | step 0800/1868 | loss=1.0979 | diff=0.6080 | kd=0.3758 | recon=0.4524 | t=64s
  Ep 070 | step 0850/1868 | loss=1.1573 | diff=0.6124 | kd=0.5673 | recon=0.4881 | t=67s
  Ep 070 | step 0900/1868 | loss=1.0553 | diff=0.6115 | kd=0.3991 | recon=0.4038 | t=71s
  Ep 070 | step 0950/1868 | loss=1.0799 | diff=0.6120 | kd=0.6073 | recon=0.4072 | t=75s
  Ep 070 | step 1000/1868 | loss=1.0478 | diff=0.6074 | kd=0.4483 | recon=0.3956 | t=79s
  Ep 070 | step 1050/1868 | loss=1.0287 | diff=0.6076 | kd=0.3401 | recon=0.3871 | t=83s
  Ep 070 | step 1100/1868 | loss=1.0754 | diff=0.6088 | kd=0.4182 | recon=0.4248 | t=87s
  Ep 070 | step 1150/1868 | loss=1.0354 | diff=0.6059 | kd=0.7999 | recon=0.3495 | t=91s
  Ep 070 | step 1200/1868 | loss=1.0513 | diff=0.6180 | kd=0.8296 | recon=0.3503 | t=95s
  Ep 070 | step 1250/1868 | loss=1.0840 | diff=0.6483 | kd=0.6783 | recon=0.3679 | t=99s
  Ep 070 | step 1300/1868 | loss=1.0915 | diff=0.6054 | kd=0.6467 | recon=0.4215 | t=102s
  Ep 070 | step 1350/1868 | loss=0.9685 | diff=0.6067 | kd=0.2870 | recon=0.3330 | t=106s
  Ep 070 | step 1400/1868 | loss=1.1333 | diff=0.6069 | kd=0.5983 | recon=0.4666 | t=110s
  Ep 070 | step 1450/1868 | loss=1.0464 | diff=0.6125 | kd=0.4670 | recon=0.3872 | t=114s
  Ep 070 | step 1500/1868 | loss=1.1833 | diff=0.6115 | kd=0.6514 | recon=0.5066 | t=118s
  Ep 070 | step 1550/1868 | loss=1.0693 | diff=0.6080 | kd=0.3759 | recon=0.4236 | t=122s
  Ep 070 | step 1600/1868 | loss=1.0740 | diff=0.6083 | kd=0.4869 | recon=0.4170 | t=126s
  Ep 070 | step 1650/1868 | loss=1.1022 | diff=0.6095 | kd=0.3766 | recon=0.4551 | t=130s
  Ep 070 | step 1700/1868 | loss=1.2155 | diff=0.6093 | kd=1.1143 | recon=0.4948 | t=133s
  Ep 070 | step 1750/1868 | loss=1.0675 | diff=0.6047 | kd=0.4598 | recon=0.4168 | t=137s
  Ep 070 | step 1800/1868 | loss=1.0055 | diff=0.6098 | kd=0.3857 | recon=0.3571 | t=141s
  Ep 070 | step 1850/1868 | loss=1.0715 | diff=0.6103 | kd=0.6437 | recon=0.3969 | t=145s

  ── Epoch 070/200 (189s) ──────────────────────
  Train  loss=1.0714  diff=0.6141  kd=0.5195  recon=0.4053
  Val    loss=1.0695  RMSE=0.4896  MAE=0.4050  lr=7.30e-05
  [EP70] Checkpoint saved → checkpoints/epoch_070.pth

  Ep 071 | step 0000/1868 | loss=1.1810 | diff=0.6106 | kd=0.5180 | recon=0.5185 | t=1s
  Ep 071 | step 0050/1868 | loss=0.9989 | diff=0.6152 | kd=0.5476 | recon=0.3289 | t=4s
  Ep 071 | step 0100/1868 | loss=1.1260 | diff=0.6082 | kd=0.5676 | recon=0.4610 | t=8s
  Ep 071 | step 0150/1868 | loss=1.0432 | diff=0.6095 | kd=0.4476 | recon=0.3889 | t=12s
  Ep 071 | step 0200/1868 | loss=1.0690 | diff=0.6046 | kd=0.3308 | recon=0.4314 | t=16s
  Ep 071 | step 0250/1868 | loss=1.0138 | diff=0.6067 | kd=0.3879 | recon=0.3683 | t=20s
  Ep 071 | step 0300/1868 | loss=1.1694 | diff=0.6108 | kd=0.4401 | recon=0.5146 | t=24s
  Ep 071 | step 0350/1868 | loss=1.1299 | diff=0.6067 | kd=0.5659 | recon=0.4666 | t=28s
  Ep 071 | step 0400/1868 | loss=0.9894 | diff=0.6112 | kd=0.6817 | recon=0.3100 | t=32s
  Ep 071 | step 0450/1868 | loss=1.1650 | diff=0.6103 | kd=0.8320 | recon=0.4715 | t=36s
  Ep 071 | step 0500/1868 | loss=1.1111 | diff=0.6096 | kd=0.6931 | recon=0.4322 | t=40s
  Ep 071 | step 0550/1868 | loss=1.1091 | diff=0.6205 | kd=0.8345 | recon=0.4051 | t=43s
  Ep 071 | step 0600/1868 | loss=1.0739 | diff=0.6087 | kd=0.5018 | recon=0.4150 | t=47s
  Ep 071 | step 0650/1868 | loss=1.1419 | diff=0.7159 | kd=0.6320 | recon=0.3628 | t=51s
  Ep 071 | step 0700/1868 | loss=1.1329 | diff=0.6104 | kd=0.8566 | recon=0.4369 | t=55s
  Ep 071 | step 0750/1868 | loss=1.0430 | diff=0.6091 | kd=0.7735 | recon=0.3566 | t=59s
  Ep 071 | step 0800/1868 | loss=1.0774 | diff=0.7034 | kd=0.5755 | recon=0.3165 | t=63s
  Ep 071 | step 0850/1868 | loss=1.1398 | diff=0.6063 | kd=0.4872 | recon=0.4847 | t=67s
  Ep 071 | step 0900/1868 | loss=1.0090 | diff=0.6066 | kd=0.5969 | recon=0.3428 | t=71s
  Ep 071 | step 0950/1868 | loss=1.0305 | diff=0.6122 | kd=0.4791 | recon=0.3703 | t=74s
  Ep 071 | step 1000/1868 | loss=1.1082 | diff=0.6087 | kd=0.6276 | recon=0.4367 | t=78s
  Ep 071 | step 1050/1868 | loss=1.0482 | diff=0.6032 | kd=0.5929 | recon=0.3857 | t=82s
  Ep 071 | step 1100/1868 | loss=0.9673 | diff=0.6074 | kd=0.3539 | recon=0.3245 | t=86s
  Ep 071 | step 1150/1868 | loss=1.0452 | diff=0.6068 | kd=0.6897 | recon=0.3695 | t=90s
  Ep 071 | step 1200/1868 | loss=1.1319 | diff=0.6075 | kd=0.7889 | recon=0.4456 | t=94s
  Ep 071 | step 1250/1868 | loss=1.0498 | diff=0.6430 | kd=0.4035 | recon=0.3664 | t=98s
  Ep 071 | step 1300/1868 | loss=1.1085 | diff=0.6188 | kd=0.6572 | recon=0.4240 | t=102s
  Ep 071 | step 1350/1868 | loss=1.0626 | diff=0.6153 | kd=0.5620 | recon=0.3911 | t=106s
  Ep 071 | step 1400/1868 | loss=0.9597 | diff=0.6069 | kd=0.4016 | recon=0.3127 | t=110s
  Ep 071 | step 1450/1868 | loss=1.1313 | diff=0.6115 | kd=0.6573 | recon=0.4541 | t=113s
  Ep 071 | step 1500/1868 | loss=1.0588 | diff=0.6083 | kd=0.4088 | recon=0.4096 | t=117s
  Ep 071 | step 1550/1868 | loss=1.0942 | diff=0.6111 | kd=0.4441 | recon=0.4388 | t=121s
  Ep 071 | step 1600/1868 | loss=1.0501 | diff=0.6139 | kd=0.4346 | recon=0.3927 | t=125s
  Ep 071 | step 1650/1868 | loss=1.1110 | diff=0.6130 | kd=0.5899 | recon=0.4390 | t=129s
  Ep 071 | step 1700/1868 | loss=1.0540 | diff=0.6127 | kd=0.4970 | recon=0.3915 | t=133s
  Ep 071 | step 1750/1868 | loss=1.0513 | diff=0.6088 | kd=0.4985 | recon=0.3927 | t=137s
  Ep 071 | step 1800/1868 | loss=1.0829 | diff=0.6122 | kd=0.6286 | recon=0.4079 | t=141s
  Ep 071 | step 1850/1868 | loss=1.1262 | diff=0.6115 | kd=0.5422 | recon=0.4605 | t=145s

  ── Epoch 071/200 (189s) ──────────────────────
  Train  loss=1.0738  diff=0.6126  kd=0.5580  recon=0.4053
  Val    loss=1.0728  RMSE=0.4895  MAE=0.4050  lr=7.23e-05

  Ep 072 | step 0000/1868 | loss=1.1438 | diff=0.6134 | kd=0.4832 | recon=0.4821 | t=1s
  Ep 072 | step 0050/1868 | loss=1.1015 | diff=0.6114 | kd=0.5623 | recon=0.4339 | t=5s
  Ep 072 | step 0100/1868 | loss=1.0442 | diff=0.6107 | kd=0.3687 | recon=0.3967 | t=8s
  Ep 072 | step 0150/1868 | loss=0.9476 | diff=0.6063 | kd=0.3025 | recon=0.3110 | t=12s
  Ep 072 | step 0200/1868 | loss=1.1967 | diff=0.6060 | kd=1.4416 | recon=0.4465 | t=16s
  Ep 072 | step 0250/1868 | loss=1.0520 | diff=0.6104 | kd=0.5357 | recon=0.3880 | t=20s
  Ep 072 | step 0300/1868 | loss=1.0771 | diff=0.6083 | kd=0.7899 | recon=0.3898 | t=24s
  Ep 072 | step 0350/1868 | loss=1.0145 | diff=0.6058 | kd=0.4127 | recon=0.3674 | t=28s
  Ep 072 | step 0400/1868 | loss=1.0057 | diff=0.6072 | kd=0.4889 | recon=0.3496 | t=32s
  Ep 072 | step 0450/1868 | loss=1.1051 | diff=0.6088 | kd=0.4165 | recon=0.4547 | t=36s
  Ep 072 | step 0500/1868 | loss=1.0462 | diff=0.6057 | kd=0.6153 | recon=0.3789 | t=39s
  Ep 072 | step 0550/1868 | loss=1.0804 | diff=0.6217 | kd=0.4232 | recon=0.4164 | t=43s
  Ep 072 | step 0600/1868 | loss=1.0519 | diff=0.6068 | kd=0.4593 | recon=0.3992 | t=47s
  Ep 072 | step 0650/1868 | loss=0.9830 | diff=0.6060 | kd=0.5281 | recon=0.3242 | t=51s
  Ep 072 | step 0700/1868 | loss=1.1195 | diff=0.6147 | kd=0.9892 | recon=0.4059 | t=55s
  Ep 072 | step 0750/1868 | loss=1.0297 | diff=0.6118 | kd=0.6333 | recon=0.3545 | t=59s
  Ep 072 | step 0800/1868 | loss=1.0149 | diff=0.6129 | kd=0.5022 | recon=0.3517 | t=63s
  Ep 072 | step 0850/1868 | loss=1.1082 | diff=0.6100 | kd=0.5601 | recon=0.4422 | t=67s
  Ep 072 | step 0900/1868 | loss=1.1047 | diff=0.6131 | kd=0.6079 | recon=0.4307 | t=71s
  Ep 072 | step 0950/1868 | loss=1.1049 | diff=0.6091 | kd=0.5790 | recon=0.4378 | t=75s
  Ep 072 | step 1000/1868 | loss=1.1163 | diff=0.6098 | kd=0.6955 | recon=0.4369 | t=78s
  Ep 072 | step 1050/1868 | loss=1.0102 | diff=0.6100 | kd=0.2948 | recon=0.3707 | t=82s
  Ep 072 | step 1100/1868 | loss=1.1274 | diff=0.6137 | kd=0.5745 | recon=0.4562 | t=86s
  Ep 072 | step 1150/1868 | loss=1.0571 | diff=0.6097 | kd=0.5688 | recon=0.3904 | t=90s
  Ep 072 | step 1200/1868 | loss=1.0766 | diff=0.6085 | kd=0.5759 | recon=0.4105 | t=94s
  Ep 072 | step 1250/1868 | loss=1.0698 | diff=0.6143 | kd=0.5399 | recon=0.4016 | t=98s
  Ep 072 | step 1300/1868 | loss=1.0663 | diff=0.6092 | kd=0.5688 | recon=0.4002 | t=102s
  Ep 072 | step 1350/1868 | loss=1.0999 | diff=0.6125 | kd=0.3920 | recon=0.4483 | t=106s
  Ep 072 | step 1400/1868 | loss=1.0126 | diff=0.6075 | kd=0.5061 | recon=0.3545 | t=110s
  Ep 072 | step 1450/1868 | loss=1.0045 | diff=0.6102 | kd=0.4622 | recon=0.3481 | t=114s
  Ep 072 | step 1500/1868 | loss=1.1124 | diff=0.6055 | kd=1.0185 | recon=0.4051 | t=117s
  Ep 072 | step 1550/1868 | loss=1.1397 | diff=0.6164 | kd=0.6096 | recon=0.4624 | t=121s
  Ep 072 | step 1600/1868 | loss=1.1106 | diff=0.6189 | kd=0.4349 | recon=0.4483 | t=125s
  Ep 072 | step 1650/1868 | loss=1.0513 | diff=0.6082 | kd=0.6064 | recon=0.3825 | t=129s
  Ep 072 | step 1700/1868 | loss=1.1174 | diff=0.6091 | kd=0.4878 | recon=0.4595 | t=133s
  Ep 072 | step 1750/1868 | loss=1.0575 | diff=0.6074 | kd=0.4417 | recon=0.4058 | t=137s
  Ep 072 | step 1800/1868 | loss=1.0710 | diff=0.6150 | kd=0.6443 | recon=0.3915 | t=141s
  Ep 072 | step 1850/1868 | loss=1.1707 | diff=0.6079 | kd=0.4635 | recon=0.5165 | t=145s

  ── Epoch 072/200 (189s) ──────────────────────
  Train  loss=1.0727  diff=0.6132  kd=0.5417  recon=0.4053
  Val    loss=1.0708  RMSE=0.4895  MAE=0.4050  lr=7.16e-05

  Ep 073 | step 0000/1868 | loss=1.0550 | diff=0.6128 | kd=0.6693 | recon=0.3753 | t=1s
  Ep 073 | step 0050/1868 | loss=1.0384 | diff=0.6107 | kd=0.4205 | recon=0.3857 | t=5s
  Ep 073 | step 0100/1868 | loss=0.9980 | diff=0.6060 | kd=0.4891 | recon=0.3431 | t=8s
  Ep 073 | step 0150/1868 | loss=1.1162 | diff=0.6128 | kd=0.4866 | recon=0.4547 | t=12s
  Ep 073 | step 0200/1868 | loss=1.1290 | diff=0.6055 | kd=0.8048 | recon=0.4431 | t=16s
  Ep 073 | step 0250/1868 | loss=1.1307 | diff=0.6091 | kd=0.8982 | recon=0.4318 | t=20s
  Ep 073 | step 0300/1868 | loss=1.0443 | diff=0.6104 | kd=0.4506 | recon=0.3888 | t=24s
  Ep 073 | step 0350/1868 | loss=1.0596 | diff=0.6115 | kd=0.4493 | recon=0.4032 | t=28s
  Ep 073 | step 0400/1868 | loss=1.0347 | diff=0.6104 | kd=0.6798 | recon=0.3564 | t=32s
  Ep 073 | step 0450/1868 | loss=1.1657 | diff=0.6069 | kd=0.5729 | recon=0.5015 | t=36s
  Ep 073 | step 0500/1868 | loss=1.1240 | diff=0.6065 | kd=0.6457 | recon=0.4529 | t=40s
  Ep 073 | step 0550/1868 | loss=1.0286 | diff=0.6197 | kd=0.5492 | recon=0.3540 | t=44s
  Ep 073 | step 0600/1868 | loss=1.1259 | diff=0.6372 | kd=0.3453 | recon=0.4542 | t=47s
  Ep 073 | step 0650/1868 | loss=1.1128 | diff=0.6446 | kd=0.7427 | recon=0.3940 | t=51s
  Ep 073 | step 0700/1868 | loss=1.0658 | diff=0.6122 | kd=0.4341 | recon=0.4102 | t=55s
  Ep 073 | step 0750/1868 | loss=1.0597 | diff=0.6192 | kd=0.3888 | recon=0.4016 | t=59s
  Ep 073 | step 0800/1868 | loss=1.0757 | diff=0.6083 | kd=0.4385 | recon=0.4235 | t=63s
  Ep 073 | step 0850/1868 | loss=1.0536 | diff=0.6087 | kd=0.6560 | recon=0.3793 | t=67s
  Ep 073 | step 0900/1868 | loss=1.0025 | diff=0.6092 | kd=0.4197 | recon=0.3514 | t=71s
  Ep 073 | step 0950/1868 | loss=1.1482 | diff=0.6512 | kd=0.5508 | recon=0.4419 | t=75s
  Ep 073 | step 1000/1868 | loss=0.9656 | diff=0.6107 | kd=0.4320 | recon=0.3117 | t=79s
  Ep 073 | step 1050/1868 | loss=1.1539 | diff=0.6712 | kd=0.7609 | recon=0.4065 | t=83s
  Ep 073 | step 1100/1868 | loss=0.9690 | diff=0.6112 | kd=0.3712 | recon=0.3207 | t=87s
  Ep 073 | step 1150/1868 | loss=1.0101 | diff=0.6078 | kd=0.4046 | recon=0.3619 | t=90s
  Ep 073 | step 1200/1868 | loss=1.0186 | diff=0.6164 | kd=0.4442 | recon=0.3578 | t=94s
  Ep 073 | step 1250/1868 | loss=1.1148 | diff=0.6789 | kd=0.5012 | recon=0.3858 | t=98s
  Ep 073 | step 1300/1868 | loss=1.0067 | diff=0.6177 | kd=0.4143 | recon=0.3476 | t=102s
  Ep 073 | step 1350/1868 | loss=1.0361 | diff=0.6122 | kd=0.4088 | recon=0.3829 | t=106s
  Ep 073 | step 1400/1868 | loss=1.0652 | diff=0.6055 | kd=0.6303 | recon=0.3966 | t=110s
  Ep 073 | step 1450/1868 | loss=0.9989 | diff=0.6128 | kd=0.5345 | recon=0.3326 | t=114s
  Ep 073 | step 1500/1868 | loss=1.0942 | diff=0.6090 | kd=0.6805 | recon=0.4171 | t=118s
  Ep 073 | step 1550/1868 | loss=1.1618 | diff=0.6321 | kd=0.5177 | recon=0.4780 | t=122s
  Ep 073 | step 1600/1868 | loss=1.0521 | diff=0.6175 | kd=0.5577 | recon=0.3787 | t=126s
  Ep 073 | step 1650/1868 | loss=1.0968 | diff=0.6152 | kd=0.4630 | recon=0.4353 | t=129s
  Ep 073 | step 1700/1868 | loss=1.0432 | diff=0.6074 | kd=0.4889 | recon=0.3870 | t=133s
  Ep 073 | step 1750/1868 | loss=1.0548 | diff=0.6049 | kd=0.3930 | recon=0.4107 | t=137s
  Ep 073 | step 1800/1868 | loss=1.0930 | diff=0.6056 | kd=0.5065 | recon=0.4367 | t=141s
  Ep 073 | step 1850/1868 | loss=1.0678 | diff=0.6091 | kd=0.4345 | recon=0.4152 | t=145s

  ── Epoch 073/200 (189s) ──────────────────────
  Train  loss=1.0748  diff=0.6139  kd=0.5554  recon=0.4053
  Val    loss=1.0729  RMSE=0.4895  MAE=0.4050  lr=7.09e-05

  Ep 074 | step 0000/1868 | loss=0.9716 | diff=0.6097 | kd=0.5913 | recon=0.3028 | t=1s
  Ep 074 | step 0050/1868 | loss=1.0570 | diff=0.6108 | kd=0.5711 | recon=0.3891 | t=5s
  Ep 074 | step 0100/1868 | loss=1.1283 | diff=0.6454 | kd=0.5528 | recon=0.4276 | t=8s
  Ep 074 | step 0150/1868 | loss=1.0006 | diff=0.6078 | kd=0.4261 | recon=0.3502 | t=12s
  Ep 074 | step 0200/1868 | loss=1.1077 | diff=0.6145 | kd=0.7222 | recon=0.4210 | t=16s
  Ep 074 | step 0250/1868 | loss=0.9996 | diff=0.6050 | kd=0.4272 | recon=0.3518 | t=20s
  Ep 074 | step 0300/1868 | loss=1.0333 | diff=0.6043 | kd=0.5134 | recon=0.3777 | t=24s
  Ep 074 | step 0350/1868 | loss=1.1016 | diff=0.6073 | kd=0.5171 | recon=0.4427 | t=28s
  Ep 074 | step 0400/1868 | loss=0.9934 | diff=0.6113 | kd=0.4820 | recon=0.3339 | t=32s
  Ep 074 | step 0450/1868 | loss=1.1190 | diff=0.6115 | kd=0.6709 | recon=0.4405 | t=36s
  Ep 074 | step 0500/1868 | loss=1.0367 | diff=0.6071 | kd=0.4002 | recon=0.3896 | t=40s
  Ep 074 | step 0550/1868 | loss=1.1183 | diff=0.6115 | kd=0.7108 | recon=0.4357 | t=43s
  Ep 074 | step 0600/1868 | loss=1.1852 | diff=0.6349 | kd=1.0644 | recon=0.4439 | t=47s
  Ep 074 | step 0650/1868 | loss=1.0598 | diff=0.6129 | kd=0.4167 | recon=0.4053 | t=51s
  Ep 074 | step 0700/1868 | loss=1.0462 | diff=0.6071 | kd=0.7763 | recon=0.3615 | t=55s
  Ep 074 | step 0750/1868 | loss=1.0766 | diff=0.6116 | kd=0.5170 | recon=0.4133 | t=59s
  Ep 074 | step 0800/1868 | loss=1.0015 | diff=0.6101 | kd=0.3017 | recon=0.3613 | t=63s
  Ep 074 | step 0850/1868 | loss=1.0371 | diff=0.6106 | kd=0.3382 | recon=0.3927 | t=67s
  Ep 074 | step 0900/1868 | loss=1.0237 | diff=0.6120 | kd=0.4097 | recon=0.3708 | t=71s
  Ep 074 | step 0950/1868 | loss=1.0155 | diff=0.6119 | kd=0.4466 | recon=0.3589 | t=75s
  Ep 074 | step 1000/1868 | loss=1.0480 | diff=0.6083 | kd=0.5340 | recon=0.3863 | t=79s
  Ep 074 | step 1050/1868 | loss=1.0652 | diff=0.6115 | kd=0.5617 | recon=0.3976 | t=83s
  Ep 074 | step 1100/1868 | loss=1.0813 | diff=0.6132 | kd=0.6786 | recon=0.4003 | t=86s
  Ep 074 | step 1150/1868 | loss=1.1227 | diff=0.6114 | kd=0.5362 | recon=0.4577 | t=90s
  Ep 074 | step 1200/1868 | loss=0.9876 | diff=0.6072 | kd=0.3796 | recon=0.3424 | t=94s
  Ep 074 | step 1250/1868 | loss=1.1073 | diff=0.6084 | kd=0.4676 | recon=0.4522 | t=98s
  Ep 074 | step 1300/1868 | loss=1.0713 | diff=0.6059 | kd=0.6752 | recon=0.3979 | t=102s
  Ep 074 | step 1350/1868 | loss=1.1674 | diff=0.6087 | kd=0.8828 | recon=0.4704 | t=106s
  Ep 074 | step 1400/1868 | loss=1.1837 | diff=0.6062 | kd=0.5671 | recon=0.5208 | t=110s
  Ep 074 | step 1450/1868 | loss=1.0260 | diff=0.6058 | kd=0.4118 | recon=0.3791 | t=114s
  Ep 074 | step 1500/1868 | loss=1.0956 | diff=0.6103 | kd=0.7774 | recon=0.4076 | t=118s
  Ep 074 | step 1550/1868 | loss=1.1234 | diff=0.6095 | kd=0.6923 | recon=0.4447 | t=122s
  Ep 074 | step 1600/1868 | loss=0.9992 | diff=0.6211 | kd=0.6014 | recon=0.3180 | t=126s
  Ep 074 | step 1650/1868 | loss=1.0847 | diff=0.6078 | kd=0.5941 | recon=0.4175 | t=130s
  Ep 074 | step 1700/1868 | loss=1.0711 | diff=0.6101 | kd=0.6038 | recon=0.4006 | t=133s
  Ep 074 | step 1750/1868 | loss=1.0796 | diff=0.6115 | kd=0.3913 | recon=0.4290 | t=137s
  Ep 074 | step 1800/1868 | loss=1.1379 | diff=0.6078 | kd=1.0885 | recon=0.4212 | t=141s
  Ep 074 | step 1850/1868 | loss=1.1498 | diff=0.6147 | kd=0.5071 | recon=0.4845 | t=145s

  ── Epoch 074/200 (189s) ──────────────────────
  Train  loss=1.0724  diff=0.6127  kd=0.5437  recon=0.4053
  Val    loss=1.0672  RMSE=0.4895  MAE=0.4050  lr=7.02e-05

  Ep 075 | step 0000/1868 | loss=1.1397 | diff=0.6078 | kd=0.4635 | recon=0.4856 | t=1s
  Ep 075 | step 0050/1868 | loss=1.1288 | diff=0.6334 | kd=0.5262 | recon=0.4427 | t=5s
  Ep 075 | step 0100/1868 | loss=1.0778 | diff=0.6231 | kd=0.5851 | recon=0.3962 | t=9s
  Ep 075 | step 0150/1868 | loss=1.0529 | diff=0.6135 | kd=0.4161 | recon=0.3977 | t=12s
  Ep 075 | step 0200/1868 | loss=1.1232 | diff=0.6128 | kd=0.5079 | recon=0.4596 | t=16s
  Ep 075 | step 0250/1868 | loss=1.0129 | diff=0.6085 | kd=0.5461 | recon=0.3498 | t=20s
  Ep 075 | step 0300/1868 | loss=1.0554 | diff=0.6110 | kd=0.4659 | recon=0.3977 | t=24s
  Ep 075 | step 0350/1868 | loss=1.0812 | diff=0.6228 | kd=0.4295 | recon=0.4154 | t=28s
  Ep 075 | step 0400/1868 | loss=1.0572 | diff=0.6156 | kd=0.4542 | recon=0.3961 | t=32s
  Ep 075 | step 0450/1868 | loss=1.0469 | diff=0.6083 | kd=0.4703 | recon=0.3916 | t=36s
  Ep 075 | step 0500/1868 | loss=1.0438 | diff=0.6073 | kd=0.4129 | recon=0.3953 | t=40s
  Ep 075 | step 0550/1868 | loss=1.1676 | diff=0.6153 | kd=0.7265 | recon=0.4796 | t=44s
  Ep 075 | step 0600/1868 | loss=1.0585 | diff=0.6184 | kd=0.4753 | recon=0.3925 | t=48s
  Ep 075 | step 0650/1868 | loss=1.0936 | diff=0.6102 | kd=1.0067 | recon=0.3827 | t=52s
  Ep 075 | step 0700/1868 | loss=1.1362 | diff=0.6121 | kd=0.5150 | recon=0.4726 | t=56s
  Ep 075 | step 0750/1868 | loss=1.1026 | diff=0.6186 | kd=0.5754 | recon=0.4265 | t=60s
  Ep 075 | step 0800/1868 | loss=1.0725 | diff=0.6173 | kd=0.4828 | recon=0.4069 | t=64s
  Ep 075 | step 0850/1868 | loss=1.0314 | diff=0.6126 | kd=0.3568 | recon=0.3832 | t=68s
  Ep 075 | step 0900/1868 | loss=1.0518 | diff=0.6119 | kd=0.4427 | recon=0.3956 | t=72s
  Ep 075 | step 0950/1868 | loss=1.1709 | diff=0.6111 | kd=0.6224 | recon=0.4975 | t=75s
  Ep 075 | step 1000/1868 | loss=1.0597 | diff=0.6094 | kd=0.5977 | recon=0.3905 | t=79s
  Ep 075 | step 1050/1868 | loss=1.1119 | diff=0.6103 | kd=0.8508 | recon=0.4165 | t=83s
  Ep 075 | step 1100/1868 | loss=1.1527 | diff=0.6110 | kd=0.6638 | recon=0.4753 | t=87s
  Ep 075 | step 1150/1868 | loss=1.0644 | diff=0.6095 | kd=0.4459 | recon=0.4103 | t=91s
  Ep 075 | step 1200/1868 | loss=1.0487 | diff=0.6099 | kd=0.5876 | recon=0.3800 | t=95s
  Ep 075 | step 1250/1868 | loss=1.1096 | diff=0.6110 | kd=0.9818 | recon=0.4004 | t=99s
  Ep 075 | step 1300/1868 | loss=1.0792 | diff=0.6614 | kd=0.4866 | recon=0.3691 | t=103s
  Ep 075 | step 1350/1868 | loss=1.0588 | diff=0.6067 | kd=0.8866 | recon=0.3634 | t=107s
  Ep 075 | step 1400/1868 | loss=1.0437 | diff=0.6227 | kd=0.6119 | recon=0.3599 | t=111s
  Ep 075 | step 1450/1868 | loss=1.1356 | diff=0.6684 | kd=0.6657 | recon=0.4006 | t=115s
  Ep 075 | step 1500/1868 | loss=1.0405 | diff=0.6088 | kd=0.5840 | recon=0.3733 | t=119s
  Ep 075 | step 1550/1868 | loss=1.1382 | diff=0.6144 | kd=0.5064 | recon=0.4732 | t=123s
  Ep 075 | step 1600/1868 | loss=1.1417 | diff=0.6717 | kd=0.4550 | recon=0.4245 | t=127s
  Ep 075 | step 1650/1868 | loss=1.1008 | diff=0.6168 | kd=1.0846 | recon=0.3756 | t=131s
  Ep 075 | step 1700/1868 | loss=1.1757 | diff=0.6201 | kd=0.8330 | recon=0.4722 | t=135s
  Ep 075 | step 1750/1868 | loss=1.1010 | diff=0.6060 | kd=0.5882 | recon=0.4362 | t=139s
  Ep 075 | step 1800/1868 | loss=1.1121 | diff=0.6698 | kd=0.5362 | recon=0.3887 | t=143s
  Ep 075 | step 1850/1868 | loss=1.1140 | diff=0.6077 | kd=0.5654 | recon=0.4498 | t=147s

  ── Epoch 075/200 (191s) ──────────────────────
  Train  loss=1.0754  diff=0.6157  kd=0.5435  recon=0.4054
  Val    loss=1.0709  RMSE=0.4895  MAE=0.4050  lr=6.94e-05

  Ep 076 | step 0000/1868 | loss=1.0306 | diff=0.6109 | kd=0.6406 | recon=0.3557 | t=1s
  Ep 076 | step 0050/1868 | loss=1.1788 | diff=0.6053 | kd=0.8257 | recon=0.4909 | t=5s
  Ep 076 | step 0100/1868 | loss=1.0839 | diff=0.6105 | kd=0.6450 | recon=0.4089 | t=8s
  Ep 076 | step 0150/1868 | loss=1.0618 | diff=0.6472 | kd=0.5067 | recon=0.3640 | t=12s
  Ep 076 | step 0200/1868 | loss=1.0558 | diff=0.6091 | kd=0.4598 | recon=0.4008 | t=16s
  Ep 076 | step 0250/1868 | loss=1.0898 | diff=0.6081 | kd=0.6946 | recon=0.4123 | t=20s
  Ep 076 | step 0300/1868 | loss=1.0000 | diff=0.6254 | kd=0.3981 | recon=0.3347 | t=24s
  Ep 076 | step 0350/1868 | loss=1.0193 | diff=0.6087 | kd=0.5778 | recon=0.3528 | t=28s
  Ep 076 | step 0400/1868 | loss=1.0923 | diff=0.6025 | kd=0.5481 | recon=0.4350 | t=32s
  Ep 076 | step 0450/1868 | loss=1.0163 | diff=0.6041 | kd=0.5767 | recon=0.3545 | t=36s
  Ep 076 | step 0500/1868 | loss=1.0096 | diff=0.6089 | kd=0.4512 | recon=0.3556 | t=40s
  Ep 076 | step 0550/1868 | loss=1.0726 | diff=0.6080 | kd=0.4950 | recon=0.4152 | t=44s
  Ep 076 | step 0600/1868 | loss=1.0337 | diff=0.6114 | kd=0.7403 | recon=0.3482 | t=48s
  Ep 076 | step 0650/1868 | loss=1.1136 | diff=0.6116 | kd=0.3764 | recon=0.4644 | t=52s
  Ep 076 | step 0700/1868 | loss=1.1203 | diff=0.6074 | kd=0.7497 | recon=0.4379 | t=56s
  Ep 076 | step 0750/1868 | loss=1.0696 | diff=0.6088 | kd=0.4452 | recon=0.4163 | t=60s
  Ep 076 | step 0800/1868 | loss=1.0341 | diff=0.6102 | kd=0.4869 | recon=0.3752 | t=63s
  Ep 076 | step 0850/1868 | loss=1.1067 | diff=0.6066 | kd=0.5277 | recon=0.4473 | t=67s
  Ep 076 | step 0900/1868 | loss=1.0324 | diff=0.6083 | kd=0.2895 | recon=0.3951 | t=71s
  Ep 076 | step 0950/1868 | loss=1.1125 | diff=0.6199 | kd=0.4365 | recon=0.4489 | t=75s
  Ep 076 | step 1000/1868 | loss=1.0962 | diff=0.6260 | kd=0.6494 | recon=0.4052 | t=79s
  Ep 076 | step 1050/1868 | loss=1.1538 | diff=0.6129 | kd=0.4512 | recon=0.4958 | t=83s
  Ep 076 | step 1100/1868 | loss=1.1325 | diff=0.6145 | kd=0.6295 | recon=0.4550 | t=87s
  Ep 076 | step 1150/1868 | loss=1.1171 | diff=0.6099 | kd=0.4941 | recon=0.4579 | t=91s
  Ep 076 | step 1200/1868 | loss=1.0919 | diff=0.6758 | kd=0.3991 | recon=0.3762 | t=95s
  Ep 076 | step 1250/1868 | loss=1.0050 | diff=0.6086 | kd=0.4676 | recon=0.3497 | t=99s
  Ep 076 | step 1300/1868 | loss=1.0191 | diff=0.6090 | kd=0.5952 | recon=0.3506 | t=103s
  Ep 076 | step 1350/1868 | loss=1.0327 | diff=0.6129 | kd=0.4598 | recon=0.3738 | t=107s
  Ep 076 | step 1400/1868 | loss=1.0485 | diff=0.6058 | kd=0.3857 | recon=0.4041 | t=111s
  Ep 076 | step 1450/1868 | loss=1.0488 | diff=0.6096 | kd=0.5407 | recon=0.3851 | t=115s
  Ep 076 | step 1500/1868 | loss=1.0664 | diff=0.6399 | kd=0.5898 | recon=0.3675 | t=119s
  Ep 076 | step 1550/1868 | loss=1.0247 | diff=0.6189 | kd=0.4758 | recon=0.3583 | t=122s
  Ep 076 | step 1600/1868 | loss=0.9868 | diff=0.6090 | kd=0.6648 | recon=0.3113 | t=126s
  Ep 076 | step 1650/1868 | loss=1.1188 | diff=0.6089 | kd=0.5624 | recon=0.4537 | t=130s
  Ep 076 | step 1700/1868 | loss=0.9885 | diff=0.6224 | kd=0.3941 | recon=0.3267 | t=134s
  Ep 076 | step 1750/1868 | loss=0.9318 | diff=0.6058 | kd=0.3109 | recon=0.2949 | t=138s
  Ep 076 | step 1800/1868 | loss=1.1120 | diff=0.6100 | kd=0.5883 | recon=0.4431 | t=142s
  Ep 076 | step 1850/1868 | loss=1.1584 | diff=0.6068 | kd=0.5577 | recon=0.4958 | t=146s

  ── Epoch 076/200 (190s) ──────────────────────
  Train  loss=1.0713  diff=0.6118  kd=0.5413  recon=0.4053
  Val    loss=1.0722  RMSE=0.4894  MAE=0.4050  lr=6.87e-05

  Ep 077 | step 0000/1868 | loss=1.0706 | diff=0.6119 | kd=0.5634 | recon=0.4024 | t=1s
  Ep 077 | step 0050/1868 | loss=1.1376 | diff=0.6071 | kd=0.4191 | recon=0.4886 | t=4s
  Ep 077 | step 0100/1868 | loss=1.0239 | diff=0.6069 | kd=0.5162 | recon=0.3654 | t=8s
  Ep 077 | step 0150/1868 | loss=1.1204 | diff=0.6071 | kd=0.6134 | recon=0.4520 | t=12s
  Ep 077 | step 0200/1868 | loss=0.9911 | diff=0.6117 | kd=0.4303 | recon=0.3364 | t=16s
  Ep 077 | step 0250/1868 | loss=1.0806 | diff=0.6081 | kd=0.5542 | recon=0.4170 | t=20s
  Ep 077 | step 0300/1868 | loss=1.0326 | diff=0.6098 | kd=0.3558 | recon=0.3872 | t=24s
  Ep 077 | step 0350/1868 | loss=1.1171 | diff=0.6221 | kd=0.5689 | recon=0.4381 | t=28s
  Ep 077 | step 0400/1868 | loss=0.9855 | diff=0.6117 | kd=0.3992 | recon=0.3339 | t=32s
  Ep 077 | step 0450/1868 | loss=1.0137 | diff=0.6161 | kd=0.4872 | recon=0.3489 | t=36s
  Ep 077 | step 0500/1868 | loss=1.1429 | diff=0.6251 | kd=0.9142 | recon=0.4264 | t=40s
  Ep 077 | step 0550/1868 | loss=1.0669 | diff=0.6096 | kd=0.3990 | recon=0.4174 | t=44s
  Ep 077 | step 0600/1868 | loss=1.0680 | diff=0.6056 | kd=0.4485 | recon=0.4176 | t=48s
  Ep 077 | step 0650/1868 | loss=1.1132 | diff=0.6081 | kd=0.6460 | recon=0.4405 | t=52s
  Ep 077 | step 0700/1868 | loss=1.0105 | diff=0.6146 | kd=0.4793 | recon=0.3480 | t=55s
  Ep 077 | step 0750/1868 | loss=1.0337 | diff=0.6049 | kd=0.4446 | recon=0.3843 | t=59s
  Ep 077 | step 0800/1868 | loss=1.0011 | diff=0.6080 | kd=0.5090 | recon=0.3422 | t=63s
  Ep 077 | step 0850/1868 | loss=1.0378 | diff=0.6115 | kd=0.4090 | recon=0.3854 | t=67s
  Ep 077 | step 0900/1868 | loss=1.1561 | diff=0.7116 | kd=0.6401 | recon=0.3804 | t=71s
  Ep 077 | step 0950/1868 | loss=0.9940 | diff=0.6111 | kd=0.4739 | recon=0.3355 | t=75s
  Ep 077 | step 1000/1868 | loss=1.0569 | diff=0.6056 | kd=0.6056 | recon=0.3907 | t=79s
  Ep 077 | step 1050/1868 | loss=1.0460 | diff=0.6065 | kd=0.5359 | recon=0.3859 | t=83s
  Ep 077 | step 1100/1868 | loss=1.1358 | diff=0.6054 | kd=0.5579 | recon=0.4747 | t=87s
  Ep 077 | step 1150/1868 | loss=1.0728 | diff=0.6094 | kd=0.4116 | recon=0.4222 | t=91s
  Ep 077 | step 1200/1868 | loss=1.0525 | diff=0.6140 | kd=0.4891 | recon=0.3896 | t=95s
  Ep 077 | step 1250/1868 | loss=1.0671 | diff=0.6082 | kd=0.5016 | recon=0.4087 | t=99s
  Ep 077 | step 1300/1868 | loss=1.0214 | diff=0.6134 | kd=0.4096 | recon=0.3670 | t=103s
  Ep 077 | step 1350/1868 | loss=1.1154 | diff=0.6092 | kd=0.5481 | recon=0.4514 | t=107s
  Ep 077 | step 1400/1868 | loss=1.0507 | diff=0.6122 | kd=0.5895 | recon=0.3795 | t=111s
  Ep 077 | step 1450/1868 | loss=1.0035 | diff=0.6062 | kd=0.5037 | recon=0.3470 | t=114s
  Ep 077 | step 1500/1868 | loss=1.0889 | diff=0.6112 | kd=0.8700 | recon=0.3907 | t=118s
  Ep 077 | step 1550/1868 | loss=1.1368 | diff=0.6151 | kd=0.6214 | recon=0.4596 | t=122s
  Ep 077 | step 1600/1868 | loss=1.0761 | diff=0.6077 | kd=0.5658 | recon=0.4118 | t=126s
  Ep 077 | step 1650/1868 | loss=1.1219 | diff=0.6074 | kd=0.5311 | recon=0.4614 | t=130s
  Ep 077 | step 1700/1868 | loss=1.1167 | diff=0.6044 | kd=0.5584 | recon=0.4564 | t=134s
  Ep 077 | step 1750/1868 | loss=1.2386 | diff=0.6412 | kd=0.9275 | recon=0.5046 | t=138s
  Ep 077 | step 1800/1868 | loss=1.0516 | diff=0.6093 | kd=0.3310 | recon=0.4092 | t=142s
  Ep 077 | step 1850/1868 | loss=1.0194 | diff=0.6074 | kd=0.3734 | recon=0.3746 | t=146s

  ── Epoch 077/200 (190s) ──────────────────────
  Train  loss=1.0693  diff=0.6116  kd=0.5230  recon=0.4053
  Val    loss=1.0713  RMSE=0.4895  MAE=0.4050  lr=6.80e-05

  Ep 078 | step 0000/1868 | loss=1.0776 | diff=0.6454 | kd=0.4759 | recon=0.3846 | t=1s
  Ep 078 | step 0050/1868 | loss=1.0311 | diff=0.6027 | kd=0.6086 | recon=0.3676 | t=5s
  Ep 078 | step 0100/1868 | loss=1.1245 | diff=0.6079 | kd=0.5106 | recon=0.4655 | t=9s
  Ep 078 | step 0150/1868 | loss=1.0258 | diff=0.6063 | kd=0.5622 | recon=0.3632 | t=12s
  Ep 078 | step 0200/1868 | loss=1.1490 | diff=0.6092 | kd=0.4620 | recon=0.4936 | t=16s
  Ep 078 | step 0250/1868 | loss=1.1248 | diff=0.6081 | kd=0.3907 | recon=0.4775 | t=20s
  Ep 078 | step 0300/1868 | loss=1.0970 | diff=0.6117 | kd=0.5172 | recon=0.4335 | t=24s
  Ep 078 | step 0350/1868 | loss=1.1433 | diff=0.6089 | kd=0.5199 | recon=0.4824 | t=28s
  Ep 078 | step 0400/1868 | loss=1.0458 | diff=0.6098 | kd=0.4274 | recon=0.3932 | t=32s
  Ep 078 | step 0450/1868 | loss=1.0623 | diff=0.6114 | kd=0.5939 | recon=0.3915 | t=36s
  Ep 078 | step 0500/1868 | loss=1.1012 | diff=0.6090 | kd=0.4938 | recon=0.4428 | t=40s
  Ep 078 | step 0550/1868 | loss=1.1073 | diff=0.6077 | kd=0.4091 | recon=0.4587 | t=44s
  Ep 078 | step 0600/1868 | loss=1.0453 | diff=0.6106 | kd=0.6164 | recon=0.3731 | t=48s
  Ep 078 | step 0650/1868 | loss=1.0883 | diff=0.6085 | kd=0.5172 | recon=0.4281 | t=52s
  Ep 078 | step 0700/1868 | loss=1.0305 | diff=0.6061 | kd=0.5568 | recon=0.3687 | t=55s
  Ep 078 | step 0750/1868 | loss=1.1191 | diff=0.6077 | kd=0.4143 | recon=0.4700 | t=59s
  Ep 078 | step 0800/1868 | loss=1.0682 | diff=0.6044 | kd=0.4943 | recon=0.4144 | t=63s
  Ep 078 | step 0850/1868 | loss=1.0607 | diff=0.6073 | kd=0.4876 | recon=0.4046 | t=67s
  Ep 078 | step 0900/1868 | loss=1.0026 | diff=0.6124 | kd=0.3284 | recon=0.3573 | t=71s
  Ep 078 | step 0950/1868 | loss=1.0947 | diff=0.6076 | kd=0.8244 | recon=0.4047 | t=75s
  Ep 078 | step 1000/1868 | loss=1.0877 | diff=0.6050 | kd=0.5200 | recon=0.4307 | t=79s
  Ep 078 | step 1050/1868 | loss=1.0881 | diff=0.5995 | kd=0.3738 | recon=0.4512 | t=83s
  Ep 078 | step 1100/1868 | loss=1.0846 | diff=0.6078 | kd=0.6135 | recon=0.4155 | t=87s
  Ep 078 | step 1150/1868 | loss=1.0753 | diff=0.6073 | kd=0.4265 | recon=0.4254 | t=91s
  Ep 078 | step 1200/1868 | loss=1.0695 | diff=0.6122 | kd=0.5549 | recon=0.4018 | t=95s
  Ep 078 | step 1250/1868 | loss=1.0782 | diff=0.6080 | kd=0.7105 | recon=0.3992 | t=98s
  Ep 078 | step 1300/1868 | loss=1.1006 | diff=0.6263 | kd=0.4335 | recon=0.4310 | t=102s
  Ep 078 | step 1350/1868 | loss=1.0189 | diff=0.6114 | kd=0.4532 | recon=0.3621 | t=106s
  Ep 078 | step 1400/1868 | loss=1.1931 | diff=0.6308 | kd=0.7973 | recon=0.4825 | t=110s
  Ep 078 | step 1450/1868 | loss=1.1219 | diff=0.6058 | kd=0.4961 | recon=0.4666 | t=114s
  Ep 078 | step 1500/1868 | loss=1.0218 | diff=0.6105 | kd=0.5552 | recon=0.3558 | t=118s
  Ep 078 | step 1550/1868 | loss=1.0452 | diff=0.6074 | kd=0.4453 | recon=0.3933 | t=122s
  Ep 078 | step 1600/1868 | loss=1.0201 | diff=0.6062 | kd=0.4923 | recon=0.3647 | t=126s
  Ep 078 | step 1650/1868 | loss=1.0122 | diff=0.6138 | kd=0.3861 | recon=0.3598 | t=130s
  Ep 078 | step 1700/1868 | loss=1.0562 | diff=0.6084 | kd=0.3523 | recon=0.4125 | t=134s
  Ep 078 | step 1750/1868 | loss=1.0449 | diff=0.6115 | kd=0.6218 | recon=0.3713 | t=138s
  Ep 078 | step 1800/1868 | loss=1.0548 | diff=0.6075 | kd=0.5480 | recon=0.3924 | t=142s
  Ep 078 | step 1850/1868 | loss=1.1468 | diff=0.6063 | kd=0.9533 | recon=0.4452 | t=145s

  ── Epoch 078/200 (190s) ──────────────────────
  Train  loss=1.0687  diff=0.6112  kd=0.5211  recon=0.4054
  Val    loss=1.0727  RMSE=0.4896  MAE=0.4050  lr=6.73e-05

  Ep 079 | step 0000/1868 | loss=1.1544 | diff=0.6146 | kd=0.5871 | recon=0.4811 | t=1s
  Ep 079 | step 0050/1868 | loss=1.0782 | diff=0.6088 | kd=0.5009 | recon=0.4194 | t=5s
  Ep 079 | step 0100/1868 | loss=1.0881 | diff=0.6107 | kd=0.4348 | recon=0.4339 | t=8s
  Ep 079 | step 0150/1868 | loss=1.0214 | diff=0.6098 | kd=0.4583 | recon=0.3658 | t=12s
  Ep 079 | step 0200/1868 | loss=1.1953 | diff=0.6101 | kd=0.6212 | recon=0.5230 | t=16s
  Ep 079 | step 0250/1868 | loss=1.0092 | diff=0.6118 | kd=0.6151 | recon=0.3358 | t=20s
  Ep 079 | step 0300/1868 | loss=1.0239 | diff=0.6112 | kd=0.4032 | recon=0.3724 | t=24s
  Ep 079 | step 0350/1868 | loss=1.0965 | diff=0.6088 | kd=0.9158 | recon=0.3961 | t=28s
  Ep 079 | step 0400/1868 | loss=0.9589 | diff=0.6078 | kd=0.4551 | recon=0.3056 | t=32s
  Ep 079 | step 0450/1868 | loss=1.0086 | diff=0.6108 | kd=0.6004 | recon=0.3377 | t=36s
  Ep 079 | step 0500/1868 | loss=0.9494 | diff=0.6085 | kd=0.4688 | recon=0.2940 | t=40s
  Ep 079 | step 0550/1868 | loss=1.0416 | diff=0.6090 | kd=0.5058 | recon=0.3820 | t=44s
  Ep 079 | step 0600/1868 | loss=0.9925 | diff=0.6113 | kd=0.4826 | recon=0.3329 | t=48s
  Ep 079 | step 0650/1868 | loss=1.1209 | diff=0.6104 | kd=0.6145 | recon=0.4490 | t=52s
  Ep 079 | step 0700/1868 | loss=1.0879 | diff=0.6110 | kd=0.6105 | recon=0.4158 | t=56s
  Ep 079 | step 0750/1868 | loss=1.1084 | diff=0.6098 | kd=0.4599 | recon=0.4526 | t=59s
  Ep 079 | step 0800/1868 | loss=1.0639 | diff=0.6141 | kd=0.5304 | recon=0.3969 | t=63s
  Ep 079 | step 0850/1868 | loss=1.1298 | diff=0.6059 | kd=0.6362 | recon=0.4602 | t=67s
  Ep 079 | step 0900/1868 | loss=1.0941 | diff=0.6077 | kd=0.6245 | recon=0.4239 | t=71s
  Ep 079 | step 0950/1868 | loss=1.0136 | diff=0.6087 | kd=0.3729 | recon=0.3676 | t=75s
  Ep 079 | step 1000/1868 | loss=1.0395 | diff=0.6109 | kd=0.7217 | recon=0.3565 | t=79s
  Ep 079 | step 1050/1868 | loss=1.1058 | diff=0.6053 | kd=0.6130 | recon=0.4392 | t=83s
  Ep 079 | step 1100/1868 | loss=1.0391 | diff=0.6096 | kd=0.4806 | recon=0.3815 | t=87s
  Ep 079 | step 1150/1868 | loss=1.0397 | diff=0.6126 | kd=0.4099 | recon=0.3861 | t=91s
  Ep 079 | step 1200/1868 | loss=1.0490 | diff=0.6081 | kd=0.5680 | recon=0.3841 | t=95s
  Ep 079 | step 1250/1868 | loss=1.1440 | diff=0.6097 | kd=0.7249 | recon=0.4618 | t=99s
  Ep 079 | step 1300/1868 | loss=0.9857 | diff=0.6054 | kd=0.3467 | recon=0.3457 | t=103s
  Ep 079 | step 1350/1868 | loss=1.0379 | diff=0.6210 | kd=0.4749 | recon=0.3694 | t=106s
  Ep 079 | step 1400/1868 | loss=1.0471 | diff=0.6127 | kd=0.5761 | recon=0.3768 | t=110s
  Ep 079 | step 1450/1868 | loss=0.9965 | diff=0.6061 | kd=0.3909 | recon=0.3513 | t=114s
  Ep 079 | step 1500/1868 | loss=1.0144 | diff=0.6058 | kd=0.4504 | recon=0.3636 | t=118s
  Ep 079 | step 1550/1868 | loss=1.0015 | diff=0.6109 | kd=0.3596 | recon=0.3547 | t=122s
  Ep 079 | step 1600/1868 | loss=1.0531 | diff=0.6110 | kd=0.3961 | recon=0.4025 | t=126s
  Ep 079 | step 1650/1868 | loss=1.0397 | diff=0.6066 | kd=0.6147 | recon=0.3717 | t=130s
  Ep 079 | step 1700/1868 | loss=1.0549 | diff=0.6067 | kd=0.3657 | recon=0.4116 | t=134s
  Ep 079 | step 1750/1868 | loss=1.0427 | diff=0.6060 | kd=0.8003 | recon=0.3567 | t=138s
  Ep 079 | step 1800/1868 | loss=1.1877 | diff=0.6620 | kd=0.4379 | recon=0.4820 | t=142s
  Ep 079 | step 1850/1868 | loss=1.0118 | diff=0.6032 | kd=0.4846 | recon=0.3601 | t=146s

  ── Epoch 079/200 (190s) ──────────────────────
  Train  loss=1.0697  diff=0.6114  kd=0.5298  recon=0.4053
  Val    loss=1.0735  RMSE=0.4896  MAE=0.4050  lr=6.65e-05

  Ep 080 | step 0000/1868 | loss=1.0736 | diff=0.6076 | kd=0.5514 | recon=0.4109 | t=1s
  Ep 080 | step 0050/1868 | loss=1.0456 | diff=0.6110 | kd=0.4513 | recon=0.3895 | t=4s
  Ep 080 | step 0100/1868 | loss=1.0482 | diff=0.6079 | kd=0.5099 | recon=0.3893 | t=8s
  Ep 080 | step 0150/1868 | loss=0.9979 | diff=0.6118 | kd=0.3371 | recon=0.3524 | t=12s
  Ep 080 | step 0200/1868 | loss=1.0628 | diff=0.6030 | kd=0.7426 | recon=0.3855 | t=16s
  Ep 080 | step 0250/1868 | loss=1.0102 | diff=0.6089 | kd=0.5373 | recon=0.3475 | t=20s
  Ep 080 | step 0300/1868 | loss=1.0262 | diff=0.6079 | kd=0.6235 | recon=0.3559 | t=24s
  Ep 080 | step 0350/1868 | loss=1.1403 | diff=0.7055 | kd=0.3598 | recon=0.3988 | t=28s
  Ep 080 | step 0400/1868 | loss=1.0878 | diff=0.6089 | kd=0.8729 | recon=0.3916 | t=32s
  Ep 080 | step 0450/1868 | loss=1.0683 | diff=0.6089 | kd=0.6346 | recon=0.3960 | t=36s
  Ep 080 | step 0500/1868 | loss=1.0371 | diff=0.6062 | kd=0.4833 | recon=0.3825 | t=40s
  Ep 080 | step 0550/1868 | loss=1.0892 | diff=0.6501 | kd=0.5648 | recon=0.3826 | t=44s
  Ep 080 | step 0600/1868 | loss=1.0327 | diff=0.6076 | kd=0.4213 | recon=0.3829 | t=48s
  Ep 080 | step 0650/1868 | loss=1.0322 | diff=0.6115 | kd=0.4111 | recon=0.3796 | t=51s
  Ep 080 | step 0700/1868 | loss=1.0677 | diff=0.6123 | kd=0.4506 | recon=0.4103 | t=55s
  Ep 080 | step 0750/1868 | loss=1.0049 | diff=0.6045 | kd=0.5656 | recon=0.3438 | t=59s
  Ep 080 | step 0800/1868 | loss=1.0528 | diff=0.6111 | kd=0.5013 | recon=0.3915 | t=63s
  Ep 080 | step 0850/1868 | loss=1.0642 | diff=0.6098 | kd=0.3587 | recon=0.4185 | t=67s
  Ep 080 | step 0900/1868 | loss=1.0455 | diff=0.6087 | kd=0.3883 | recon=0.3979 | t=71s
  Ep 080 | step 0950/1868 | loss=1.0973 | diff=0.6061 | kd=0.6700 | recon=0.4243 | t=75s
  Ep 080 | step 1000/1868 | loss=1.1008 | diff=0.6113 | kd=0.4171 | recon=0.4478 | t=79s
  Ep 080 | step 1050/1868 | loss=1.0384 | diff=0.6075 | kd=0.4939 | recon=0.3816 | t=83s
  Ep 080 | step 1100/1868 | loss=1.0511 | diff=0.6048 | kd=0.4611 | recon=0.4002 | t=87s
  Ep 080 | step 1150/1868 | loss=1.0266 | diff=0.6077 | kd=0.4213 | recon=0.3768 | t=91s
  Ep 080 | step 1200/1868 | loss=1.1188 | diff=0.6169 | kd=0.5057 | recon=0.4514 | t=95s
  Ep 080 | step 1250/1868 | loss=1.0875 | diff=0.6045 | kd=0.5255 | recon=0.4304 | t=98s
  Ep 080 | step 1300/1868 | loss=1.0431 | diff=0.6104 | kd=0.5532 | recon=0.3773 | t=102s
  Ep 080 | step 1350/1868 | loss=1.0725 | diff=0.6034 | kd=0.5802 | recon=0.4111 | t=106s
  Ep 080 | step 1400/1868 | loss=1.0752 | diff=0.6090 | kd=0.5935 | recon=0.4068 | t=110s
  Ep 080 | step 1450/1868 | loss=1.1273 | diff=0.6125 | kd=0.4192 | recon=0.4729 | t=114s
  Ep 080 | step 1500/1868 | loss=1.0686 | diff=0.6347 | kd=0.4339 | recon=0.3905 | t=118s
  Ep 080 | step 1550/1868 | loss=1.1521 | diff=0.6295 | kd=0.7945 | recon=0.4431 | t=122s
  Ep 080 | step 1600/1868 | loss=1.0835 | diff=0.6057 | kd=0.3480 | recon=0.4431 | t=126s
  Ep 080 | step 1650/1868 | loss=1.0770 | diff=0.6108 | kd=0.5089 | recon=0.4153 | t=130s
  Ep 080 | step 1700/1868 | loss=0.9820 | diff=0.6109 | kd=0.4651 | recon=0.3246 | t=134s
  Ep 080 | step 1750/1868 | loss=1.0820 | diff=0.6078 | kd=0.5062 | recon=0.4235 | t=137s
  Ep 080 | step 1800/1868 | loss=1.0956 | diff=0.6085 | kd=0.5422 | recon=0.4329 | t=141s
  Ep 080 | step 1850/1868 | loss=1.0243 | diff=0.6086 | kd=0.5685 | recon=0.3588 | t=145s

  ── Epoch 080/200 (189s) ──────────────────────
  Train  loss=1.0711  diff=0.6126  kd=0.5320  recon=0.4053
  Val    loss=1.0652  RMSE=0.4895  MAE=0.4050  lr=6.58e-05
  [EP80] Checkpoint saved → checkpoints/epoch_080.pth

  Ep 081 | step 0000/1868 | loss=0.9743 | diff=0.6079 | kd=0.5261 | recon=0.3138 | t=0s
  Ep 081 | step 0050/1868 | loss=1.0280 | diff=0.6086 | kd=0.4044 | recon=0.3790 | t=4s
  Ep 081 | step 0100/1868 | loss=0.9947 | diff=0.6059 | kd=0.4388 | recon=0.3450 | t=8s
  Ep 081 | step 0150/1868 | loss=1.0588 | diff=0.6070 | kd=0.6374 | recon=0.3881 | t=12s
  Ep 081 | step 0200/1868 | loss=1.0542 | diff=0.6055 | kd=0.4687 | recon=0.4018 | t=16s
  Ep 081 | step 0250/1868 | loss=0.9952 | diff=0.6050 | kd=0.2912 | recon=0.3610 | t=20s
  Ep 081 | step 0300/1868 | loss=0.9826 | diff=0.6097 | kd=0.4812 | recon=0.3247 | t=24s
  Ep 081 | step 0350/1868 | loss=1.0341 | diff=0.6074 | kd=0.4890 | recon=0.3778 | t=28s
  Ep 081 | step 0400/1868 | loss=1.0584 | diff=0.6072 | kd=0.5089 | recon=0.4002 | t=32s
  Ep 081 | step 0450/1868 | loss=1.0178 | diff=0.6087 | kd=0.3879 | recon=0.3703 | t=36s
  Ep 081 | step 0500/1868 | loss=1.0171 | diff=0.6083 | kd=0.6755 | recon=0.3412 | t=40s
  Ep 081 | step 0550/1868 | loss=1.0673 | diff=0.6101 | kd=0.4942 | recon=0.4078 | t=43s
  Ep 081 | step 0600/1868 | loss=1.1269 | diff=0.6105 | kd=0.3342 | recon=0.4830 | t=47s
  Ep 081 | step 0650/1868 | loss=1.0791 | diff=0.6090 | kd=0.4588 | recon=0.4243 | t=51s
  Ep 081 | step 0700/1868 | loss=1.1172 | diff=0.6091 | kd=0.7955 | recon=0.4286 | t=55s
  Ep 081 | step 0750/1868 | loss=1.1561 | diff=0.6142 | kd=0.6756 | recon=0.4743 | t=59s
  Ep 081 | step 0800/1868 | loss=1.0672 | diff=0.6145 | kd=0.5098 | recon=0.4017 | t=63s
  Ep 081 | step 0850/1868 | loss=1.0925 | diff=0.6085 | kd=0.3957 | recon=0.4444 | t=67s
  Ep 081 | step 0900/1868 | loss=1.0313 | diff=0.6075 | kd=0.5269 | recon=0.3712 | t=71s
  Ep 081 | step 0950/1868 | loss=1.0909 | diff=0.6105 | kd=0.3543 | recon=0.4450 | t=75s
  Ep 081 | step 1000/1868 | loss=1.0676 | diff=0.6067 | kd=0.5861 | recon=0.4023 | t=79s
  Ep 081 | step 1050/1868 | loss=1.1145 | diff=0.6089 | kd=0.3443 | recon=0.4712 | t=82s
  Ep 081 | step 1100/1868 | loss=1.0501 | diff=0.6132 | kd=0.6513 | recon=0.3717 | t=86s
  Ep 081 | step 1150/1868 | loss=1.0928 | diff=0.6160 | kd=0.5412 | recon=0.4228 | t=90s
  Ep 081 | step 1200/1868 | loss=1.0292 | diff=0.6064 | kd=0.5475 | recon=0.3681 | t=94s
  Ep 081 | step 1250/1868 | loss=1.0487 | diff=0.6064 | kd=0.4982 | recon=0.3926 | t=98s
  Ep 081 | step 1300/1868 | loss=1.1692 | diff=0.6073 | kd=0.5999 | recon=0.5019 | t=102s
  Ep 081 | step 1350/1868 | loss=1.0468 | diff=0.6027 | kd=0.7424 | recon=0.3698 | t=106s
  Ep 081 | step 1400/1868 | loss=1.0390 | diff=0.6081 | kd=0.5811 | recon=0.3728 | t=110s
  Ep 081 | step 1450/1868 | loss=1.0466 | diff=0.6560 | kd=0.5246 | recon=0.3382 | t=114s
  Ep 081 | step 1500/1868 | loss=1.0419 | diff=0.6174 | kd=0.3922 | recon=0.3853 | t=117s
  Ep 081 | step 1550/1868 | loss=1.1285 | diff=0.6270 | kd=0.5678 | recon=0.4448 | t=121s
  Ep 081 | step 1600/1868 | loss=1.0713 | diff=0.6044 | kd=0.4583 | recon=0.4211 | t=125s
  Ep 081 | step 1650/1868 | loss=1.0743 | diff=0.6052 | kd=0.3860 | recon=0.4305 | t=129s
  Ep 081 | step 1700/1868 | loss=1.0325 | diff=0.6035 | kd=0.4186 | recon=0.3872 | t=133s
  Ep 081 | step 1750/1868 | loss=1.0486 | diff=0.6072 | kd=0.5068 | recon=0.3907 | t=137s
  Ep 081 | step 1800/1868 | loss=1.1189 | diff=0.6084 | kd=0.8617 | recon=0.4243 | t=141s
  Ep 081 | step 1850/1868 | loss=1.0778 | diff=0.6051 | kd=0.4777 | recon=0.4249 | t=145s

  ── Epoch 081/200 (189s) ──────────────────────
  Train  loss=1.0678  diff=0.6103  kd=0.5222  recon=0.4054
  Val    loss=1.0646  RMSE=0.4895  MAE=0.4050  lr=6.51e-05
  [BEST] Checkpoint saved → checkpoints/best_model.pth

  Ep 082 | step 0000/1868 | loss=1.1148 | diff=0.6091 | kd=0.5801 | recon=0.4477 | t=1s
  Ep 082 | step 0050/1868 | loss=1.0406 | diff=0.6078 | kd=0.4425 | recon=0.3886 | t=4s
  Ep 082 | step 0100/1868 | loss=1.1015 | diff=0.6049 | kd=0.3830 | recon=0.4583 | t=8s
  Ep 082 | step 0150/1868 | loss=1.0827 | diff=0.6066 | kd=0.6009 | recon=0.4160 | t=12s
  Ep 082 | step 0200/1868 | loss=1.0569 | diff=0.6074 | kd=0.4348 | recon=0.4060 | t=16s
  Ep 082 | step 0250/1868 | loss=1.0131 | diff=0.6060 | kd=0.4624 | recon=0.3608 | t=20s
  Ep 082 | step 0300/1868 | loss=0.9794 | diff=0.6079 | kd=0.4672 | recon=0.3247 | t=24s
  Ep 082 | step 0350/1868 | loss=1.0756 | diff=0.6071 | kd=0.5517 | recon=0.4134 | t=28s
  Ep 082 | step 0400/1868 | loss=1.1093 | diff=0.6323 | kd=0.6383 | recon=0.4132 | t=32s
  Ep 082 | step 0450/1868 | loss=1.0883 | diff=0.6039 | kd=0.6455 | recon=0.4199 | t=35s
  Ep 082 | step 0500/1868 | loss=1.2044 | diff=0.6057 | kd=0.6171 | recon=0.5370 | t=39s
  Ep 082 | step 0550/1868 | loss=1.0779 | diff=0.6063 | kd=0.5149 | recon=0.4201 | t=43s
  Ep 082 | step 0600/1868 | loss=1.1803 | diff=0.6054 | kd=0.8629 | recon=0.4887 | t=47s
  Ep 082 | step 0650/1868 | loss=1.0309 | diff=0.6080 | kd=0.6014 | recon=0.3628 | t=51s
  Ep 082 | step 0700/1868 | loss=1.1211 | diff=0.6057 | kd=0.4717 | recon=0.4683 | t=55s
  Ep 082 | step 0750/1868 | loss=1.0349 | diff=0.6013 | kd=0.3313 | recon=0.4004 | t=59s
  Ep 082 | step 0800/1868 | loss=0.9986 | diff=0.6054 | kd=0.5886 | recon=0.3344 | t=63s
  Ep 082 | step 0850/1868 | loss=1.1011 | diff=0.6088 | kd=0.5161 | recon=0.4407 | t=66s
  Ep 082 | step 0900/1868 | loss=1.0734 | diff=0.6167 | kd=0.6611 | recon=0.3906 | t=70s
  Ep 082 | step 0950/1868 | loss=1.0814 | diff=0.6088 | kd=0.5370 | recon=0.4189 | t=74s
  Ep 082 | step 1000/1868 | loss=1.0915 | diff=0.6081 | kd=0.4629 | recon=0.4372 | t=78s
  Ep 082 | step 1050/1868 | loss=1.0728 | diff=0.6040 | kd=0.6402 | recon=0.4048 | t=82s
  Ep 082 | step 1100/1868 | loss=1.0817 | diff=0.6072 | kd=0.6305 | recon=0.4115 | t=86s
  Ep 082 | step 1150/1868 | loss=1.0354 | diff=0.6068 | kd=0.3956 | recon=0.3891 | t=90s
  Ep 082 | step 1200/1868 | loss=1.0529 | diff=0.6103 | kd=0.7126 | recon=0.3713 | t=94s
  Ep 082 | step 1250/1868 | loss=1.0449 | diff=0.6080 | kd=0.6899 | recon=0.3678 | t=98s
  Ep 082 | step 1300/1868 | loss=1.0943 | diff=0.6250 | kd=0.6743 | recon=0.4019 | t=101s
  Ep 082 | step 1350/1868 | loss=1.0948 | diff=0.6047 | kd=0.7142 | recon=0.4187 | t=105s
  Ep 082 | step 1400/1868 | loss=1.0087 | diff=0.6151 | kd=0.3977 | recon=0.3539 | t=109s
  Ep 082 | step 1450/1868 | loss=1.0040 | diff=0.6078 | kd=0.4838 | recon=0.3478 | t=113s
  Ep 082 | step 1500/1868 | loss=1.0774 | diff=0.6092 | kd=0.5140 | recon=0.4168 | t=117s
  Ep 082 | step 1550/1868 | loss=1.0778 | diff=0.6034 | kd=0.8100 | recon=0.3934 | t=121s
  Ep 082 | step 1600/1868 | loss=1.0462 | diff=0.6024 | kd=0.4641 | recon=0.3973 | t=125s
  Ep 082 | step 1650/1868 | loss=1.0876 | diff=0.6055 | kd=0.4604 | recon=0.4361 | t=129s
  Ep 082 | step 1700/1868 | loss=1.0274 | diff=0.6081 | kd=0.6461 | recon=0.3547 | t=132s
  Ep 082 | step 1750/1868 | loss=1.1004 | diff=0.6035 | kd=0.5366 | recon=0.4433 | t=136s
  Ep 082 | step 1800/1868 | loss=1.0789 | diff=0.6543 | kd=0.4390 | recon=0.3807 | t=140s
  Ep 082 | step 1850/1868 | loss=1.1024 | diff=0.6267 | kd=0.4771 | recon=0.4280 | t=144s

  ── Epoch 082/200 (188s) ──────────────────────
  Train  loss=1.0685  diff=0.6106  kd=0.5262  recon=0.4053
  Val    loss=1.0690  RMSE=0.4895  MAE=0.4050  lr=6.43e-05

  Ep 083 | step 0000/1868 | loss=1.1887 | diff=0.6164 | kd=1.2281 | recon=0.4495 | t=1s
  Ep 083 | step 0050/1868 | loss=1.0559 | diff=0.6070 | kd=0.7103 | recon=0.3778 | t=4s
  Ep 083 | step 0100/1868 | loss=1.0982 | diff=0.6091 | kd=0.4949 | recon=0.4396 | t=8s
  Ep 083 | step 0150/1868 | loss=1.2680 | diff=0.6282 | kd=0.4119 | recon=0.5986 | t=12s
  Ep 083 | step 0200/1868 | loss=1.0137 | diff=0.6074 | kd=0.3857 | recon=0.3677 | t=16s
  Ep 083 | step 0250/1868 | loss=1.0705 | diff=0.6025 | kd=0.5921 | recon=0.4088 | t=20s
  Ep 083 | step 0300/1868 | loss=1.0101 | diff=0.6058 | kd=0.4466 | recon=0.3596 | t=24s
  Ep 083 | step 0350/1868 | loss=1.0340 | diff=0.6048 | kd=0.4503 | recon=0.3842 | t=28s
  Ep 083 | step 0400/1868 | loss=1.0965 | diff=0.6064 | kd=0.4710 | recon=0.4430 | t=32s
  Ep 083 | step 0450/1868 | loss=1.1245 | diff=0.6074 | kd=0.4586 | recon=0.4712 | t=36s
  Ep 083 | step 0500/1868 | loss=1.0885 | diff=0.6070 | kd=0.5970 | recon=0.4218 | t=39s
  Ep 083 | step 0550/1868 | loss=1.0284 | diff=0.6092 | kd=0.5330 | recon=0.3658 | t=43s
  Ep 083 | step 0600/1868 | loss=1.0704 | diff=0.6080 | kd=0.6900 | recon=0.3933 | t=47s
  Ep 083 | step 0650/1868 | loss=1.0422 | diff=0.6046 | kd=0.6785 | recon=0.3697 | t=51s
  Ep 083 | step 0700/1868 | loss=1.1003 | diff=0.6061 | kd=0.6977 | recon=0.4245 | t=55s
  Ep 083 | step 0750/1868 | loss=1.0582 | diff=0.6026 | kd=0.4030 | recon=0.4153 | t=59s
  Ep 083 | step 0800/1868 | loss=1.2367 | diff=0.6155 | kd=0.3905 | recon=0.5822 | t=63s
  Ep 083 | step 0850/1868 | loss=1.0472 | diff=0.6105 | kd=0.4957 | recon=0.3871 | t=67s
  Ep 083 | step 0900/1868 | loss=1.0525 | diff=0.6266 | kd=0.5333 | recon=0.3726 | t=71s
  Ep 083 | step 0950/1868 | loss=1.1272 | diff=0.6054 | kd=0.5704 | recon=0.4648 | t=75s
  Ep 083 | step 1000/1868 | loss=1.0875 | diff=0.6069 | kd=0.4068 | recon=0.4399 | t=79s
  Ep 083 | step 1050/1868 | loss=1.0290 | diff=0.6043 | kd=0.4287 | recon=0.3819 | t=83s
  Ep 083 | step 1100/1868 | loss=1.0536 | diff=0.6013 | kd=0.4060 | recon=0.4117 | t=87s
  Ep 083 | step 1150/1868 | loss=1.0632 | diff=0.6053 | kd=0.3498 | recon=0.4229 | t=91s
  Ep 083 | step 1200/1868 | loss=1.0562 | diff=0.6109 | kd=0.5754 | recon=0.3877 | t=95s
  Ep 083 | step 1250/1868 | loss=1.0385 | diff=0.6080 | kd=0.3922 | recon=0.3913 | t=98s
  Ep 083 | step 1300/1868 | loss=1.0476 | diff=0.6113 | kd=0.5941 | recon=0.3769 | t=102s
  Ep 083 | step 1350/1868 | loss=1.0980 | diff=0.6070 | kd=0.7847 | recon=0.4125 | t=106s
  Ep 083 | step 1400/1868 | loss=1.1741 | diff=0.6787 | kd=0.5904 | recon=0.4363 | t=110s
  Ep 083 | step 1450/1868 | loss=1.0556 | diff=0.6080 | kd=0.4930 | recon=0.3983 | t=114s
  Ep 083 | step 1500/1868 | loss=1.0314 | diff=0.6076 | kd=0.4328 | recon=0.3806 | t=118s
  Ep 083 | step 1550/1868 | loss=1.0287 | diff=0.6046 | kd=0.4610 | recon=0.3780 | t=122s
  Ep 083 | step 1600/1868 | loss=1.0962 | diff=0.6044 | kd=0.3715 | recon=0.4547 | t=126s
  Ep 083 | step 1650/1868 | loss=1.0363 | diff=0.6051 | kd=0.4101 | recon=0.3902 | t=130s
  Ep 083 | step 1700/1868 | loss=1.0617 | diff=0.6087 | kd=0.6502 | recon=0.3880 | t=134s
  Ep 083 | step 1750/1868 | loss=1.0227 | diff=0.6071 | kd=0.6314 | recon=0.3525 | t=138s
  Ep 083 | step 1800/1868 | loss=1.0345 | diff=0.6062 | kd=0.5575 | recon=0.3726 | t=142s
  Ep 083 | step 1850/1868 | loss=1.0659 | diff=0.6019 | kd=0.4973 | recon=0.4143 | t=145s

  ── Epoch 083/200 (190s) ──────────────────────
  Train  loss=1.0674  diff=0.6094  kd=0.5266  recon=0.4054
  Val    loss=1.0638  RMSE=0.4895  MAE=0.4050  lr=6.36e-05
  [BEST] Checkpoint saved → checkpoints/best_model.pth

  Ep 084 | step 0000/1868 | loss=1.0137 | diff=0.6025 | kd=0.4781 | recon=0.3634 | t=0s
  Ep 084 | step 0050/1868 | loss=1.0138 | diff=0.6135 | kd=0.6263 | recon=0.3376 | t=4s
  Ep 084 | step 0100/1868 | loss=1.0582 | diff=0.6109 | kd=0.4874 | recon=0.3985 | t=8s
  Ep 084 | step 0150/1868 | loss=1.1761 | diff=0.6798 | kd=0.5605 | recon=0.4403 | t=12s
  Ep 084 | step 0200/1868 | loss=1.0121 | diff=0.6041 | kd=0.5447 | recon=0.3536 | t=16s
  Ep 084 | step 0250/1868 | loss=0.9988 | diff=0.6135 | kd=0.3549 | recon=0.3497 | t=20s
  Ep 084 | step 0300/1868 | loss=1.0370 | diff=0.6073 | kd=0.3782 | recon=0.3919 | t=24s
  Ep 084 | step 0350/1868 | loss=1.0300 | diff=0.6079 | kd=0.5124 | recon=0.3708 | t=28s
  Ep 084 | step 0400/1868 | loss=1.0336 | diff=0.6051 | kd=0.5195 | recon=0.3766 | t=32s
  Ep 084 | step 0450/1868 | loss=1.0029 | diff=0.6095 | kd=0.3600 | recon=0.3574 | t=35s
  Ep 084 | step 0500/1868 | loss=1.0470 | diff=0.6047 | kd=0.6330 | recon=0.3790 | t=39s
  Ep 084 | step 0550/1868 | loss=1.0756 | diff=0.6130 | kd=0.5934 | recon=0.4032 | t=43s
  Ep 084 | step 0600/1868 | loss=1.0490 | diff=0.6056 | kd=0.3825 | recon=0.4051 | t=47s
  Ep 084 | step 0650/1868 | loss=1.0789 | diff=0.6046 | kd=0.6258 | recon=0.4117 | t=51s
  Ep 084 | step 0700/1868 | loss=1.0892 | diff=0.6124 | kd=0.7244 | recon=0.4044 | t=55s
  Ep 084 | step 0750/1868 | loss=1.0022 | diff=0.6041 | kd=0.4365 | recon=0.3545 | t=59s
  Ep 084 | step 0800/1868 | loss=1.0612 | diff=0.6124 | kd=0.5937 | recon=0.3894 | t=63s
  Ep 084 | step 0850/1868 | loss=1.0273 | diff=0.6410 | kd=0.5237 | recon=0.3340 | t=66s
  Ep 084 | step 0900/1868 | loss=1.0559 | diff=0.6060 | kd=0.5084 | recon=0.3990 | t=70s
  Ep 084 | step 0950/1868 | loss=1.1085 | diff=0.6263 | kd=0.4697 | recon=0.4352 | t=74s
  Ep 084 | step 1000/1868 | loss=1.0802 | diff=0.6043 | kd=0.4874 | recon=0.4272 | t=78s
  Ep 084 | step 1050/1868 | loss=1.0239 | diff=0.6036 | kd=0.4428 | recon=0.3761 | t=82s
  Ep 084 | step 1100/1868 | loss=1.0215 | diff=0.6067 | kd=0.4434 | recon=0.3705 | t=86s
  Ep 084 | step 1150/1868 | loss=1.0974 | diff=0.6083 | kd=0.4153 | recon=0.4477 | t=90s
  Ep 084 | step 1200/1868 | loss=0.9996 | diff=0.6071 | kd=0.4122 | recon=0.3513 | t=94s
  Ep 084 | step 1250/1868 | loss=1.0196 | diff=0.6034 | kd=0.3563 | recon=0.3805 | t=97s
  Ep 084 | step 1300/1868 | loss=1.0408 | diff=0.6072 | kd=0.3841 | recon=0.3952 | t=101s
  Ep 084 | step 1350/1868 | loss=1.1469 | diff=0.6023 | kd=0.7076 | recon=0.4738 | t=105s
  Ep 084 | step 1400/1868 | loss=1.1138 | diff=0.6191 | kd=0.5710 | recon=0.4376 | t=109s
  Ep 084 | step 1450/1868 | loss=1.0516 | diff=0.6050 | kd=0.3278 | recon=0.4138 | t=113s
  Ep 084 | step 1500/1868 | loss=1.0942 | diff=0.6026 | kd=0.5595 | recon=0.4356 | t=117s
  Ep 084 | step 1550/1868 | loss=1.0836 | diff=0.6078 | kd=0.5796 | recon=0.4179 | t=121s
  Ep 084 | step 1600/1868 | loss=1.1351 | diff=0.6041 | kd=1.0459 | recon=0.4264 | t=125s
  Ep 084 | step 1650/1868 | loss=1.0609 | diff=0.6040 | kd=0.4980 | recon=0.4072 | t=129s
  Ep 084 | step 1700/1868 | loss=1.1058 | diff=0.6117 | kd=0.8556 | recon=0.4086 | t=132s
  Ep 084 | step 1750/1868 | loss=1.1304 | diff=0.6098 | kd=0.4038 | recon=0.4803 | t=136s
  Ep 084 | step 1800/1868 | loss=1.0800 | diff=0.6063 | kd=0.6539 | recon=0.4084 | t=140s
  Ep 084 | step 1850/1868 | loss=1.0506 | diff=0.6025 | kd=0.3882 | recon=0.4092 | t=144s

  ── Epoch 084/200 (188s) ──────────────────────
  Train  loss=1.0663  diff=0.6091  kd=0.5192  recon=0.4053
  Val    loss=1.0603  RMSE=0.4895  MAE=0.4050  lr=6.28e-05
  [BEST] Checkpoint saved → checkpoints/best_model.pth

  Ep 085 | step 0000/1868 | loss=1.0561 | diff=0.6040 | kd=0.7162 | recon=0.3805 | t=1s
  Ep 085 | step 0050/1868 | loss=1.0469 | diff=0.6182 | kd=0.4843 | recon=0.3802 | t=4s
  Ep 085 | step 0100/1868 | loss=1.0672 | diff=0.6076 | kd=0.6142 | recon=0.3982 | t=8s
  Ep 085 | step 0150/1868 | loss=1.0468 | diff=0.6041 | kd=0.5924 | recon=0.3834 | t=12s
  Ep 085 | step 0200/1868 | loss=1.0512 | diff=0.6104 | kd=0.7356 | recon=0.3672 | t=16s
  Ep 085 | step 0250/1868 | loss=1.1252 | diff=0.6105 | kd=0.6640 | recon=0.4483 | t=20s
  Ep 085 | step 0300/1868 | loss=1.0439 | diff=0.6016 | kd=0.4380 | recon=0.3985 | t=24s
  Ep 085 | step 0350/1868 | loss=1.0356 | diff=0.6061 | kd=0.4018 | recon=0.3893 | t=28s
  Ep 085 | step 0400/1868 | loss=1.0382 | diff=0.6027 | kd=0.3648 | recon=0.3990 | t=32s
  Ep 085 | step 0450/1868 | loss=1.0880 | diff=0.6044 | kd=0.8447 | recon=0.3991 | t=36s
  Ep 085 | step 0500/1868 | loss=0.9710 | diff=0.6100 | kd=0.3801 | recon=0.3229 | t=40s
  Ep 085 | step 0550/1868 | loss=1.1677 | diff=0.6038 | kd=0.5556 | recon=0.5083 | t=43s
  Ep 085 | step 0600/1868 | loss=1.2475 | diff=0.6074 | kd=0.8104 | recon=0.5590 | t=47s
  Ep 085 | step 0650/1868 | loss=1.0767 | diff=0.6049 | kd=0.7659 | recon=0.3952 | t=51s
  Ep 085 | step 0700/1868 | loss=1.1026 | diff=0.6066 | kd=0.4116 | recon=0.4548 | t=55s
  Ep 085 | step 0750/1868 | loss=1.0537 | diff=0.6029 | kd=0.4647 | recon=0.4043 | t=59s
  Ep 085 | step 0800/1868 | loss=1.0949 | diff=0.6090 | kd=0.4409 | recon=0.4418 | t=63s
  Ep 085 | step 0850/1868 | loss=1.0407 | diff=0.6072 | kd=0.3672 | recon=0.3968 | t=67s
  Ep 085 | step 0900/1868 | loss=1.1105 | diff=0.6056 | kd=0.4351 | recon=0.4614 | t=71s
  Ep 085 | step 0950/1868 | loss=1.0129 | diff=0.6054 | kd=0.4459 | recon=0.3629 | t=75s
  Ep 085 | step 1000/1868 | loss=1.1431 | diff=0.6254 | kd=1.0902 | recon=0.4087 | t=79s
  Ep 085 | step 1050/1868 | loss=1.1340 | diff=0.6054 | kd=0.3893 | recon=0.4897 | t=82s
  Ep 085 | step 1100/1868 | loss=1.0759 | diff=0.6085 | kd=0.6220 | recon=0.4053 | t=86s
  Ep 085 | step 1150/1868 | loss=0.9707 | diff=0.6051 | kd=0.4527 | recon=0.3204 | t=90s
  Ep 085 | step 1200/1868 | loss=1.1001 | diff=0.6030 | kd=0.4142 | recon=0.4556 | t=94s
  Ep 085 | step 1250/1868 | loss=1.0752 | diff=0.6083 | kd=0.4170 | recon=0.4252 | t=98s
  Ep 085 | step 1300/1868 | loss=0.9977 | diff=0.6020 | kd=0.4794 | recon=0.3478 | t=102s
  Ep 085 | step 1350/1868 | loss=1.0957 | diff=0.6040 | kd=0.4605 | recon=0.4457 | t=106s
  Ep 085 | step 1400/1868 | loss=1.0254 | diff=0.6047 | kd=0.4936 | recon=0.3713 | t=110s
  Ep 085 | step 1450/1868 | loss=1.0453 | diff=0.6026 | kd=0.3868 | recon=0.4040 | t=114s
  Ep 085 | step 1500/1868 | loss=1.0863 | diff=0.5998 | kd=0.5343 | recon=0.4331 | t=118s
  Ep 085 | step 1550/1868 | loss=1.0771 | diff=0.6028 | kd=0.6136 | recon=0.4129 | t=122s
  Ep 085 | step 1600/1868 | loss=1.0498 | diff=0.6028 | kd=0.5182 | recon=0.3952 | t=126s
  Ep 085 | step 1650/1868 | loss=1.0344 | diff=0.5991 | kd=0.4176 | recon=0.3936 | t=130s
  Ep 085 | step 1700/1868 | loss=0.9608 | diff=0.6030 | kd=0.4872 | recon=0.3092 | t=133s
  Ep 085 | step 1750/1868 | loss=1.0142 | diff=0.6056 | kd=0.5225 | recon=0.3563 | t=137s
  Ep 085 | step 1800/1868 | loss=1.0427 | diff=0.6023 | kd=0.4945 | recon=0.3909 | t=141s
  Ep 085 | step 1850/1868 | loss=1.0505 | diff=0.6054 | kd=0.5507 | recon=0.3900 | t=145s

  ── Epoch 085/200 (190s) ──────────────────────
  Train  loss=1.0647  diff=0.6073  kd=0.5202  recon=0.4053
  Val    loss=1.0608  RMSE=0.4895  MAE=0.4050  lr=6.21e-05

  Ep 086 | step 0000/1868 | loss=1.0454 | diff=0.5982 | kd=0.3952 | recon=0.4077 | t=1s
  Ep 086 | step 0050/1868 | loss=1.1253 | diff=0.5990 | kd=0.5445 | recon=0.4718 | t=5s
  Ep 086 | step 0100/1868 | loss=1.0319 | diff=0.6056 | kd=0.6614 | recon=0.3602 | t=8s
  Ep 086 | step 0150/1868 | loss=0.9894 | diff=0.6048 | kd=0.4487 | recon=0.3397 | t=12s
  Ep 086 | step 0200/1868 | loss=1.1454 | diff=0.6037 | kd=0.6369 | recon=0.4780 | t=16s
  Ep 086 | step 0250/1868 | loss=1.0663 | diff=0.6040 | kd=0.3121 | recon=0.4310 | t=20s
  Ep 086 | step 0300/1868 | loss=1.0761 | diff=0.6137 | kd=0.3428 | recon=0.4281 | t=24s
  Ep 086 | step 0350/1868 | loss=1.1322 | diff=0.6067 | kd=0.5834 | recon=0.4672 | t=28s
  Ep 086 | step 0400/1868 | loss=1.0931 | diff=0.6089 | kd=0.7348 | recon=0.4108 | t=32s
  Ep 086 | step 0450/1868 | loss=1.0415 | diff=0.6046 | kd=0.4816 | recon=0.3887 | t=36s
  Ep 086 | step 0500/1868 | loss=1.2168 | diff=0.6914 | kd=0.5919 | recon=0.4662 | t=40s
  Ep 086 | step 0550/1868 | loss=1.0013 | diff=0.6090 | kd=0.4245 | recon=0.3498 | t=44s
  Ep 086 | step 0600/1868 | loss=1.0646 | diff=0.6015 | kd=0.7343 | recon=0.3897 | t=48s
  Ep 086 | step 0650/1868 | loss=1.0452 | diff=0.6017 | kd=0.6324 | recon=0.3802 | t=52s
  Ep 086 | step 0700/1868 | loss=1.1599 | diff=0.6005 | kd=0.4289 | recon=0.5165 | t=56s
  Ep 086 | step 0750/1868 | loss=1.1487 | diff=0.6033 | kd=0.8293 | recon=0.4625 | t=60s
  Ep 086 | step 0800/1868 | loss=1.0353 | diff=0.6075 | kd=0.5024 | recon=0.3776 | t=63s
  Ep 086 | step 0850/1868 | loss=1.1430 | diff=0.6058 | kd=0.6515 | recon=0.4720 | t=67s
  Ep 086 | step 0900/1868 | loss=0.9700 | diff=0.6061 | kd=0.3582 | recon=0.3281 | t=71s
  Ep 086 | step 0950/1868 | loss=1.0410 | diff=0.6065 | kd=0.4985 | recon=0.3847 | t=75s
  Ep 086 | step 1000/1868 | loss=1.0774 | diff=0.6068 | kd=0.4981 | recon=0.4208 | t=79s
  Ep 086 | step 1050/1868 | loss=1.0751 | diff=0.6050 | kd=0.8024 | recon=0.3899 | t=83s
  Ep 086 | step 1100/1868 | loss=1.0123 | diff=0.6031 | kd=0.5012 | recon=0.3591 | t=87s
  Ep 086 | step 1150/1868 | loss=0.9908 | diff=0.6032 | kd=0.3864 | recon=0.3490 | t=91s
  Ep 086 | step 1200/1868 | loss=1.0720 | diff=0.6058 | kd=0.5269 | recon=0.4135 | t=95s
  Ep 086 | step 1250/1868 | loss=0.9911 | diff=0.6032 | kd=0.5205 | recon=0.3358 | t=99s
  Ep 086 | step 1300/1868 | loss=1.0756 | diff=0.6081 | kd=0.3524 | recon=0.4322 | t=103s
  Ep 086 | step 1350/1868 | loss=1.0396 | diff=0.6022 | kd=0.5828 | recon=0.3792 | t=107s
  Ep 086 | step 1400/1868 | loss=1.1055 | diff=0.6052 | kd=0.8512 | recon=0.4152 | t=111s
  Ep 086 | step 1450/1868 | loss=1.0412 | diff=0.6088 | kd=0.5474 | recon=0.3777 | t=114s
  Ep 086 | step 1500/1868 | loss=1.0059 | diff=0.6074 | kd=0.5629 | recon=0.3421 | t=118s
  Ep 086 | step 1550/1868 | loss=0.9897 | diff=0.6046 | kd=0.2947 | recon=0.3556 | t=122s
  Ep 086 | step 1600/1868 | loss=1.0966 | diff=0.6031 | kd=0.4464 | recon=0.4489 | t=126s
  Ep 086 | step 1650/1868 | loss=1.0409 | diff=0.6010 | kd=0.5313 | recon=0.3868 | t=130s
  Ep 086 | step 1700/1868 | loss=1.1713 | diff=0.6005 | kd=0.5425 | recon=0.5165 | t=134s
  Ep 086 | step 1750/1868 | loss=1.0421 | diff=0.6053 | kd=0.3181 | recon=0.4050 | t=138s
  Ep 086 | step 1800/1868 | loss=1.0858 | diff=0.6051 | kd=0.5054 | recon=0.4301 | t=142s
  Ep 086 | step 1850/1868 | loss=1.0390 | diff=0.6053 | kd=0.6918 | recon=0.3646 | t=146s

  ── Epoch 086/200 (190s) ──────────────────────
  Train  loss=1.0639  diff=0.6074  kd=0.5115  recon=0.4053
  Val    loss=1.0580  RMSE=0.4895  MAE=0.4050  lr=6.13e-05
  [BEST] Checkpoint saved → checkpoints/best_model.pth

  Ep 087 | step 0000/1868 | loss=1.0709 | diff=0.6058 | kd=0.4443 | recon=0.4206 | t=1s
  Ep 087 | step 0050/1868 | loss=0.9667 | diff=0.6041 | kd=0.5369 | recon=0.3089 | t=5s
  Ep 087 | step 0100/1868 | loss=1.0766 | diff=0.6079 | kd=0.6223 | recon=0.4065 | t=9s
  Ep 087 | step 0150/1868 | loss=0.9987 | diff=0.6075 | kd=0.3242 | recon=0.3588 | t=12s
  Ep 087 | step 0200/1868 | loss=1.0152 | diff=0.6075 | kd=0.4360 | recon=0.3640 | t=16s
  Ep 087 | step 0250/1868 | loss=1.0714 | diff=0.6066 | kd=0.6537 | recon=0.3994 | t=20s
  Ep 087 | step 0300/1868 | loss=1.0599 | diff=0.6064 | kd=0.4467 | recon=0.4089 | t=24s
  Ep 087 | step 0350/1868 | loss=1.0764 | diff=0.6023 | kd=0.4980 | recon=0.4243 | t=28s
  Ep 087 | step 0400/1868 | loss=1.1909 | diff=0.6270 | kd=0.7496 | recon=0.4890 | t=32s
  Ep 087 | step 0450/1868 | loss=1.0351 | diff=0.6008 | kd=0.5609 | recon=0.3782 | t=36s
  Ep 087 | step 0500/1868 | loss=1.0574 | diff=0.6014 | kd=0.3156 | recon=0.4244 | t=40s
  Ep 087 | step 0550/1868 | loss=1.0564 | diff=0.6035 | kd=0.3237 | recon=0.4205 | t=44s
  Ep 087 | step 0600/1868 | loss=0.9902 | diff=0.5984 | kd=0.5008 | recon=0.3417 | t=48s
  Ep 087 | step 0650/1868 | loss=1.0462 | diff=0.6016 | kd=0.4116 | recon=0.4034 | t=52s
  Ep 087 | step 0700/1868 | loss=1.0270 | diff=0.6008 | kd=0.4270 | recon=0.3835 | t=56s
  Ep 087 | step 0750/1868 | loss=0.9758 | diff=0.6030 | kd=0.3778 | recon=0.3351 | t=60s
  Ep 087 | step 0800/1868 | loss=1.0756 | diff=0.6243 | kd=0.4783 | recon=0.4035 | t=64s
  Ep 087 | step 0850/1868 | loss=1.0349 | diff=0.6173 | kd=0.4825 | recon=0.3694 | t=68s
  Ep 087 | step 0900/1868 | loss=1.0204 | diff=0.6043 | kd=0.3248 | recon=0.3836 | t=72s
  Ep 087 | step 0950/1868 | loss=1.0467 | diff=0.6057 | kd=0.3464 | recon=0.4064 | t=76s
  Ep 087 | step 1000/1868 | loss=1.0447 | diff=0.6064 | kd=0.6893 | recon=0.3693 | t=80s
  Ep 087 | step 1050/1868 | loss=1.0843 | diff=0.6026 | kd=0.7254 | recon=0.4092 | t=83s
  Ep 087 | step 1100/1868 | loss=1.0177 | diff=0.6030 | kd=0.7079 | recon=0.3439 | t=87s
  Ep 087 | step 1150/1868 | loss=1.1204 | diff=0.5998 | kd=0.5470 | recon=0.4659 | t=91s
  Ep 087 | step 1200/1868 | loss=1.0649 | diff=0.6024 | kd=0.4940 | recon=0.4130 | t=95s
  Ep 087 | step 1250/1868 | loss=0.9762 | diff=0.6056 | kd=0.3489 | recon=0.3358 | t=99s
  Ep 087 | step 1300/1868 | loss=1.1029 | diff=0.6734 | kd=0.5871 | recon=0.3708 | t=103s
  Ep 087 | step 1350/1868 | loss=1.0990 | diff=0.6075 | kd=0.6952 | recon=0.4220 | t=107s
  Ep 087 | step 1400/1868 | loss=1.0860 | diff=0.6022 | kd=0.5041 | recon=0.4334 | t=111s
  Ep 087 | step 1450/1868 | loss=1.0615 | diff=0.6091 | kd=0.3080 | recon=0.4215 | t=115s
  Ep 087 | step 1500/1868 | loss=1.1490 | diff=0.5972 | kd=0.6971 | recon=0.4821 | t=119s
  Ep 087 | step 1550/1868 | loss=1.0405 | diff=0.6104 | kd=0.5030 | recon=0.3798 | t=123s
  Ep 087 | step 1600/1868 | loss=1.0077 | diff=0.6039 | kd=0.3940 | recon=0.3644 | t=127s
  Ep 087 | step 1650/1868 | loss=1.0468 | diff=0.6057 | kd=0.4128 | recon=0.3998 | t=131s
  Ep 087 | step 1700/1868 | loss=1.0972 | diff=0.6035 | kd=0.7014 | recon=0.4236 | t=135s
  Ep 087 | step 1750/1868 | loss=0.9941 | diff=0.6057 | kd=0.3522 | recon=0.3532 | t=139s
  Ep 087 | step 1800/1868 | loss=1.0633 | diff=0.6016 | kd=0.4655 | recon=0.4152 | t=143s
  Ep 087 | step 1850/1868 | loss=1.0045 | diff=0.6112 | kd=0.4748 | recon=0.3458 | t=147s

  ── Epoch 087/200 (191s) ──────────────────────
  Train  loss=1.0625  diff=0.6072  kd=0.5007  recon=0.4053
  Val    loss=1.0574  RMSE=0.4894  MAE=0.4050  lr=6.05e-05
  [BEST] Checkpoint saved → checkpoints/best_model.pth

  Ep 088 | step 0000/1868 | loss=1.0419 | diff=0.6020 | kd=0.6829 | recon=0.3717 | t=1s
  Ep 088 | step 0050/1868 | loss=1.0285 | diff=0.6053 | kd=0.4557 | recon=0.3776 | t=4s
  Ep 088 | step 0100/1868 | loss=1.0083 | diff=0.6057 | kd=0.6332 | recon=0.3392 | t=8s
  Ep 088 | step 0150/1868 | loss=1.0106 | diff=0.6026 | kd=0.3184 | recon=0.3762 | t=12s
  Ep 088 | step 0200/1868 | loss=1.0458 | diff=0.6081 | kd=0.5652 | recon=0.3812 | t=16s
  Ep 088 | step 0250/1868 | loss=1.0608 | diff=0.6075 | kd=0.4311 | recon=0.4101 | t=20s
  Ep 088 | step 0300/1868 | loss=1.0354 | diff=0.6046 | kd=0.4462 | recon=0.3862 | t=24s
  Ep 088 | step 0350/1868 | loss=0.9647 | diff=0.6040 | kd=0.4792 | recon=0.3128 | t=28s
  Ep 088 | step 0400/1868 | loss=1.0405 | diff=0.6033 | kd=0.3317 | recon=0.4040 | t=32s
  Ep 088 | step 0450/1868 | loss=1.0587 | diff=0.6030 | kd=0.6499 | recon=0.3907 | t=35s
  Ep 088 | step 0500/1868 | loss=1.1130 | diff=0.6445 | kd=0.4075 | recon=0.4278 | t=39s
  Ep 088 | step 0550/1868 | loss=1.1542 | diff=0.6042 | kd=0.4957 | recon=0.5005 | t=43s
  Ep 088 | step 0600/1868 | loss=1.1147 | diff=0.6048 | kd=0.5416 | recon=0.4557 | t=47s
  Ep 088 | step 0650/1868 | loss=1.0257 | diff=0.6025 | kd=0.3388 | recon=0.3893 | t=51s
  Ep 088 | step 0700/1868 | loss=1.0092 | diff=0.6043 | kd=0.3849 | recon=0.3664 | t=55s
  Ep 088 | step 0750/1868 | loss=1.0880 | diff=0.6035 | kd=0.5155 | recon=0.4329 | t=59s
  Ep 088 | step 0800/1868 | loss=1.0322 | diff=0.6053 | kd=0.4502 | recon=0.3819 | t=63s
  Ep 088 | step 0850/1868 | loss=1.0062 | diff=0.6091 | kd=0.3301 | recon=0.3640 | t=67s
  Ep 088 | step 0900/1868 | loss=1.0649 | diff=0.6089 | kd=0.4364 | recon=0.4124 | t=71s
  Ep 088 | step 0950/1868 | loss=1.0114 | diff=0.6130 | kd=0.4056 | recon=0.3578 | t=75s
  Ep 088 | step 1000/1868 | loss=1.0486 | diff=0.6047 | kd=0.4567 | recon=0.3982 | t=79s
  Ep 088 | step 1050/1868 | loss=1.0873 | diff=0.6034 | kd=1.0643 | recon=0.3775 | t=83s
  Ep 088 | step 1100/1868 | loss=1.0353 | diff=0.6033 | kd=0.4957 | recon=0.3824 | t=87s
  Ep 088 | step 1150/1868 | loss=1.0401 | diff=0.6055 | kd=0.3551 | recon=0.3991 | t=91s
  Ep 088 | step 1200/1868 | loss=1.0403 | diff=0.6055 | kd=0.4733 | recon=0.3875 | t=95s
  Ep 088 | step 1250/1868 | loss=0.9964 | diff=0.6070 | kd=0.4021 | recon=0.3492 | t=98s
  Ep 088 | step 1300/1868 | loss=1.1497 | diff=0.6057 | kd=0.6513 | recon=0.4789 | t=102s
  Ep 088 | step 1350/1868 | loss=1.0415 | diff=0.5999 | kd=0.5862 | recon=0.3830 | t=106s
  Ep 088 | step 1400/1868 | loss=1.0012 | diff=0.6102 | kd=0.3773 | recon=0.3533 | t=110s
  Ep 088 | step 1450/1868 | loss=1.1078 | diff=0.6053 | kd=0.5071 | recon=0.4518 | t=114s
  Ep 088 | step 1500/1868 | loss=1.0064 | diff=0.6075 | kd=0.5488 | recon=0.3440 | t=118s
  Ep 088 | step 1550/1868 | loss=0.9579 | diff=0.6016 | kd=0.4153 | recon=0.3148 | t=122s
  Ep 088 | step 1600/1868 | loss=1.0841 | diff=0.6048 | kd=0.5194 | recon=0.4274 | t=126s
  Ep 088 | step 1650/1868 | loss=1.0548 | diff=0.6015 | kd=0.3486 | recon=0.4184 | t=130s
  Ep 088 | step 1700/1868 | loss=1.0189 | diff=0.6025 | kd=0.3917 | recon=0.3773 | t=134s
  Ep 088 | step 1750/1868 | loss=1.1209 | diff=0.6045 | kd=0.3466 | recon=0.4818 | t=138s
  Ep 088 | step 1800/1868 | loss=1.0253 | diff=0.6021 | kd=0.4821 | recon=0.3750 | t=142s
  Ep 088 | step 1850/1868 | loss=1.0400 | diff=0.6024 | kd=0.5350 | recon=0.3841 | t=146s

  ── Epoch 088/200 (190s) ──────────────────────
  Train  loss=1.0635  diff=0.6075  kd=0.5061  recon=0.4054
  Val    loss=1.0573  RMSE=0.4895  MAE=0.4050  lr=5.98e-05
  [BEST] Checkpoint saved → checkpoints/best_model.pth

  Ep 089 | step 0000/1868 | loss=1.0177 | diff=0.6025 | kd=0.6082 | recon=0.3544 | t=1s
  Ep 089 | step 0050/1868 | loss=1.0581 | diff=0.6025 | kd=0.4148 | recon=0.4141 | t=5s
  Ep 089 | step 0100/1868 | loss=1.0231 | diff=0.5988 | kd=0.3465 | recon=0.3896 | t=8s
  Ep 089 | step 0150/1868 | loss=1.0601 | diff=0.6039 | kd=0.3959 | recon=0.4166 | t=12s
  Ep 089 | step 0200/1868 | loss=1.1470 | diff=0.6010 | kd=1.4020 | recon=0.4058 | t=16s
  Ep 089 | step 0250/1868 | loss=1.0292 | diff=0.6014 | kd=0.4110 | recon=0.3867 | t=20s
  Ep 089 | step 0300/1868 | loss=1.0927 | diff=0.6121 | kd=0.5029 | recon=0.4302 | t=24s
  Ep 089 | step 0350/1868 | loss=1.0736 | diff=0.6079 | kd=0.5930 | recon=0.4064 | t=28s
  Ep 089 | step 0400/1868 | loss=1.0062 | diff=0.6024 | kd=0.5079 | recon=0.3531 | t=32s
  Ep 089 | step 0450/1868 | loss=1.0572 | diff=0.6039 | kd=0.6525 | recon=0.3881 | t=36s
  Ep 089 | step 0500/1868 | loss=1.0856 | diff=0.6020 | kd=0.7944 | recon=0.4042 | t=40s
  Ep 089 | step 0550/1868 | loss=1.0528 | diff=0.6016 | kd=0.4403 | recon=0.4072 | t=44s
  Ep 089 | step 0600/1868 | loss=1.1115 | diff=0.6447 | kd=0.4934 | recon=0.4175 | t=48s
  Ep 089 | step 0650/1868 | loss=1.1133 | diff=0.6061 | kd=0.4833 | recon=0.4589 | t=52s
  Ep 089 | step 0700/1868 | loss=1.0664 | diff=0.6080 | kd=0.5969 | recon=0.3987 | t=56s
  Ep 089 | step 0750/1868 | loss=1.0763 | diff=0.6053 | kd=0.6425 | recon=0.4068 | t=60s
  Ep 089 | step 0800/1868 | loss=1.1615 | diff=0.6043 | kd=0.4989 | recon=0.5072 | t=64s
  Ep 089 | step 0850/1868 | loss=1.0734 | diff=0.6047 | kd=0.5214 | recon=0.4165 | t=68s
  Ep 089 | step 0900/1868 | loss=1.0510 | diff=0.6054 | kd=0.6081 | recon=0.3848 | t=71s
  Ep 089 | step 0950/1868 | loss=0.9958 | diff=0.6086 | kd=0.3748 | recon=0.3496 | t=75s
  Ep 089 | step 1000/1868 | loss=1.0369 | diff=0.6057 | kd=0.3348 | recon=0.3977 | t=79s
  Ep 089 | step 1050/1868 | loss=1.0619 | diff=0.6006 | kd=0.4107 | recon=0.4203 | t=83s
  Ep 089 | step 1100/1868 | loss=1.0472 | diff=0.6044 | kd=0.4557 | recon=0.3973 | t=87s
  Ep 089 | step 1150/1868 | loss=1.1465 | diff=0.6057 | kd=0.4766 | recon=0.4932 | t=91s
  Ep 089 | step 1200/1868 | loss=1.0690 | diff=0.6384 | kd=0.5001 | recon=0.3805 | t=95s
  Ep 089 | step 1250/1868 | loss=1.1461 | diff=0.6053 | kd=0.7066 | recon=0.4701 | t=99s
  Ep 089 | step 1300/1868 | loss=1.0780 | diff=0.6037 | kd=0.4615 | recon=0.4282 | t=103s
  Ep 089 | step 1350/1868 | loss=1.1498 | diff=0.6098 | kd=0.4857 | recon=0.4914 | t=107s
  Ep 089 | step 1400/1868 | loss=1.0480 | diff=0.6056 | kd=0.4467 | recon=0.3977 | t=111s
  Ep 089 | step 1450/1868 | loss=0.9907 | diff=0.6074 | kd=0.3760 | recon=0.3456 | t=115s
  Ep 089 | step 1500/1868 | loss=1.1003 | diff=0.6029 | kd=0.7281 | recon=0.4246 | t=119s
  Ep 089 | step 1550/1868 | loss=1.0685 | diff=0.6165 | kd=0.3205 | recon=0.4199 | t=123s
  Ep 089 | step 1600/1868 | loss=1.0659 | diff=0.6080 | kd=0.6356 | recon=0.3943 | t=127s
  Ep 089 | step 1650/1868 | loss=0.9939 | diff=0.6110 | kd=0.4504 | recon=0.3379 | t=130s
  Ep 089 | step 1700/1868 | loss=1.0827 | diff=0.6023 | kd=0.5844 | recon=0.4219 | t=134s
  Ep 089 | step 1750/1868 | loss=1.0274 | diff=0.6034 | kd=0.5825 | recon=0.3658 | t=138s
  Ep 089 | step 1800/1868 | loss=1.0043 | diff=0.6055 | kd=0.4289 | recon=0.3559 | t=142s
  Ep 089 | step 1850/1868 | loss=1.0233 | diff=0.6033 | kd=0.3393 | recon=0.3860 | t=146s

  ── Epoch 089/200 (190s) ──────────────────────
  Train  loss=1.0629  diff=0.6073  kd=0.5023  recon=0.4053
  Val    loss=1.0582  RMSE=0.4895  MAE=0.4050  lr=5.90e-05

  Ep 090 | step 0000/1868 | loss=1.0161 | diff=0.6030 | kd=0.3884 | recon=0.3743 | t=1s
  Ep 090 | step 0050/1868 | loss=0.9823 | diff=0.6060 | kd=0.3321 | recon=0.3431 | t=5s
  Ep 090 | step 0100/1868 | loss=1.1411 | diff=0.6072 | kd=0.3907 | recon=0.4948 | t=8s
  Ep 090 | step 0150/1868 | loss=1.0748 | diff=0.6046 | kd=0.4292 | recon=0.4273 | t=12s
  Ep 090 | step 0200/1868 | loss=1.0389 | diff=0.6019 | kd=0.5184 | recon=0.3851 | t=16s
  Ep 090 | step 0250/1868 | loss=1.1473 | diff=0.6075 | kd=0.4656 | recon=0.4933 | t=20s
  Ep 090 | step 0300/1868 | loss=1.1049 | diff=0.6002 | kd=0.5189 | recon=0.4528 | t=24s
  Ep 090 | step 0350/1868 | loss=1.0079 | diff=0.6020 | kd=0.6100 | recon=0.3449 | t=28s
  Ep 090 | step 0400/1868 | loss=1.0060 | diff=0.6034 | kd=0.4110 | recon=0.3615 | t=32s
  Ep 090 | step 0450/1868 | loss=1.0940 | diff=0.6041 | kd=0.6579 | recon=0.4241 | t=36s
  Ep 090 | step 0500/1868 | loss=0.9906 | diff=0.6031 | kd=0.3675 | recon=0.3507 | t=40s
  Ep 090 | step 0550/1868 | loss=1.0005 | diff=0.6019 | kd=0.6073 | recon=0.3379 | t=44s
  Ep 090 | step 0600/1868 | loss=0.9750 | diff=0.6011 | kd=0.4441 | recon=0.3295 | t=48s
  Ep 090 | step 0650/1868 | loss=1.1358 | diff=0.5972 | kd=0.5839 | recon=0.4802 | t=52s
  Ep 090 | step 0700/1868 | loss=0.9654 | diff=0.6025 | kd=0.3003 | recon=0.3329 | t=56s
  Ep 090 | step 0750/1868 | loss=1.1243 | diff=0.6056 | kd=0.6447 | recon=0.4542 | t=60s
  Ep 090 | step 0800/1868 | loss=1.0048 | diff=0.6026 | kd=0.3228 | recon=0.3698 | t=64s
  Ep 090 | step 0850/1868 | loss=1.1244 | diff=0.6035 | kd=0.7077 | recon=0.4501 | t=68s
  Ep 090 | step 0900/1868 | loss=1.0218 | diff=0.6017 | kd=0.3467 | recon=0.3854 | t=71s
  Ep 090 | step 0950/1868 | loss=1.0152 | diff=0.6023 | kd=0.7392 | recon=0.3389 | t=75s
  Ep 090 | step 1000/1868 | loss=1.0398 | diff=0.6027 | kd=0.4701 | recon=0.3902 | t=79s
  Ep 090 | step 1050/1868 | loss=1.0026 | diff=0.6045 | kd=0.5257 | recon=0.3455 | t=83s
  Ep 090 | step 1100/1868 | loss=1.0988 | diff=0.6021 | kd=0.4802 | recon=0.4486 | t=87s
  Ep 090 | step 1150/1868 | loss=1.1071 | diff=0.6059 | kd=0.4463 | recon=0.4566 | t=91s
  Ep 090 | step 1200/1868 | loss=1.1630 | diff=0.6075 | kd=0.3855 | recon=0.5170 | t=95s
  Ep 090 | step 1250/1868 | loss=1.0393 | diff=0.6045 | kd=0.5476 | recon=0.3801 | t=99s
  Ep 090 | step 1300/1868 | loss=1.1071 | diff=0.6275 | kd=0.4370 | recon=0.4359 | t=103s
  Ep 090 | step 1350/1868 | loss=1.0415 | diff=0.6051 | kd=0.4832 | recon=0.3881 | t=107s
  Ep 090 | step 1400/1868 | loss=1.0197 | diff=0.6064 | kd=0.4266 | recon=0.3706 | t=111s
  Ep 090 | step 1450/1868 | loss=1.0365 | diff=0.6022 | kd=0.5001 | recon=0.3843 | t=115s
  Ep 090 | step 1500/1868 | loss=1.0261 | diff=0.6037 | kd=0.4335 | recon=0.3791 | t=119s
  Ep 090 | step 1550/1868 | loss=1.0275 | diff=0.6047 | kd=0.6887 | recon=0.3539 | t=123s
  Ep 090 | step 1600/1868 | loss=1.0710 | diff=0.6060 | kd=0.4170 | recon=0.4233 | t=126s
  Ep 090 | step 1650/1868 | loss=1.0829 | diff=0.6352 | kd=0.5429 | recon=0.3934 | t=131s
  Ep 090 | step 1700/1868 | loss=1.0929 | diff=0.6141 | kd=0.6697 | recon=0.4118 | t=134s
  Ep 090 | step 1750/1868 | loss=1.0128 | diff=0.6065 | kd=0.4207 | recon=0.3642 | t=138s
  Ep 090 | step 1800/1868 | loss=1.0277 | diff=0.6058 | kd=0.4034 | recon=0.3815 | t=142s
  Ep 090 | step 1850/1868 | loss=0.9930 | diff=0.6058 | kd=0.5946 | recon=0.3277 | t=146s

  ── Epoch 090/200 (191s) ──────────────────────
  Train  loss=1.0616  diff=0.6068  kd=0.4955  recon=0.4053
  Val    loss=1.0584  RMSE=0.4895  MAE=0.4050  lr=5.82e-05
  [EP90] Checkpoint saved → checkpoints/epoch_090.pth

  Ep 091 | step 0000/1868 | loss=1.0104 | diff=0.6023 | kd=0.4626 | recon=0.3619 | t=1s
  Ep 091 | step 0050/1868 | loss=1.0646 | diff=0.6053 | kd=0.5127 | recon=0.4080 | t=4s
  Ep 091 | step 0100/1868 | loss=1.0958 | diff=0.6011 | kd=0.7824 | recon=0.4165 | t=8s
  Ep 091 | step 0150/1868 | loss=0.9820 | diff=0.6079 | kd=0.3306 | recon=0.3410 | t=12s
  Ep 091 | step 0200/1868 | loss=0.9931 | diff=0.6060 | kd=0.3475 | recon=0.3524 | t=16s
  Ep 091 | step 0250/1868 | loss=1.1242 | diff=0.6298 | kd=0.4749 | recon=0.4469 | t=20s
  Ep 091 | step 0300/1868 | loss=1.1213 | diff=0.5997 | kd=0.4657 | recon=0.4750 | t=24s
  Ep 091 | step 0350/1868 | loss=1.1250 | diff=0.6017 | kd=0.4518 | recon=0.4781 | t=28s
  Ep 091 | step 0400/1868 | loss=0.9823 | diff=0.6047 | kd=0.3589 | recon=0.3417 | t=32s
  Ep 091 | step 0450/1868 | loss=1.0437 | diff=0.6019 | kd=0.6572 | recon=0.3762 | t=36s
  Ep 091 | step 0500/1868 | loss=1.0439 | diff=0.6061 | kd=0.3388 | recon=0.4039 | t=40s
  Ep 091 | step 0550/1868 | loss=1.0636 | diff=0.6031 | kd=0.3573 | recon=0.4247 | t=44s
  Ep 091 | step 0600/1868 | loss=0.9935 | diff=0.5996 | kd=0.4917 | recon=0.3447 | t=48s
  Ep 091 | step 0650/1868 | loss=1.0947 | diff=0.6088 | kd=0.4421 | recon=0.4416 | t=52s
  Ep 091 | step 0700/1868 | loss=1.0014 | diff=0.6022 | kd=0.3763 | recon=0.3616 | t=55s
  Ep 091 | step 0750/1868 | loss=1.0902 | diff=0.6057 | kd=0.4395 | recon=0.4406 | t=59s
  Ep 091 | step 0800/1868 | loss=1.0405 | diff=0.6015 | kd=0.4925 | recon=0.3897 | t=63s
  Ep 091 | step 0850/1868 | loss=1.0268 | diff=0.6050 | kd=0.5697 | recon=0.3649 | t=67s
  Ep 091 | step 0900/1868 | loss=1.0486 | diff=0.6033 | kd=0.4525 | recon=0.4000 | t=71s
  Ep 091 | step 0950/1868 | loss=1.0568 | diff=0.6040 | kd=0.6947 | recon=0.3834 | t=75s
  Ep 091 | step 1000/1868 | loss=1.0422 | diff=0.6016 | kd=0.7679 | recon=0.3638 | t=79s
  Ep 091 | step 1050/1868 | loss=1.0877 | diff=0.6054 | kd=0.5394 | recon=0.4284 | t=83s
  Ep 091 | step 1100/1868 | loss=1.0899 | diff=0.6030 | kd=0.6092 | recon=0.4260 | t=87s
  Ep 091 | step 1150/1868 | loss=1.2183 | diff=0.6048 | kd=0.4650 | recon=0.5670 | t=91s
  Ep 091 | step 1200/1868 | loss=1.0736 | diff=0.6054 | kd=0.6943 | recon=0.3987 | t=95s
  Ep 091 | step 1250/1868 | loss=1.1740 | diff=0.6036 | kd=0.4186 | recon=0.5286 | t=99s
  Ep 091 | step 1300/1868 | loss=1.0863 | diff=0.6051 | kd=0.4944 | recon=0.4318 | t=103s
  Ep 091 | step 1350/1868 | loss=1.0222 | diff=0.6032 | kd=0.6040 | recon=0.3586 | t=107s
  Ep 091 | step 1400/1868 | loss=1.0480 | diff=0.6214 | kd=0.3715 | recon=0.3894 | t=111s
  Ep 091 | step 1450/1868 | loss=1.0004 | diff=0.6026 | kd=0.3859 | recon=0.3592 | t=115s
  Ep 091 | step 1500/1868 | loss=1.0109 | diff=0.6058 | kd=0.4819 | recon=0.3569 | t=119s
  Ep 091 | step 1550/1868 | loss=1.1660 | diff=0.6065 | kd=0.3316 | recon=0.5263 | t=122s
  Ep 091 | step 1600/1868 | loss=1.0712 | diff=0.6051 | kd=0.4918 | recon=0.4170 | t=126s
  Ep 091 | step 1650/1868 | loss=1.0252 | diff=0.6014 | kd=0.5771 | recon=0.3661 | t=130s
  Ep 091 | step 1700/1868 | loss=1.0400 | diff=0.6005 | kd=0.3019 | recon=0.4093 | t=134s
  Ep 091 | step 1750/1868 | loss=0.9913 | diff=0.6082 | kd=0.3264 | recon=0.3505 | t=138s
  Ep 091 | step 1800/1868 | loss=1.0684 | diff=0.6028 | kd=0.6758 | recon=0.3980 | t=142s
  Ep 091 | step 1850/1868 | loss=1.0018 | diff=0.6113 | kd=0.3547 | recon=0.3550 | t=146s

  ── Epoch 091/200 (190s) ──────────────────────
  Train  loss=1.0619  diff=0.6072  kd=0.4947  recon=0.4053
  Val    loss=1.0555  RMSE=0.4895  MAE=0.4050  lr=5.75e-05
  [BEST] Checkpoint saved → checkpoints/best_model.pth

  Ep 092 | step 0000/1868 | loss=1.0666 | diff=0.6033 | kd=0.4966 | recon=0.4136 | t=1s
  Ep 092 | step 0050/1868 | loss=1.1004 | diff=0.6033 | kd=0.3794 | recon=0.4591 | t=4s
  Ep 092 | step 0100/1868 | loss=1.0501 | diff=0.6029 | kd=0.4634 | recon=0.4009 | t=8s
  Ep 092 | step 0150/1868 | loss=1.0774 | diff=0.6029 | kd=0.5104 | recon=0.4235 | t=12s
  Ep 092 | step 0200/1868 | loss=1.1170 | diff=0.6027 | kd=0.5411 | recon=0.4602 | t=16s
  Ep 092 | step 0250/1868 | loss=1.0193 | diff=0.6009 | kd=0.4193 | recon=0.3765 | t=20s
  Ep 092 | step 0300/1868 | loss=1.0249 | diff=0.5998 | kd=0.5284 | recon=0.3722 | t=24s
  Ep 092 | step 0350/1868 | loss=0.9983 | diff=0.6005 | kd=0.4059 | recon=0.3572 | t=28s
  Ep 092 | step 0400/1868 | loss=1.1043 | diff=0.6060 | kd=0.4782 | recon=0.4504 | t=32s
  Ep 092 | step 0450/1868 | loss=1.0723 | diff=0.6095 | kd=0.5015 | recon=0.4126 | t=36s
  Ep 092 | step 0500/1868 | loss=1.0343 | diff=0.6038 | kd=0.4246 | recon=0.3881 | t=40s
  Ep 092 | step 0550/1868 | loss=0.9894 | diff=0.6041 | kd=0.3273 | recon=0.3526 | t=44s
  Ep 092 | step 0600/1868 | loss=1.1219 | diff=0.6156 | kd=0.5498 | recon=0.4513 | t=48s
  Ep 092 | step 0650/1868 | loss=1.1220 | diff=0.6090 | kd=0.3312 | recon=0.4798 | t=52s
  Ep 092 | step 0700/1868 | loss=1.0616 | diff=0.6064 | kd=0.5009 | recon=0.4052 | t=56s
  Ep 092 | step 0750/1868 | loss=1.0427 | diff=0.6024 | kd=0.3637 | recon=0.4039 | t=60s
  Ep 092 | step 0800/1868 | loss=1.0591 | diff=0.6065 | kd=0.5390 | recon=0.3988 | t=64s
  Ep 092 | step 0850/1868 | loss=0.9961 | diff=0.6023 | kd=0.3984 | recon=0.3540 | t=68s
  Ep 092 | step 0900/1868 | loss=1.1589 | diff=0.6059 | kd=0.9212 | recon=0.4609 | t=72s
  Ep 092 | step 0950/1868 | loss=1.0768 | diff=0.6068 | kd=0.7068 | recon=0.3993 | t=76s
  Ep 092 | step 1000/1868 | loss=0.9774 | diff=0.5989 | kd=0.3609 | recon=0.3424 | t=80s
  Ep 092 | step 1050/1868 | loss=1.0424 | diff=0.6064 | kd=0.5479 | recon=0.3812 | t=84s
  Ep 092 | step 1100/1868 | loss=1.0253 | diff=0.6041 | kd=0.4022 | recon=0.3810 | t=87s
  Ep 092 | step 1150/1868 | loss=1.0812 | diff=0.6067 | kd=0.4486 | recon=0.4297 | t=91s
  Ep 092 | step 1200/1868 | loss=1.0501 | diff=0.6035 | kd=0.4376 | recon=0.4028 | t=95s
  Ep 092 | step 1250/1868 | loss=1.0068 | diff=0.6004 | kd=0.4350 | recon=0.3629 | t=99s
  Ep 092 | step 1300/1868 | loss=1.0622 | diff=0.6064 | kd=0.5911 | recon=0.3967 | t=103s
  Ep 092 | step 1350/1868 | loss=1.0623 | diff=0.6003 | kd=0.4942 | recon=0.4126 | t=107s
  Ep 092 | step 1400/1868 | loss=1.1309 | diff=0.6046 | kd=0.4385 | recon=0.4825 | t=111s
  Ep 092 | step 1450/1868 | loss=1.0697 | diff=0.6021 | kd=0.3998 | recon=0.4276 | t=115s
  Ep 092 | step 1500/1868 | loss=1.1025 | diff=0.6066 | kd=0.5408 | recon=0.4418 | t=119s
  Ep 092 | step 1550/1868 | loss=1.1296 | diff=0.6053 | kd=0.8759 | recon=0.4368 | t=123s
  Ep 092 | step 1600/1868 | loss=1.1655 | diff=0.6042 | kd=0.7618 | recon=0.4852 | t=127s
  Ep 092 | step 1650/1868 | loss=1.0520 | diff=0.6272 | kd=0.6350 | recon=0.3614 | t=131s
  Ep 092 | step 1700/1868 | loss=0.9672 | diff=0.6014 | kd=0.4548 | recon=0.3204 | t=135s
  Ep 092 | step 1750/1868 | loss=1.0991 | diff=0.6069 | kd=0.5563 | recon=0.4366 | t=139s
  Ep 092 | step 1800/1868 | loss=1.0356 | diff=0.6041 | kd=0.5140 | recon=0.3801 | t=143s
  Ep 092 | step 1850/1868 | loss=1.0685 | diff=0.6104 | kd=0.4623 | recon=0.4119 | t=146s

  ── Epoch 092/200 (191s) ──────────────────────
  Train  loss=1.0614  diff=0.6065  kd=0.4963  recon=0.4053
  Val    loss=1.0616  RMSE=0.4895  MAE=0.4050  lr=5.67e-05

  Ep 093 | step 0000/1868 | loss=1.0361 | diff=0.6329 | kd=0.5298 | recon=0.3502 | t=1s
  Ep 093 | step 0050/1868 | loss=1.1289 | diff=0.6045 | kd=0.7584 | recon=0.4485 | t=5s
  Ep 093 | step 0100/1868 | loss=1.0238 | diff=0.6141 | kd=0.3995 | recon=0.3698 | t=8s
  Ep 093 | step 0150/1868 | loss=1.0294 | diff=0.5988 | kd=0.5509 | recon=0.3756 | t=12s
  Ep 093 | step 0200/1868 | loss=0.9530 | diff=0.6049 | kd=0.3136 | recon=0.3167 | t=16s
  Ep 093 | step 0250/1868 | loss=1.0725 | diff=0.5996 | kd=0.5808 | recon=0.4148 | t=20s
  Ep 093 | step 0300/1868 | loss=1.0043 | diff=0.6029 | kd=0.6261 | recon=0.3388 | t=24s
  Ep 093 | step 0350/1868 | loss=1.0542 | diff=0.6041 | kd=0.4476 | recon=0.4053 | t=28s
  Ep 093 | step 0400/1868 | loss=1.0157 | diff=0.5976 | kd=0.5308 | recon=0.3650 | t=32s
  Ep 093 | step 0450/1868 | loss=1.0560 | diff=0.6003 | kd=0.6108 | recon=0.3946 | t=36s
  Ep 093 | step 0500/1868 | loss=1.0853 | diff=0.6376 | kd=0.3742 | recon=0.4103 | t=40s
  Ep 093 | step 0550/1868 | loss=1.0453 | diff=0.6022 | kd=0.4884 | recon=0.3943 | t=44s
  Ep 093 | step 0600/1868 | loss=1.0775 | diff=0.6016 | kd=0.5244 | recon=0.4234 | t=48s
  Ep 093 | step 0650/1868 | loss=1.0424 | diff=0.6029 | kd=0.6577 | recon=0.3738 | t=52s
  Ep 093 | step 0700/1868 | loss=1.0589 | diff=0.6052 | kd=0.5629 | recon=0.3974 | t=56s
  Ep 093 | step 0750/1868 | loss=1.1211 | diff=0.6044 | kd=0.5046 | recon=0.4662 | t=60s
  Ep 093 | step 0800/1868 | loss=1.0075 | diff=0.6051 | kd=0.3624 | recon=0.3662 | t=64s
  Ep 093 | step 0850/1868 | loss=1.0884 | diff=0.6012 | kd=0.4494 | recon=0.4423 | t=67s
  Ep 093 | step 0900/1868 | loss=1.1020 | diff=0.6007 | kd=0.7124 | recon=0.4300 | t=71s
  Ep 093 | step 0950/1868 | loss=1.1681 | diff=0.6141 | kd=0.5112 | recon=0.5029 | t=75s
  Ep 093 | step 1000/1868 | loss=1.0015 | diff=0.6035 | kd=0.3775 | recon=0.3603 | t=79s
  Ep 093 | step 1050/1868 | loss=1.0275 | diff=0.5990 | kd=0.5702 | recon=0.3715 | t=83s
  Ep 093 | step 1100/1868 | loss=1.0435 | diff=0.6072 | kd=0.5222 | recon=0.3840 | t=87s
  Ep 093 | step 1150/1868 | loss=1.0237 | diff=0.6036 | kd=0.5337 | recon=0.3667 | t=91s
  Ep 093 | step 1200/1868 | loss=1.1108 | diff=0.5986 | kd=0.4838 | recon=0.4638 | t=95s
  Ep 093 | step 1250/1868 | loss=1.0988 | diff=0.6051 | kd=0.3936 | recon=0.4543 | t=99s
  Ep 093 | step 1300/1868 | loss=1.0418 | diff=0.5992 | kd=0.4379 | recon=0.3988 | t=103s
  Ep 093 | step 1350/1868 | loss=1.0481 | diff=0.6029 | kd=0.3811 | recon=0.4071 | t=107s
  Ep 093 | step 1400/1868 | loss=1.0182 | diff=0.6033 | kd=0.5912 | recon=0.3558 | t=111s
  Ep 093 | step 1450/1868 | loss=1.0695 | diff=0.6343 | kd=0.6886 | recon=0.3662 | t=115s
  Ep 093 | step 1500/1868 | loss=1.1078 | diff=0.6059 | kd=0.9693 | recon=0.4050 | t=118s
  Ep 093 | step 1550/1868 | loss=1.0574 | diff=0.6026 | kd=0.3909 | recon=0.4158 | t=122s
  Ep 093 | step 1600/1868 | loss=1.1296 | diff=0.5998 | kd=0.7518 | recon=0.4546 | t=126s
  Ep 093 | step 1650/1868 | loss=1.1386 | diff=0.6034 | kd=0.4668 | recon=0.4885 | t=130s
  Ep 093 | step 1700/1868 | loss=1.0376 | diff=0.6010 | kd=0.9050 | recon=0.3461 | t=134s
  Ep 093 | step 1750/1868 | loss=1.0543 | diff=0.6024 | kd=0.5891 | recon=0.3931 | t=138s
  Ep 093 | step 1800/1868 | loss=1.0552 | diff=0.6071 | kd=0.6562 | recon=0.3825 | t=142s
  Ep 093 | step 1850/1868 | loss=1.0911 | diff=0.6028 | kd=0.4086 | recon=0.4475 | t=146s

  ── Epoch 093/200 (190s) ──────────────────────
  Train  loss=1.0621  diff=0.6062  kd=0.5054  recon=0.4053
  Val    loss=1.0551  RMSE=0.4895  MAE=0.4050  lr=5.59e-05
  [BEST] Checkpoint saved → checkpoints/best_model.pth

  Ep 094 | step 0000/1868 | loss=1.2085 | diff=0.6208 | kd=0.5026 | recon=0.5374 | t=1s
  Ep 094 | step 0050/1868 | loss=1.1650 | diff=0.6133 | kd=0.4960 | recon=0.5021 | t=4s
  Ep 094 | step 0100/1868 | loss=1.1255 | diff=0.5974 | kd=0.7433 | recon=0.4538 | t=8s
  Ep 094 | step 0150/1868 | loss=1.0120 | diff=0.6027 | kd=0.4233 | recon=0.3670 | t=12s
  Ep 094 | step 0200/1868 | loss=0.9603 | diff=0.6064 | kd=0.2607 | recon=0.3278 | t=16s
  Ep 094 | step 0250/1868 | loss=1.1167 | diff=0.6034 | kd=0.6716 | recon=0.4462 | t=20s
  Ep 094 | step 0300/1868 | loss=1.1017 | diff=0.6102 | kd=0.5742 | recon=0.4341 | t=24s
  Ep 094 | step 0350/1868 | loss=1.1021 | diff=0.6717 | kd=0.4279 | recon=0.3876 | t=28s
  Ep 094 | step 0400/1868 | loss=1.0623 | diff=0.6017 | kd=0.4987 | recon=0.4108 | t=32s
  Ep 094 | step 0450/1868 | loss=1.0034 | diff=0.6039 | kd=0.4482 | recon=0.3547 | t=36s
  Ep 094 | step 0500/1868 | loss=1.0365 | diff=0.6395 | kd=0.4039 | recon=0.3566 | t=40s
  Ep 094 | step 0550/1868 | loss=1.0902 | diff=0.6037 | kd=0.2910 | recon=0.4575 | t=44s
  Ep 094 | step 0600/1868 | loss=1.0484 | diff=0.6009 | kd=0.4115 | recon=0.4063 | t=47s
  Ep 094 | step 0650/1868 | loss=1.0914 | diff=0.6057 | kd=0.6367 | recon=0.4220 | t=51s
  Ep 094 | step 0700/1868 | loss=1.0716 | diff=0.6069 | kd=0.3934 | recon=0.4254 | t=55s
  Ep 094 | step 0750/1868 | loss=1.1028 | diff=0.6197 | kd=0.6905 | recon=0.4140 | t=59s
  Ep 094 | step 0800/1868 | loss=1.1051 | diff=0.6279 | kd=0.4487 | recon=0.4323 | t=63s
  Ep 094 | step 0850/1868 | loss=1.1139 | diff=0.6016 | kd=0.5502 | recon=0.4573 | t=67s
  Ep 094 | step 0900/1868 | loss=1.0455 | diff=0.6024 | kd=0.3975 | recon=0.4033 | t=71s
  Ep 094 | step 0950/1868 | loss=0.9717 | diff=0.6040 | kd=0.3799 | recon=0.3298 | t=75s
  Ep 094 | step 1000/1868 | loss=1.0508 | diff=0.6032 | kd=0.5744 | recon=0.3902 | t=79s
  Ep 094 | step 1050/1868 | loss=1.2048 | diff=0.6724 | kd=0.3809 | recon=0.4943 | t=83s
  Ep 094 | step 1100/1868 | loss=1.0751 | diff=0.6031 | kd=0.4544 | recon=0.4266 | t=87s
  Ep 094 | step 1150/1868 | loss=0.9757 | diff=0.6049 | kd=0.4183 | recon=0.3289 | t=91s
  Ep 094 | step 1200/1868 | loss=1.0456 | diff=0.6041 | kd=0.3521 | recon=0.4064 | t=95s
  Ep 094 | step 1250/1868 | loss=1.0812 | diff=0.6015 | kd=0.4455 | recon=0.4351 | t=98s
  Ep 094 | step 1300/1868 | loss=1.1674 | diff=0.6035 | kd=0.6307 | recon=0.5008 | t=102s
  Ep 094 | step 1350/1868 | loss=1.0154 | diff=0.6181 | kd=0.5555 | recon=0.3417 | t=106s
  Ep 094 | step 1400/1868 | loss=1.0410 | diff=0.6046 | kd=0.3791 | recon=0.3985 | t=110s
  Ep 094 | step 1450/1868 | loss=1.1454 | diff=0.6048 | kd=0.4555 | recon=0.4950 | t=114s
  Ep 094 | step 1500/1868 | loss=1.1134 | diff=0.6044 | kd=0.5236 | recon=0.4567 | t=118s
  Ep 094 | step 1550/1868 | loss=1.0483 | diff=0.6061 | kd=0.6523 | recon=0.3770 | t=122s
  Ep 094 | step 1600/1868 | loss=1.0718 | diff=0.6089 | kd=0.3374 | recon=0.4292 | t=126s
  Ep 094 | step 1650/1868 | loss=0.9837 | diff=0.6005 | kd=0.3751 | recon=0.3457 | t=130s
  Ep 094 | step 1700/1868 | loss=1.0857 | diff=0.6025 | kd=0.6132 | recon=0.4219 | t=134s
  Ep 094 | step 1750/1868 | loss=1.0683 | diff=0.6027 | kd=0.4454 | recon=0.4211 | t=138s
  Ep 094 | step 1800/1868 | loss=1.0428 | diff=0.6067 | kd=0.6352 | recon=0.3726 | t=141s
  Ep 094 | step 1850/1868 | loss=1.0797 | diff=0.6000 | kd=0.4439 | recon=0.4353 | t=145s

  ── Epoch 094/200 (189s) ──────────────────────
  Train  loss=1.0619  diff=0.6060  kd=0.5057  recon=0.4053
  Val    loss=1.0581  RMSE=0.4895  MAE=0.4050  lr=5.52e-05

  Ep 095 | step 0000/1868 | loss=1.0338 | diff=0.6002 | kd=0.4625 | recon=0.3874 | t=1s
  Ep 095 | step 0050/1868 | loss=0.9935 | diff=0.6046 | kd=0.3512 | recon=0.3538 | t=5s
  Ep 095 | step 0100/1868 | loss=1.0677 | diff=0.6017 | kd=0.4265 | recon=0.4233 | t=9s
  Ep 095 | step 0150/1868 | loss=1.0382 | diff=0.5977 | kd=0.6932 | recon=0.3712 | t=12s
  Ep 095 | step 0200/1868 | loss=1.1187 | diff=0.6012 | kd=0.5605 | recon=0.4614 | t=16s
  Ep 095 | step 0250/1868 | loss=1.0889 | diff=0.6022 | kd=0.6429 | recon=0.4224 | t=20s
  Ep 095 | step 0300/1868 | loss=0.9991 | diff=0.6019 | kd=0.4005 | recon=0.3572 | t=24s
  Ep 095 | step 0350/1868 | loss=0.9762 | diff=0.5983 | kd=0.4821 | recon=0.3297 | t=28s
  Ep 095 | step 0400/1868 | loss=1.0370 | diff=0.6027 | kd=0.4229 | recon=0.3920 | t=32s
  Ep 095 | step 0450/1868 | loss=1.0816 | diff=0.6098 | kd=0.5826 | recon=0.4136 | t=36s
  Ep 095 | step 0500/1868 | loss=1.0464 | diff=0.6036 | kd=0.4993 | recon=0.3930 | t=40s
  Ep 095 | step 0550/1868 | loss=1.1164 | diff=0.6003 | kd=0.4576 | recon=0.4703 | t=44s
  Ep 095 | step 0600/1868 | loss=0.9910 | diff=0.5996 | kd=0.6211 | recon=0.3293 | t=48s
  Ep 095 | step 0650/1868 | loss=1.1062 | diff=0.6030 | kd=0.4237 | recon=0.4608 | t=52s
  Ep 095 | step 0700/1868 | loss=1.1045 | diff=0.5994 | kd=0.6681 | recon=0.4383 | t=56s
  Ep 095 | step 0750/1868 | loss=0.9899 | diff=0.5997 | kd=0.4387 | recon=0.3463 | t=60s
  Ep 095 | step 0800/1868 | loss=1.0480 | diff=0.6016 | kd=0.6601 | recon=0.3804 | t=64s
  Ep 095 | step 0850/1868 | loss=1.1329 | diff=0.6080 | kd=0.6206 | recon=0.4629 | t=68s
  Ep 095 | step 0900/1868 | loss=1.1834 | diff=0.6061 | kd=0.5123 | recon=0.5261 | t=72s
  Ep 095 | step 0950/1868 | loss=1.0267 | diff=0.6038 | kd=0.4527 | recon=0.3776 | t=76s
  Ep 095 | step 1000/1868 | loss=1.0291 | diff=0.6027 | kd=0.4010 | recon=0.3864 | t=80s
  Ep 095 | step 1050/1868 | loss=1.0368 | diff=0.6043 | kd=0.5821 | recon=0.3742 | t=84s
  Ep 095 | step 1100/1868 | loss=1.0659 | diff=0.6014 | kd=0.5234 | recon=0.4121 | t=88s
  Ep 095 | step 1150/1868 | loss=1.0193 | diff=0.6024 | kd=0.4323 | recon=0.3737 | t=92s
  Ep 095 | step 1200/1868 | loss=1.0367 | diff=0.6027 | kd=0.3685 | recon=0.3972 | t=95s
  Ep 095 | step 1250/1868 | loss=1.0862 | diff=0.6018 | kd=0.5379 | recon=0.4306 | t=99s
  Ep 095 | step 1300/1868 | loss=1.0104 | diff=0.6008 | kd=0.6480 | recon=0.3448 | t=103s
  Ep 095 | step 1350/1868 | loss=1.0468 | diff=0.6026 | kd=0.8269 | recon=0.3615 | t=107s
  Ep 095 | step 1400/1868 | loss=1.0585 | diff=0.6014 | kd=0.5923 | recon=0.3979 | t=111s
  Ep 095 | step 1450/1868 | loss=0.9911 | diff=0.5990 | kd=0.4799 | recon=0.3441 | t=115s
  Ep 095 | step 1500/1868 | loss=1.0323 | diff=0.6038 | kd=0.4643 | recon=0.3821 | t=119s
  Ep 095 | step 1550/1868 | loss=1.0850 | diff=0.6066 | kd=0.4238 | recon=0.4360 | t=123s
  Ep 095 | step 1600/1868 | loss=0.9744 | diff=0.6023 | kd=0.4307 | recon=0.3290 | t=127s
  Ep 095 | step 1650/1868 | loss=1.0714 | diff=0.6000 | kd=0.3861 | recon=0.4328 | t=131s
  Ep 095 | step 1700/1868 | loss=1.0700 | diff=0.6020 | kd=0.6437 | recon=0.4036 | t=135s
  Ep 095 | step 1750/1868 | loss=1.0030 | diff=0.6007 | kd=0.4299 | recon=0.3594 | t=139s
  Ep 095 | step 1800/1868 | loss=1.0346 | diff=0.6028 | kd=0.4432 | recon=0.3875 | t=143s
  Ep 095 | step 1850/1868 | loss=1.0265 | diff=0.6018 | kd=0.3507 | recon=0.3896 | t=147s

  ── Epoch 095/200 (191s) ──────────────────────
  Train  loss=1.0620  diff=0.6048  kd=0.5179  recon=0.4053
  Val    loss=1.0634  RMSE=0.4895  MAE=0.4050  lr=5.44e-05

  Ep 096 | step 0000/1868 | loss=1.0406 | diff=0.6350 | kd=0.5161 | recon=0.3540 | t=1s
  Ep 096 | step 0050/1868 | loss=1.0090 | diff=0.6100 | kd=0.2893 | recon=0.3700 | t=5s
  Ep 096 | step 0100/1868 | loss=1.0700 | diff=0.6041 | kd=0.7005 | recon=0.3959 | t=9s
  Ep 096 | step 0150/1868 | loss=1.1259 | diff=0.6022 | kd=0.5500 | recon=0.4687 | t=12s
  Ep 096 | step 0200/1868 | loss=1.0475 | diff=0.5999 | kd=0.4892 | recon=0.3987 | t=16s
  Ep 096 | step 0250/1868 | loss=1.0111 | diff=0.6041 | kd=0.5159 | recon=0.3554 | t=20s
  Ep 096 | step 0300/1868 | loss=1.0718 | diff=0.6424 | kd=0.5449 | recon=0.3749 | t=24s
  Ep 096 | step 0350/1868 | loss=1.0589 | diff=0.6027 | kd=0.4385 | recon=0.4124 | t=28s
  Ep 096 | step 0400/1868 | loss=0.9666 | diff=0.6008 | kd=0.4966 | recon=0.3161 | t=32s
  Ep 096 | step 0450/1868 | loss=1.0949 | diff=0.6082 | kd=0.4879 | recon=0.4379 | t=36s
  Ep 096 | step 0500/1868 | loss=1.0765 | diff=0.6004 | kd=0.5727 | recon=0.4187 | t=40s
  Ep 096 | step 0550/1868 | loss=1.1285 | diff=0.6055 | kd=0.3751 | recon=0.4856 | t=44s
  Ep 096 | step 0600/1868 | loss=1.0081 | diff=0.6062 | kd=0.3801 | recon=0.3639 | t=48s
  Ep 096 | step 0650/1868 | loss=1.1220 | diff=0.6022 | kd=0.5282 | recon=0.4670 | t=52s
  Ep 096 | step 0700/1868 | loss=1.0466 | diff=0.6032 | kd=0.6620 | recon=0.3772 | t=56s
  Ep 096 | step 0750/1868 | loss=1.0623 | diff=0.6039 | kd=0.4630 | recon=0.4121 | t=60s
  Ep 096 | step 0800/1868 | loss=1.0454 | diff=0.5997 | kd=0.4255 | recon=0.4031 | t=64s
  Ep 096 | step 0850/1868 | loss=1.0213 | diff=0.6046 | kd=0.4113 | recon=0.3756 | t=67s
  Ep 096 | step 0900/1868 | loss=1.0567 | diff=0.6095 | kd=0.4706 | recon=0.4001 | t=71s
  Ep 096 | step 0950/1868 | loss=1.0494 | diff=0.6027 | kd=0.4310 | recon=0.4035 | t=75s
  Ep 096 | step 1000/1868 | loss=1.0671 | diff=0.6038 | kd=0.6481 | recon=0.3984 | t=79s
  Ep 096 | step 1050/1868 | loss=1.0605 | diff=0.5994 | kd=0.4240 | recon=0.4187 | t=83s
  Ep 096 | step 1100/1868 | loss=1.0716 | diff=0.6036 | kd=0.5466 | recon=0.4134 | t=87s
  Ep 096 | step 1150/1868 | loss=1.0113 | diff=0.6039 | kd=0.5191 | recon=0.3554 | t=91s
  Ep 096 | step 1200/1868 | loss=1.1070 | diff=0.6046 | kd=0.5689 | recon=0.4455 | t=95s
  Ep 096 | step 1250/1868 | loss=1.1162 | diff=0.6010 | kd=0.4800 | recon=0.4672 | t=99s
  Ep 096 | step 1300/1868 | loss=1.0951 | diff=0.6005 | kd=0.5363 | recon=0.4410 | t=103s
  Ep 096 | step 1350/1868 | loss=1.0038 | diff=0.6019 | kd=0.3784 | recon=0.3640 | t=107s
  Ep 096 | step 1400/1868 | loss=1.0325 | diff=0.6064 | kd=0.5109 | recon=0.3750 | t=111s
  Ep 096 | step 1450/1868 | loss=1.0975 | diff=0.5983 | kd=0.5994 | recon=0.4393 | t=115s
  Ep 096 | step 1500/1868 | loss=1.1163 | diff=0.6033 | kd=0.3726 | recon=0.4758 | t=118s
  Ep 096 | step 1550/1868 | loss=1.0733 | diff=0.6020 | kd=0.5954 | recon=0.4118 | t=122s
  Ep 096 | step 1600/1868 | loss=1.1011 | diff=0.6014 | kd=0.4773 | recon=0.4519 | t=126s
  Ep 096 | step 1650/1868 | loss=1.1053 | diff=0.6040 | kd=0.6779 | recon=0.4335 | t=130s
  Ep 096 | step 1700/1868 | loss=0.9968 | diff=0.6023 | kd=0.4173 | recon=0.3528 | t=134s
  Ep 096 | step 1750/1868 | loss=0.9793 | diff=0.6063 | kd=0.4329 | recon=0.3297 | t=138s
  Ep 096 | step 1800/1868 | loss=1.0463 | diff=0.6022 | kd=0.6475 | recon=0.3793 | t=142s
  Ep 096 | step 1850/1868 | loss=0.9911 | diff=0.6015 | kd=0.5892 | recon=0.3307 | t=146s

  ── Epoch 096/200 (190s) ──────────────────────
  Train  loss=1.0604  diff=0.6053  kd=0.4978  recon=0.4053
  Val    loss=1.0549  RMSE=0.4895  MAE=0.4050  lr=5.36e-05
  [BEST] Checkpoint saved → checkpoints/best_model.pth

  Ep 097 | step 0000/1868 | loss=1.0346 | diff=0.6047 | kd=0.4497 | recon=0.3849 | t=1s
  Ep 097 | step 0050/1868 | loss=0.9911 | diff=0.5952 | kd=0.4807 | recon=0.3478 | t=4s
  Ep 097 | step 0100/1868 | loss=1.0988 | diff=0.6014 | kd=0.4603 | recon=0.4514 | t=8s
  Ep 097 | step 0150/1868 | loss=1.0109 | diff=0.5998 | kd=0.3212 | recon=0.3790 | t=12s
  Ep 097 | step 0200/1868 | loss=1.0338 | diff=0.6023 | kd=0.7312 | recon=0.3583 | t=16s
  Ep 097 | step 0250/1868 | loss=1.0663 | diff=0.5991 | kd=0.4234 | recon=0.4249 | t=20s
  Ep 097 | step 0300/1868 | loss=1.0626 | diff=0.6007 | kd=0.5429 | recon=0.4077 | t=24s
  Ep 097 | step 0350/1868 | loss=1.0999 | diff=0.6010 | kd=0.4353 | recon=0.4554 | t=28s
  Ep 097 | step 0400/1868 | loss=1.1359 | diff=0.6028 | kd=0.3751 | recon=0.4956 | t=32s
  Ep 097 | step 0450/1868 | loss=1.0219 | diff=0.6043 | kd=0.4489 | recon=0.3727 | t=36s
  Ep 097 | step 0500/1868 | loss=1.0341 | diff=0.6065 | kd=0.3242 | recon=0.3952 | t=40s
  Ep 097 | step 0550/1868 | loss=1.0655 | diff=0.6032 | kd=0.3875 | recon=0.4235 | t=44s
  Ep 097 | step 0600/1868 | loss=1.0731 | diff=0.6050 | kd=0.4619 | recon=0.4219 | t=48s
  Ep 097 | step 0650/1868 | loss=1.0172 | diff=0.6034 | kd=0.4447 | recon=0.3693 | t=52s
  Ep 097 | step 0700/1868 | loss=1.0271 | diff=0.5992 | kd=0.5178 | recon=0.3761 | t=56s
  Ep 097 | step 0750/1868 | loss=0.9923 | diff=0.6060 | kd=0.3977 | recon=0.3465 | t=60s
  Ep 097 | step 0800/1868 | loss=1.0772 | diff=0.6001 | kd=0.4292 | recon=0.4342 | t=63s
  Ep 097 | step 0850/1868 | loss=1.0678 | diff=0.6002 | kd=0.4944 | recon=0.4181 | t=67s
  Ep 097 | step 0900/1868 | loss=1.0686 | diff=0.6033 | kd=0.4571 | recon=0.4196 | t=71s
  Ep 097 | step 0950/1868 | loss=1.0261 | diff=0.6081 | kd=0.6365 | recon=0.3543 | t=75s
  Ep 097 | step 1000/1868 | loss=1.0310 | diff=0.5950 | kd=0.6141 | recon=0.3746 | t=79s
  Ep 097 | step 1050/1868 | loss=1.1091 | diff=0.6021 | kd=0.4356 | recon=0.4635 | t=83s
  Ep 097 | step 1100/1868 | loss=1.0039 | diff=0.6015 | kd=0.4674 | recon=0.3556 | t=87s
  Ep 097 | step 1150/1868 | loss=1.1609 | diff=0.5989 | kd=0.3187 | recon=0.5302 | t=91s
  Ep 097 | step 1200/1868 | loss=1.0380 | diff=0.6019 | kd=0.5116 | recon=0.3850 | t=95s
  Ep 097 | step 1250/1868 | loss=0.9996 | diff=0.6039 | kd=0.5154 | recon=0.3441 | t=99s
  Ep 097 | step 1300/1868 | loss=1.0218 | diff=0.6035 | kd=0.4899 | recon=0.3694 | t=102s
  Ep 097 | step 1350/1868 | loss=1.0482 | diff=0.6029 | kd=0.3522 | recon=0.4101 | t=106s
  Ep 097 | step 1400/1868 | loss=1.1038 | diff=0.6339 | kd=0.3758 | recon=0.4323 | t=110s
  Ep 097 | step 1450/1868 | loss=1.0735 | diff=0.6039 | kd=0.4626 | recon=0.4234 | t=114s
  Ep 097 | step 1500/1868 | loss=1.0770 | diff=0.6001 | kd=0.4521 | recon=0.4316 | t=118s
  Ep 097 | step 1550/1868 | loss=1.0931 | diff=0.6079 | kd=0.5659 | recon=0.4286 | t=122s
  Ep 097 | step 1600/1868 | loss=1.0195 | diff=0.6032 | kd=0.4714 | recon=0.3691 | t=126s
  Ep 097 | step 1650/1868 | loss=1.1017 | diff=0.6034 | kd=0.4841 | recon=0.4499 | t=130s
  Ep 097 | step 1700/1868 | loss=1.0724 | diff=0.6003 | kd=0.3291 | recon=0.4391 | t=134s
  Ep 097 | step 1750/1868 | loss=1.0803 | diff=0.6053 | kd=0.4294 | recon=0.4321 | t=137s
  Ep 097 | step 1800/1868 | loss=1.0992 | diff=0.5976 | kd=0.4985 | recon=0.4517 | t=141s
  Ep 097 | step 1850/1868 | loss=1.0724 | diff=0.6012 | kd=0.5169 | recon=0.4195 | t=145s

  ── Epoch 097/200 (190s) ──────────────────────
  Train  loss=1.0687  diff=0.6125  kd=0.5093  recon=0.4053
  Val    loss=1.0643  RMSE=0.4894  MAE=0.4050  lr=5.28e-05

  Ep 098 | step 0000/1868 | loss=1.0592 | diff=0.5986 | kd=0.6308 | recon=0.3975 | t=1s
  Ep 098 | step 0050/1868 | loss=1.0466 | diff=0.6054 | kd=0.6171 | recon=0.3795 | t=4s
  Ep 098 | step 0100/1868 | loss=1.0756 | diff=0.6003 | kd=0.5320 | recon=0.4221 | t=8s
  Ep 098 | step 0150/1868 | loss=1.0768 | diff=0.6037 | kd=0.5303 | recon=0.4201 | t=12s
  Ep 098 | step 0200/1868 | loss=1.0894 | diff=0.6010 | kd=0.6307 | recon=0.4254 | t=16s
  Ep 098 | step 0250/1868 | loss=1.0891 | diff=0.6025 | kd=0.5240 | recon=0.4342 | t=20s
  Ep 098 | step 0300/1868 | loss=1.0531 | diff=0.6032 | kd=0.8070 | recon=0.3692 | t=24s
  Ep 098 | step 0350/1868 | loss=0.9729 | diff=0.6091 | kd=0.3542 | recon=0.3285 | t=28s
  Ep 098 | step 0400/1868 | loss=1.0195 | diff=0.6027 | kd=0.8048 | recon=0.3363 | t=32s
  Ep 098 | step 0450/1868 | loss=0.9866 | diff=0.6042 | kd=0.3057 | recon=0.3518 | t=36s
  Ep 098 | step 0500/1868 | loss=1.0755 | diff=0.6048 | kd=0.4610 | recon=0.4246 | t=40s
  Ep 098 | step 0550/1868 | loss=0.9597 | diff=0.6072 | kd=0.4447 | recon=0.3081 | t=44s
  Ep 098 | step 0600/1868 | loss=1.0452 | diff=0.5971 | kd=0.4802 | recon=0.4000 | t=47s
  Ep 098 | step 0650/1868 | loss=1.0995 | diff=0.6010 | kd=0.3434 | recon=0.4641 | t=51s
  Ep 098 | step 0700/1868 | loss=1.1310 | diff=0.6018 | kd=1.0010 | recon=0.4291 | t=55s
  Ep 098 | step 0750/1868 | loss=1.1185 | diff=0.6026 | kd=0.4931 | recon=0.4666 | t=59s
  Ep 098 | step 0800/1868 | loss=1.1221 | diff=0.5976 | kd=0.5070 | recon=0.4737 | t=63s
  Ep 098 | step 0850/1868 | loss=1.0698 | diff=0.5981 | kd=0.5373 | recon=0.4180 | t=67s
  Ep 098 | step 0900/1868 | loss=1.0277 | diff=0.6012 | kd=0.5644 | recon=0.3700 | t=71s
  Ep 098 | step 0950/1868 | loss=1.0577 | diff=0.6145 | kd=0.5191 | recon=0.3912 | t=75s
  Ep 098 | step 1000/1868 | loss=1.0633 | diff=0.5984 | kd=0.5285 | recon=0.4120 | t=79s
  Ep 098 | step 1050/1868 | loss=1.0234 | diff=0.6044 | kd=0.3817 | recon=0.3809 | t=83s
  Ep 098 | step 1100/1868 | loss=1.0641 | diff=0.5972 | kd=0.6305 | recon=0.4039 | t=86s
  Ep 098 | step 1150/1868 | loss=1.1298 | diff=0.6015 | kd=0.3822 | recon=0.4901 | t=90s
  Ep 098 | step 1200/1868 | loss=1.0458 | diff=0.6015 | kd=0.5472 | recon=0.3896 | t=94s
  Ep 098 | step 1250/1868 | loss=1.0932 | diff=0.6034 | kd=0.5503 | recon=0.4348 | t=98s
  Ep 098 | step 1300/1868 | loss=1.0485 | diff=0.6022 | kd=0.5069 | recon=0.3956 | t=102s
  Ep 098 | step 1350/1868 | loss=1.0997 | diff=0.6058 | kd=0.6803 | recon=0.4259 | t=106s
  Ep 098 | step 1400/1868 | loss=1.0284 | diff=0.6002 | kd=0.3284 | recon=0.3954 | t=110s
  Ep 098 | step 1450/1868 | loss=1.0463 | diff=0.5987 | kd=0.4577 | recon=0.4018 | t=114s
  Ep 098 | step 1500/1868 | loss=1.1047 | diff=0.6028 | kd=0.5487 | recon=0.4470 | t=118s
  Ep 098 | step 1550/1868 | loss=1.0492 | diff=0.6030 | kd=0.5024 | recon=0.3959 | t=121s
  Ep 098 | step 1600/1868 | loss=1.1414 | diff=0.6008 | kd=0.7281 | recon=0.4678 | t=125s
  Ep 098 | step 1650/1868 | loss=1.1213 | diff=0.5988 | kd=1.0332 | recon=0.4192 | t=129s
  Ep 098 | step 1700/1868 | loss=0.9606 | diff=0.5999 | kd=0.3265 | recon=0.3281 | t=133s
  Ep 098 | step 1750/1868 | loss=1.0630 | diff=0.5968 | kd=0.4106 | recon=0.4250 | t=137s
  Ep 098 | step 1800/1868 | loss=0.9886 | diff=0.6003 | kd=0.3703 | recon=0.3513 | t=141s
  Ep 098 | step 1850/1868 | loss=1.0656 | diff=0.5974 | kd=0.7614 | recon=0.3921 | t=145s

  ── Epoch 098/200 (189s) ──────────────────────
  Train  loss=1.0593  diff=0.6027  kd=0.5126  recon=0.4053
  Val    loss=1.0609  RMSE=0.4894  MAE=0.4050  lr=5.21e-05

  Ep 099 | step 0000/1868 | loss=1.0299 | diff=0.6004 | kd=0.4476 | recon=0.3847 | t=1s
  Ep 099 | step 0050/1868 | loss=1.0040 | diff=0.6009 | kd=0.4246 | recon=0.3607 | t=4s
  Ep 099 | step 0100/1868 | loss=1.0187 | diff=0.6024 | kd=0.5402 | recon=0.3623 | t=8s
  Ep 099 | step 0150/1868 | loss=1.0776 | diff=0.6003 | kd=0.5154 | recon=0.4257 | t=12s
  Ep 099 | step 0200/1868 | loss=1.0151 | diff=0.6010 | kd=0.3477 | recon=0.3793 | t=16s
  Ep 099 | step 0250/1868 | loss=1.1100 | diff=0.5995 | kd=0.7490 | recon=0.4356 | t=20s
  Ep 099 | step 0300/1868 | loss=1.1387 | diff=0.5980 | kd=0.9481 | recon=0.4458 | t=24s
  Ep 099 | step 0350/1868 | loss=1.0305 | diff=0.5977 | kd=0.6592 | recon=0.3669 | t=28s
  Ep 099 | step 0400/1868 | loss=1.1016 | diff=0.6313 | kd=0.4886 | recon=0.4214 | t=32s
  Ep 099 | step 0450/1868 | loss=1.0917 | diff=0.5995 | kd=0.6111 | recon=0.4310 | t=36s
  Ep 099 | step 0500/1868 | loss=0.9931 | diff=0.5960 | kd=0.4221 | recon=0.3549 | t=40s
  Ep 099 | step 0550/1868 | loss=1.1049 | diff=0.6078 | kd=0.4968 | recon=0.4474 | t=44s
  Ep 099 | step 0600/1868 | loss=1.0781 | diff=0.6032 | kd=0.3578 | recon=0.4391 | t=47s
  Ep 099 | step 0650/1868 | loss=1.0513 | diff=0.6012 | kd=0.5948 | recon=0.3906 | t=51s
  Ep 099 | step 0700/1868 | loss=0.9643 | diff=0.6036 | kd=0.4510 | recon=0.3156 | t=55s
  Ep 099 | step 0750/1868 | loss=1.0537 | diff=0.6062 | kd=0.3790 | recon=0.4096 | t=59s
  Ep 099 | step 0800/1868 | loss=1.0554 | diff=0.5983 | kd=0.4939 | recon=0.4076 | t=63s
  Ep 099 | step 0850/1868 | loss=1.0385 | diff=0.6077 | kd=0.3790 | recon=0.3929 | t=67s
  Ep 099 | step 0900/1868 | loss=1.0681 | diff=0.6010 | kd=0.4928 | recon=0.4178 | t=71s
  Ep 099 | step 0950/1868 | loss=1.0798 | diff=0.6017 | kd=0.3800 | recon=0.4401 | t=75s
  Ep 099 | step 1000/1868 | loss=1.0357 | diff=0.6049 | kd=0.6000 | recon=0.3708 | t=79s
  Ep 099 | step 1050/1868 | loss=1.0937 | diff=0.5984 | kd=0.4023 | recon=0.4551 | t=83s
  Ep 099 | step 1100/1868 | loss=0.9824 | diff=0.6013 | kd=0.3266 | recon=0.3484 | t=86s
  Ep 099 | step 1150/1868 | loss=1.0935 | diff=0.6023 | kd=0.3270 | recon=0.4586 | t=90s
  Ep 099 | step 1200/1868 | loss=1.0602 | diff=0.6022 | kd=0.5971 | recon=0.3983 | t=94s
  Ep 099 | step 1250/1868 | loss=1.0072 | diff=0.6042 | kd=0.3166 | recon=0.3714 | t=98s
  Ep 099 | step 1300/1868 | loss=1.0344 | diff=0.6313 | kd=0.3738 | recon=0.3657 | t=102s
  Ep 099 | step 1350/1868 | loss=0.9925 | diff=0.5970 | kd=0.3341 | recon=0.3621 | t=106s
  Ep 099 | step 1400/1868 | loss=1.0872 | diff=0.6025 | kd=0.4733 | recon=0.4374 | t=110s
  Ep 099 | step 1450/1868 | loss=1.1246 | diff=0.6025 | kd=0.5227 | recon=0.4699 | t=114s
  Ep 099 | step 1500/1868 | loss=1.1062 | diff=0.6012 | kd=0.6432 | recon=0.4407 | t=118s
  Ep 099 | step 1550/1868 | loss=0.9847 | diff=0.6036 | kd=0.3150 | recon=0.3496 | t=122s
  Ep 099 | step 1600/1868 | loss=1.0561 | diff=0.5961 | kd=0.4797 | recon=0.4121 | t=126s
  Ep 099 | step 1650/1868 | loss=1.0876 | diff=0.6052 | kd=0.5292 | recon=0.4295 | t=129s
  Ep 099 | step 1700/1868 | loss=1.1083 | diff=0.6011 | kd=0.4787 | recon=0.4593 | t=133s
  Ep 099 | step 1750/1868 | loss=1.0280 | diff=0.5982 | kd=0.6481 | recon=0.3650 | t=137s
  Ep 099 | step 1800/1868 | loss=1.1224 | diff=0.6000 | kd=0.9542 | recon=0.4270 | t=141s
  Ep 099 | step 1850/1868 | loss=1.1828 | diff=0.6845 | kd=0.4877 | recon=0.4495 | t=145s

  ── Epoch 099/200 (189s) ──────────────────────
  Train  loss=1.0586  diff=0.6042  kd=0.4913  recon=0.4053
  Val    loss=1.0538  RMSE=0.4895  MAE=0.4050  lr=5.13e-05
  [BEST] Checkpoint saved → checkpoints/best_model.pth

  Ep 100 | step 0000/1868 | loss=1.0381 | diff=0.5987 | kd=0.2905 | recon=0.4104 | t=1s
  Ep 100 | step 0050/1868 | loss=1.0565 | diff=0.5986 | kd=0.5697 | recon=0.4010 | t=4s
  Ep 100 | step 0100/1868 | loss=1.0609 | diff=0.5953 | kd=0.4212 | recon=0.4235 | t=8s
  Ep 100 | step 0150/1868 | loss=0.9985 | diff=0.6046 | kd=0.4358 | recon=0.3504 | t=12s
  Ep 100 | step 0200/1868 | loss=1.0827 | diff=0.6002 | kd=0.6856 | recon=0.4139 | t=16s
  Ep 100 | step 0250/1868 | loss=1.0304 | diff=0.5981 | kd=0.5728 | recon=0.3750 | t=20s
  Ep 100 | step 0300/1868 | loss=1.0129 | diff=0.6015 | kd=0.5732 | recon=0.3541 | t=24s
  Ep 100 | step 0350/1868 | loss=1.0486 | diff=0.6023 | kd=0.6483 | recon=0.3815 | t=28s
  Ep 100 | step 0400/1868 | loss=1.1281 | diff=0.5994 | kd=0.7206 | recon=0.4566 | t=32s
  Ep 100 | step 0450/1868 | loss=1.0818 | diff=0.5975 | kd=0.3534 | recon=0.4490 | t=36s
  Ep 100 | step 0500/1868 | loss=1.1677 | diff=0.6014 | kd=1.0918 | recon=0.4571 | t=40s
  Ep 100 | step 0550/1868 | loss=1.0743 | diff=0.6250 | kd=0.4543 | recon=0.4039 | t=44s
  Ep 100 | step 0600/1868 | loss=1.0300 | diff=0.6049 | kd=0.4820 | recon=0.3769 | t=48s
  Ep 100 | step 0650/1868 | loss=1.1001 | diff=0.5977 | kd=0.5527 | recon=0.4472 | t=52s
  Ep 100 | step 0700/1868 | loss=1.0650 | diff=0.5987 | kd=0.3047 | recon=0.4359 | t=55s
  Ep 100 | step 0750/1868 | loss=1.0560 | diff=0.5984 | kd=0.4301 | recon=0.4147 | t=59s
  Ep 100 | step 0800/1868 | loss=1.1098 | diff=0.6005 | kd=0.3871 | recon=0.4706 | t=63s
  Ep 100 | step 0850/1868 | loss=1.0439 | diff=0.5988 | kd=0.3306 | recon=0.4120 | t=67s
  Ep 100 | step 0900/1868 | loss=1.0124 | diff=0.5970 | kd=0.4403 | recon=0.3714 | t=71s
  Ep 100 | step 0950/1868 | loss=1.0218 | diff=0.5992 | kd=0.3737 | recon=0.3852 | t=75s
  Ep 100 | step 1000/1868 | loss=0.9909 | diff=0.5978 | kd=0.3696 | recon=0.3562 | t=79s
  Ep 100 | step 1050/1868 | loss=1.0696 | diff=0.6049 | kd=0.5492 | recon=0.4098 | t=83s
  Ep 100 | step 1100/1868 | loss=1.0975 | diff=0.6016 | kd=0.5253 | recon=0.4434 | t=87s
  Ep 100 | step 1150/1868 | loss=1.0168 | diff=0.6067 | kd=0.4688 | recon=0.3632 | t=91s
  Ep 100 | step 1200/1868 | loss=1.0622 | diff=0.6812 | kd=0.3792 | recon=0.3431 | t=95s
  Ep 100 | step 1250/1868 | loss=1.0050 | diff=0.5994 | kd=0.3335 | recon=0.3722 | t=99s
  Ep 100 | step 1300/1868 | loss=1.0491 | diff=0.6002 | kd=0.5796 | recon=0.3910 | t=103s
  Ep 100 | step 1350/1868 | loss=1.0134 | diff=0.6036 | kd=0.3773 | recon=0.3720 | t=106s
  Ep 100 | step 1400/1868 | loss=1.0310 | diff=0.5992 | kd=0.4120 | recon=0.3906 | t=110s
  Ep 100 | step 1450/1868 | loss=1.0844 | diff=0.6055 | kd=0.4299 | recon=0.4359 | t=114s
  Ep 100 | step 1500/1868 | loss=1.0462 | diff=0.5997 | kd=0.4585 | recon=0.4006 | t=118s
  Ep 100 | step 1550/1868 | loss=1.0417 | diff=0.6109 | kd=0.4413 | recon=0.3867 | t=122s
  Ep 100 | step 1600/1868 | loss=1.0137 | diff=0.5981 | kd=0.6315 | recon=0.3525 | t=126s
  Ep 100 | step 1650/1868 | loss=1.0466 | diff=0.6018 | kd=0.3367 | recon=0.4111 | t=130s
  Ep 100 | step 1700/1868 | loss=1.0787 | diff=0.5988 | kd=0.7237 | recon=0.4076 | t=134s
  Ep 100 | step 1750/1868 | loss=1.0168 | diff=0.6022 | kd=0.4034 | recon=0.3742 | t=138s
  Ep 100 | step 1800/1868 | loss=1.1066 | diff=0.5999 | kd=0.5700 | recon=0.4498 | t=142s
  Ep 100 | step 1850/1868 | loss=1.0667 | diff=0.6022 | kd=0.5962 | recon=0.4049 | t=146s

  ── Epoch 100/200 (190s) ──────────────────────
  Train  loss=1.0563  diff=0.6029  kd=0.4807  recon=0.4053
  Val    loss=1.0524  RMSE=0.4895  MAE=0.4050  lr=5.05e-05
  [BEST] Checkpoint saved → checkpoints/best_model.pth
  [EP100] Checkpoint saved → checkpoints/epoch_100.pth

  Ep 101 | step 0000/1868 | loss=1.0518 | diff=0.5968 | kd=0.3040 | recon=0.4246 | t=1s
  Ep 101 | step 0050/1868 | loss=1.1426 | diff=0.6024 | kd=0.3750 | recon=0.5026 | t=4s
  Ep 101 | step 0100/1868 | loss=1.0203 | diff=0.5998 | kd=0.3587 | recon=0.3847 | t=8s
  Ep 101 | step 0150/1868 | loss=1.0653 | diff=0.6657 | kd=0.3375 | recon=0.3658 | t=12s
  Ep 101 | step 0200/1868 | loss=1.0488 | diff=0.6011 | kd=0.3880 | recon=0.4089 | t=16s
  Ep 101 | step 0250/1868 | loss=1.1014 | diff=0.5977 | kd=0.8263 | recon=0.4211 | t=20s
  Ep 101 | step 0300/1868 | loss=0.9844 | diff=0.6016 | kd=0.3701 | recon=0.3459 | t=24s
  Ep 101 | step 0350/1868 | loss=1.0585 | diff=0.6008 | kd=0.4229 | recon=0.4155 | t=28s
  Ep 101 | step 0400/1868 | loss=1.0065 | diff=0.6027 | kd=0.4585 | recon=0.3580 | t=32s
  Ep 101 | step 0450/1868 | loss=1.0088 | diff=0.5959 | kd=0.3972 | recon=0.3732 | t=36s
  Ep 101 | step 0500/1868 | loss=1.1640 | diff=0.6404 | kd=0.3960 | recon=0.4841 | t=40s
  Ep 101 | step 0550/1868 | loss=1.0307 | diff=0.5971 | kd=0.3304 | recon=0.4005 | t=43s
  Ep 101 | step 0600/1868 | loss=1.0708 | diff=0.5988 | kd=0.4978 | recon=0.4222 | t=47s
  Ep 101 | step 0650/1868 | loss=1.0567 | diff=0.5989 | kd=0.4184 | recon=0.4159 | t=51s
  Ep 101 | step 0700/1868 | loss=1.0355 | diff=0.6056 | kd=0.3666 | recon=0.3932 | t=55s
  Ep 101 | step 0750/1868 | loss=0.9988 | diff=0.6004 | kd=0.2981 | recon=0.3686 | t=59s
  Ep 101 | step 0800/1868 | loss=0.9919 | diff=0.5984 | kd=0.4700 | recon=0.3466 | t=63s
  Ep 101 | step 0850/1868 | loss=1.1484 | diff=0.5960 | kd=0.5936 | recon=0.4931 | t=67s
  Ep 101 | step 0900/1868 | loss=0.9888 | diff=0.6004 | kd=0.4209 | recon=0.3463 | t=71s
  Ep 101 | step 0950/1868 | loss=0.9576 | diff=0.6000 | kd=0.3002 | recon=0.3276 | t=75s
  Ep 101 | step 1000/1868 | loss=1.0182 | diff=0.6012 | kd=0.6226 | recon=0.3547 | t=79s
  Ep 101 | step 1050/1868 | loss=1.0017 | diff=0.6247 | kd=0.3635 | recon=0.3407 | t=83s
  Ep 101 | step 1100/1868 | loss=1.0692 | diff=0.6030 | kd=0.4364 | recon=0.4226 | t=87s
  Ep 101 | step 1150/1868 | loss=1.0495 | diff=0.6015 | kd=0.3754 | recon=0.4104 | t=91s
  Ep 101 | step 1200/1868 | loss=1.0129 | diff=0.6012 | kd=0.3808 | recon=0.3736 | t=95s
  Ep 101 | step 1250/1868 | loss=1.0487 | diff=0.6007 | kd=0.4968 | recon=0.3983 | t=98s
  Ep 101 | step 1300/1868 | loss=1.0391 | diff=0.6405 | kd=0.3920 | recon=0.3593 | t=102s
  Ep 101 | step 1350/1868 | loss=0.9686 | diff=0.5985 | kd=0.4243 | recon=0.3277 | t=106s
  Ep 101 | step 1400/1868 | loss=1.0770 | diff=0.6019 | kd=0.5326 | recon=0.4219 | t=110s
  Ep 101 | step 1450/1868 | loss=1.0932 | diff=0.6093 | kd=0.6309 | recon=0.4208 | t=114s
  Ep 101 | step 1500/1868 | loss=0.9932 | diff=0.6018 | kd=0.4076 | recon=0.3507 | t=118s
  Ep 101 | step 1550/1868 | loss=0.9880 | diff=0.5972 | kd=0.3156 | recon=0.3592 | t=122s
  Ep 101 | step 1600/1868 | loss=1.0541 | diff=0.5938 | kd=0.5003 | recon=0.4102 | t=126s
  Ep 101 | step 1650/1868 | loss=1.1539 | diff=0.5980 | kd=0.6593 | recon=0.4899 | t=130s
  Ep 101 | step 1700/1868 | loss=0.9865 | diff=0.5996 | kd=0.4760 | recon=0.3392 | t=134s
  Ep 101 | step 1750/1868 | loss=1.1021 | diff=0.5958 | kd=0.3229 | recon=0.4740 | t=138s
  Ep 101 | step 1800/1868 | loss=1.0219 | diff=0.6008 | kd=0.5191 | recon=0.3692 | t=142s
  Ep 101 | step 1850/1868 | loss=1.0260 | diff=0.5963 | kd=0.4233 | recon=0.3874 | t=145s

  ── Epoch 101/200 (189s) ──────────────────────
  Train  loss=1.0555  diff=0.6024  kd=0.4777  recon=0.4053
  Val    loss=1.0513  RMSE=0.4895  MAE=0.4050  lr=4.97e-05
  [BEST] Checkpoint saved → checkpoints/best_model.pth

  Ep 102 | step 0000/1868 | loss=1.1092 | diff=0.5988 | kd=0.4218 | recon=0.4682 | t=1s
  Ep 102 | step 0050/1868 | loss=0.9694 | diff=0.6058 | kd=0.3405 | recon=0.3296 | t=4s
  Ep 102 | step 0100/1868 | loss=1.1746 | diff=0.6015 | kd=0.5078 | recon=0.5223 | t=8s
  Ep 102 | step 0150/1868 | loss=1.1199 | diff=0.5978 | kd=0.4364 | recon=0.4785 | t=12s
  Ep 102 | step 0200/1868 | loss=1.0489 | diff=0.5967 | kd=0.4940 | recon=0.4027 | t=16s
  Ep 102 | step 0250/1868 | loss=1.0195 | diff=0.6008 | kd=0.3949 | recon=0.3792 | t=20s
  Ep 102 | step 0300/1868 | loss=1.0527 | diff=0.6030 | kd=0.4527 | recon=0.4045 | t=24s
  Ep 102 | step 0350/1868 | loss=1.0071 | diff=0.5955 | kd=0.5631 | recon=0.3553 | t=28s
  Ep 102 | step 0400/1868 | loss=1.0701 | diff=0.5923 | kd=0.6478 | recon=0.4130 | t=32s
  Ep 102 | step 0450/1868 | loss=1.0607 | diff=0.5972 | kd=0.3824 | recon=0.4253 | t=36s
  Ep 102 | step 0500/1868 | loss=0.9951 | diff=0.5992 | kd=0.4599 | recon=0.3500 | t=40s
  Ep 102 | step 0550/1868 | loss=1.0455 | diff=0.6045 | kd=0.4887 | recon=0.3921 | t=44s
  Ep 102 | step 0600/1868 | loss=1.0574 | diff=0.6084 | kd=0.7046 | recon=0.3785 | t=48s
  Ep 102 | step 0650/1868 | loss=1.0207 | diff=0.6052 | kd=0.2895 | recon=0.3866 | t=52s
  Ep 102 | step 0700/1868 | loss=1.1477 | diff=0.5994 | kd=0.4487 | recon=0.5035 | t=55s
  Ep 102 | step 0750/1868 | loss=1.1209 | diff=0.6255 | kd=0.4556 | recon=0.4498 | t=59s
  Ep 102 | step 0800/1868 | loss=1.0471 | diff=0.5943 | kd=0.3692 | recon=0.4159 | t=63s
  Ep 102 | step 0850/1868 | loss=1.0716 | diff=0.5990 | kd=0.4829 | recon=0.4243 | t=67s
  Ep 102 | step 0900/1868 | loss=1.0250 | diff=0.6086 | kd=0.5261 | recon=0.3638 | t=71s
  Ep 102 | step 0950/1868 | loss=1.0759 | diff=0.5985 | kd=0.5712 | recon=0.4203 | t=75s
  Ep 102 | step 1000/1868 | loss=1.0212 | diff=0.6060 | kd=0.3756 | recon=0.3776 | t=79s
  Ep 102 | step 1050/1868 | loss=1.0441 | diff=0.6013 | kd=0.3661 | recon=0.4062 | t=83s
  Ep 102 | step 1100/1868 | loss=1.1040 | diff=0.5974 | kd=0.3818 | recon=0.4684 | t=87s
  Ep 102 | step 1150/1868 | loss=1.0445 | diff=0.6020 | kd=0.4091 | recon=0.4016 | t=91s
  Ep 102 | step 1200/1868 | loss=1.0525 | diff=0.5989 | kd=0.5449 | recon=0.3991 | t=94s
  Ep 102 | step 1250/1868 | loss=1.0682 | diff=0.5993 | kd=0.5006 | recon=0.4189 | t=98s
  Ep 102 | step 1300/1868 | loss=1.0772 | diff=0.5989 | kd=0.5395 | recon=0.4243 | t=102s
  Ep 102 | step 1350/1868 | loss=1.1124 | diff=0.5996 | kd=0.5526 | recon=0.4575 | t=106s
  Ep 102 | step 1400/1868 | loss=0.9937 | diff=0.5987 | kd=0.4294 | recon=0.3520 | t=110s
  Ep 102 | step 1450/1868 | loss=1.0146 | diff=0.5985 | kd=0.5075 | recon=0.3653 | t=114s
  Ep 102 | step 1500/1868 | loss=1.0472 | diff=0.5990 | kd=0.8562 | recon=0.3626 | t=118s
  Ep 102 | step 1550/1868 | loss=1.1321 | diff=0.5973 | kd=1.0745 | recon=0.4273 | t=122s
  Ep 102 | step 1600/1868 | loss=0.9930 | diff=0.5963 | kd=0.3393 | recon=0.3627 | t=126s
  Ep 102 | step 1650/1868 | loss=1.0846 | diff=0.6015 | kd=0.3574 | recon=0.4473 | t=130s
  Ep 102 | step 1700/1868 | loss=0.9839 | diff=0.5976 | kd=0.3861 | recon=0.3477 | t=134s
  Ep 102 | step 1750/1868 | loss=1.0469 | diff=0.5983 | kd=0.5338 | recon=0.3951 | t=138s
  Ep 102 | step 1800/1868 | loss=1.0413 | diff=0.5985 | kd=0.3509 | recon=0.4077 | t=141s
  Ep 102 | step 1850/1868 | loss=1.0688 | diff=0.5985 | kd=0.3993 | recon=0.4304 | t=145s

  ── Epoch 102/200 (189s) ──────────────────────
  Train  loss=1.0547  diff=0.6022  kd=0.4715  recon=0.4053
  Val    loss=1.0498  RMSE=0.4895  MAE=0.4050  lr=4.89e-05
  [BEST] Checkpoint saved → checkpoints/best_model.pth

  Ep 103 | step 0000/1868 | loss=1.0811 | diff=0.6010 | kd=0.3532 | recon=0.4448 | t=1s
  Ep 103 | step 0050/1868 | loss=1.0432 | diff=0.5979 | kd=0.3850 | recon=0.4069 | t=5s
  Ep 103 | step 0100/1868 | loss=1.0324 | diff=0.6027 | kd=0.3922 | recon=0.3904 | t=8s
  Ep 103 | step 0150/1868 | loss=1.0797 | diff=0.6002 | kd=0.3872 | recon=0.4408 | t=12s
  Ep 103 | step 0200/1868 | loss=1.0488 | diff=0.5996 | kd=0.5081 | recon=0.3985 | t=16s
  Ep 103 | step 0250/1868 | loss=1.1236 | diff=0.5999 | kd=0.3972 | recon=0.4840 | t=20s
  Ep 103 | step 0300/1868 | loss=1.0879 | diff=0.5971 | kd=0.9134 | recon=0.3994 | t=24s
  Ep 103 | step 0350/1868 | loss=1.1133 | diff=0.5984 | kd=0.9138 | recon=0.4235 | t=28s
  Ep 103 | step 0400/1868 | loss=1.0393 | diff=0.5986 | kd=0.4200 | recon=0.3987 | t=32s
  Ep 103 | step 0450/1868 | loss=1.1453 | diff=0.6031 | kd=0.7265 | recon=0.4696 | t=36s
  Ep 103 | step 0500/1868 | loss=1.0144 | diff=0.5985 | kd=0.3914 | recon=0.3768 | t=40s
  Ep 103 | step 0550/1868 | loss=1.0738 | diff=0.5981 | kd=0.4352 | recon=0.4321 | t=44s
  Ep 103 | step 0600/1868 | loss=1.0204 | diff=0.5985 | kd=0.3589 | recon=0.3860 | t=48s
  Ep 103 | step 0650/1868 | loss=1.0621 | diff=0.5993 | kd=0.4648 | recon=0.4163 | t=52s
  Ep 103 | step 0700/1868 | loss=1.0241 | diff=0.6019 | kd=0.3773 | recon=0.3845 | t=56s
  Ep 103 | step 0750/1868 | loss=1.0281 | diff=0.5995 | kd=0.4502 | recon=0.3836 | t=60s
  Ep 103 | step 0800/1868 | loss=0.9899 | diff=0.6015 | kd=0.4431 | recon=0.3441 | t=64s
  Ep 103 | step 0850/1868 | loss=1.0996 | diff=0.6005 | kd=0.4974 | recon=0.4493 | t=68s
  Ep 103 | step 0900/1868 | loss=1.0659 | diff=0.5987 | kd=0.4544 | recon=0.4218 | t=72s
  Ep 103 | step 0950/1868 | loss=1.1404 | diff=0.5983 | kd=0.3526 | recon=0.5068 | t=75s
  Ep 103 | step 1000/1868 | loss=0.9841 | diff=0.6007 | kd=0.3952 | recon=0.3439 | t=79s
  Ep 103 | step 1050/1868 | loss=1.0707 | diff=0.6022 | kd=0.2969 | recon=0.4388 | t=83s
  Ep 103 | step 1100/1868 | loss=1.0686 | diff=0.5983 | kd=0.4500 | recon=0.4253 | t=87s
  Ep 103 | step 1150/1868 | loss=1.0028 | diff=0.6014 | kd=0.3675 | recon=0.3646 | t=91s
  Ep 103 | step 1200/1868 | loss=0.9928 | diff=0.5950 | kd=0.4838 | recon=0.3495 | t=95s
  Ep 103 | step 1250/1868 | loss=1.0323 | diff=0.5969 | kd=0.5586 | recon=0.3795 | t=99s
  Ep 103 | step 1300/1868 | loss=1.0654 | diff=0.6002 | kd=0.4831 | recon=0.4169 | t=103s
  Ep 103 | step 1350/1868 | loss=1.0535 | diff=0.5966 | kd=0.4205 | recon=0.4149 | t=107s
  Ep 103 | step 1400/1868 | loss=1.0319 | diff=0.5992 | kd=0.4786 | recon=0.3849 | t=111s
  Ep 103 | step 1450/1868 | loss=0.9711 | diff=0.5993 | kd=0.4257 | recon=0.3293 | t=115s
  Ep 103 | step 1500/1868 | loss=1.0125 | diff=0.6006 | kd=0.4070 | recon=0.3712 | t=119s
  Ep 103 | step 1550/1868 | loss=1.1436 | diff=0.5951 | kd=0.4085 | recon=0.5077 | t=123s
  Ep 103 | step 1600/1868 | loss=1.0837 | diff=0.5984 | kd=0.3691 | recon=0.4483 | t=127s
  Ep 103 | step 1650/1868 | loss=0.9792 | diff=0.5972 | kd=0.3907 | recon=0.3429 | t=131s
  Ep 103 | step 1700/1868 | loss=1.0372 | diff=0.5977 | kd=0.6555 | recon=0.3740 | t=135s
  Ep 103 | step 1750/1868 | loss=1.0744 | diff=0.5997 | kd=0.6653 | recon=0.4082 | t=139s
  Ep 103 | step 1800/1868 | loss=1.1101 | diff=0.5990 | kd=0.5397 | recon=0.4572 | t=142s
  Ep 103 | step 1850/1868 | loss=1.0693 | diff=0.5988 | kd=0.3893 | recon=0.4316 | t=146s

  ── Epoch 103/200 (191s) ──────────────────────
  Train  loss=1.0542  diff=0.6016  kd=0.4730  recon=0.4053
  Val    loss=1.0528  RMSE=0.4895  MAE=0.4050  lr=4.82e-05

  Ep 104 | step 0000/1868 | loss=1.0060 | diff=0.5976 | kd=0.3381 | recon=0.3745 | t=1s
  Ep 104 | step 0050/1868 | loss=1.0260 | diff=0.6086 | kd=0.3607 | recon=0.3813 | t=4s
  Ep 104 | step 0100/1868 | loss=1.0106 | diff=0.6154 | kd=0.4151 | recon=0.3537 | t=8s
  Ep 104 | step 0150/1868 | loss=0.9973 | diff=0.5990 | kd=0.4301 | recon=0.3553 | t=12s
  Ep 104 | step 0200/1868 | loss=1.0231 | diff=0.6010 | kd=0.6466 | recon=0.3574 | t=16s
  Ep 104 | step 0250/1868 | loss=1.0706 | diff=0.5961 | kd=0.7102 | recon=0.4034 | t=20s
  Ep 104 | step 0300/1868 | loss=0.9898 | diff=0.5991 | kd=0.4054 | recon=0.3501 | t=24s
  Ep 104 | step 0350/1868 | loss=1.0681 | diff=0.6062 | kd=0.4532 | recon=0.4166 | t=28s
  Ep 104 | step 0400/1868 | loss=1.0938 | diff=0.6024 | kd=0.4450 | recon=0.4470 | t=32s
  Ep 104 | step 0450/1868 | loss=1.0653 | diff=0.6017 | kd=0.4532 | recon=0.4182 | t=36s
  Ep 104 | step 0500/1868 | loss=1.0435 | diff=0.5987 | kd=0.3327 | recon=0.4115 | t=40s
  Ep 104 | step 0550/1868 | loss=1.0967 | diff=0.5990 | kd=0.4293 | recon=0.4549 | t=43s
  Ep 104 | step 0600/1868 | loss=1.0118 | diff=0.6011 | kd=0.4475 | recon=0.3659 | t=47s
  Ep 104 | step 0650/1868 | loss=1.0180 | diff=0.5962 | kd=0.4018 | recon=0.3816 | t=51s
  Ep 104 | step 0700/1868 | loss=1.0533 | diff=0.5983 | kd=0.3787 | recon=0.4172 | t=55s
  Ep 104 | step 0750/1868 | loss=1.0405 | diff=0.6017 | kd=0.4965 | recon=0.3891 | t=59s
  Ep 104 | step 0800/1868 | loss=1.0058 | diff=0.6011 | kd=0.5484 | recon=0.3498 | t=63s
  Ep 104 | step 0850/1868 | loss=1.0848 | diff=0.5972 | kd=0.5108 | recon=0.4365 | t=67s
  Ep 104 | step 0900/1868 | loss=1.1213 | diff=0.6892 | kd=0.5029 | recon=0.3818 | t=71s
  Ep 104 | step 0950/1868 | loss=1.0606 | diff=0.6017 | kd=0.4164 | recon=0.4173 | t=75s
  Ep 104 | step 1000/1868 | loss=1.0871 | diff=0.5987 | kd=0.4737 | recon=0.4411 | t=78s
  Ep 104 | step 1050/1868 | loss=1.1204 | diff=0.6063 | kd=0.5829 | recon=0.4558 | t=82s
  Ep 104 | step 1100/1868 | loss=1.0241 | diff=0.5969 | kd=0.5813 | recon=0.3691 | t=86s
  Ep 104 | step 1150/1868 | loss=0.9810 | diff=0.5981 | kd=0.4787 | recon=0.3350 | t=90s
  Ep 104 | step 1200/1868 | loss=1.0067 | diff=0.5988 | kd=0.4885 | recon=0.3591 | t=94s
  Ep 104 | step 1250/1868 | loss=1.0843 | diff=0.6035 | kd=0.5489 | recon=0.4258 | t=98s
  Ep 104 | step 1300/1868 | loss=1.0932 | diff=0.6003 | kd=0.5636 | recon=0.4365 | t=102s
  Ep 104 | step 1350/1868 | loss=0.9922 | diff=0.6028 | kd=0.4676 | recon=0.3427 | t=105s
  Ep 104 | step 1400/1868 | loss=1.0286 | diff=0.5981 | kd=0.5973 | recon=0.3708 | t=109s
  Ep 104 | step 1450/1868 | loss=1.1155 | diff=0.6302 | kd=0.4664 | recon=0.4387 | t=113s
  Ep 104 | step 1500/1868 | loss=0.9443 | diff=0.5995 | kd=0.4302 | recon=0.3018 | t=117s
  Ep 104 | step 1550/1868 | loss=1.1915 | diff=0.6251 | kd=0.7637 | recon=0.4900 | t=121s
  Ep 104 | step 1600/1868 | loss=1.1007 | diff=0.6703 | kd=0.4566 | recon=0.3848 | t=125s
  Ep 104 | step 1650/1868 | loss=1.1106 | diff=0.5977 | kd=0.6483 | recon=0.4480 | t=129s
  Ep 104 | step 1700/1868 | loss=0.9783 | diff=0.5981 | kd=0.3504 | recon=0.3451 | t=132s
  Ep 104 | step 1750/1868 | loss=1.0068 | diff=0.6007 | kd=0.2858 | recon=0.3776 | t=136s
  Ep 104 | step 1800/1868 | loss=1.0974 | diff=0.6035 | kd=0.4344 | recon=0.4504 | t=140s
  Ep 104 | step 1850/1868 | loss=0.9916 | diff=0.5983 | kd=0.3319 | recon=0.3601 | t=144s

  ── Epoch 104/200 (188s) ──────────────────────
  Train  loss=1.0553  diff=0.6031  kd=0.4683  recon=0.4053
  Val    loss=1.0508  RMSE=0.4895  MAE=0.4050  lr=4.74e-05

  Ep 105 | step 0000/1868 | loss=1.0478 | diff=0.6168 | kd=0.4300 | recon=0.3880 | t=1s
  Ep 105 | step 0050/1868 | loss=1.0676 | diff=0.5976 | kd=0.4291 | recon=0.4271 | t=4s
  Ep 105 | step 0100/1868 | loss=1.0807 | diff=0.6015 | kd=0.3893 | recon=0.4403 | t=8s
  Ep 105 | step 0150/1868 | loss=1.0293 | diff=0.5976 | kd=0.4293 | recon=0.3888 | t=12s
  Ep 105 | step 0200/1868 | loss=1.0315 | diff=0.5939 | kd=0.3025 | recon=0.4073 | t=16s
  Ep 105 | step 0250/1868 | loss=1.0860 | diff=0.5961 | kd=0.4494 | recon=0.4449 | t=20s
  Ep 105 | step 0300/1868 | loss=1.0110 | diff=0.5970 | kd=0.4296 | recon=0.3710 | t=24s
  Ep 105 | step 0350/1868 | loss=1.0481 | diff=0.5983 | kd=0.3091 | recon=0.4189 | t=28s
  Ep 105 | step 0400/1868 | loss=1.0693 | diff=0.6187 | kd=0.4608 | recon=0.4045 | t=32s
  Ep 105 | step 0450/1868 | loss=1.0962 | diff=0.6005 | kd=0.6903 | recon=0.4267 | t=35s
  Ep 105 | step 0500/1868 | loss=1.0446 | diff=0.5988 | kd=0.3993 | recon=0.4058 | t=39s
  Ep 105 | step 0550/1868 | loss=1.0294 | diff=0.6000 | kd=0.4288 | recon=0.3866 | t=43s
  Ep 105 | step 0600/1868 | loss=1.0428 | diff=0.6044 | kd=0.5030 | recon=0.3881 | t=47s
  Ep 105 | step 0650/1868 | loss=1.0721 | diff=0.5989 | kd=0.5287 | recon=0.4203 | t=51s
  Ep 105 | step 0700/1868 | loss=1.0045 | diff=0.5982 | kd=0.4236 | recon=0.3640 | t=55s
  Ep 105 | step 0750/1868 | loss=1.1601 | diff=0.6057 | kd=0.7882 | recon=0.4755 | t=59s
  Ep 105 | step 0800/1868 | loss=1.1122 | diff=0.5932 | kd=0.4303 | recon=0.4760 | t=63s
  Ep 105 | step 0850/1868 | loss=1.0232 | diff=0.5962 | kd=0.3373 | recon=0.3933 | t=67s
  Ep 105 | step 0900/1868 | loss=1.0794 | diff=0.5992 | kd=0.4244 | recon=0.4377 | t=70s
  Ep 105 | step 0950/1868 | loss=0.9874 | diff=0.6016 | kd=0.4805 | recon=0.3378 | t=74s
  Ep 105 | step 1000/1868 | loss=1.0667 | diff=0.6036 | kd=0.5126 | recon=0.4119 | t=78s
  Ep 105 | step 1050/1868 | loss=1.0847 | diff=0.5993 | kd=0.5655 | recon=0.4289 | t=82s
  Ep 105 | step 1100/1868 | loss=1.0886 | diff=0.6023 | kd=0.5039 | recon=0.4358 | t=86s
  Ep 105 | step 1150/1868 | loss=0.9316 | diff=0.5960 | kd=0.3445 | recon=0.3012 | t=90s
  Ep 105 | step 1200/1868 | loss=1.0465 | diff=0.5991 | kd=0.2987 | recon=0.4176 | t=94s
  Ep 105 | step 1250/1868 | loss=1.1114 | diff=0.5973 | kd=0.4326 | recon=0.4708 | t=98s
  Ep 105 | step 1300/1868 | loss=1.1039 | diff=0.5993 | kd=0.5826 | recon=0.4463 | t=102s
  Ep 105 | step 1350/1868 | loss=1.1027 | diff=0.6018 | kd=0.4900 | recon=0.4520 | t=106s
  Ep 105 | step 1400/1868 | loss=1.0872 | diff=0.6015 | kd=0.4136 | recon=0.4444 | t=109s
  Ep 105 | step 1450/1868 | loss=0.9879 | diff=0.5961 | kd=0.4413 | recon=0.3477 | t=113s
  Ep 105 | step 1500/1868 | loss=1.0726 | diff=0.6005 | kd=0.3279 | recon=0.4393 | t=117s
  Ep 105 | step 1550/1868 | loss=1.0466 | diff=0.5959 | kd=0.3989 | recon=0.4108 | t=121s
  Ep 105 | step 1600/1868 | loss=0.9821 | diff=0.5942 | kd=0.4579 | recon=0.3420 | t=125s
  Ep 105 | step 1650/1868 | loss=1.0032 | diff=0.5983 | kd=0.3374 | recon=0.3712 | t=129s
  Ep 105 | step 1700/1868 | loss=1.1137 | diff=0.6002 | kd=0.3981 | recon=0.4737 | t=133s
  Ep 105 | step 1750/1868 | loss=1.0606 | diff=0.5981 | kd=0.3309 | recon=0.4294 | t=137s
  Ep 105 | step 1800/1868 | loss=1.0298 | diff=0.5999 | kd=0.3518 | recon=0.3947 | t=141s
  Ep 105 | step 1850/1868 | loss=1.0051 | diff=0.5952 | kd=0.4318 | recon=0.3667 | t=144s

  ── Epoch 105/200 (188s) ──────────────────────
  Train  loss=1.0537  diff=0.6014  kd=0.4690  recon=0.4054
  Val    loss=1.0495  RMSE=0.4895  MAE=0.4050  lr=4.66e-05
  [BEST] Checkpoint saved → checkpoints/best_model.pth

  Ep 106 | step 0000/1868 | loss=0.9804 | diff=0.5977 | kd=0.5427 | recon=0.3284 | t=1s
  Ep 106 | step 0050/1868 | loss=0.9953 | diff=0.5962 | kd=0.3771 | recon=0.3614 | t=4s
  Ep 106 | step 0100/1868 | loss=0.9649 | diff=0.6021 | kd=0.4231 | recon=0.3205 | t=8s
  Ep 106 | step 0150/1868 | loss=1.0513 | diff=0.5994 | kd=0.4917 | recon=0.4027 | t=12s
  Ep 106 | step 0200/1868 | loss=1.1143 | diff=0.5980 | kd=0.4971 | recon=0.4666 | t=16s
  Ep 106 | step 0250/1868 | loss=1.1214 | diff=0.6000 | kd=0.4913 | recon=0.4722 | t=20s
  Ep 106 | step 0300/1868 | loss=1.1495 | diff=0.5987 | kd=0.4639 | recon=0.5045 | t=24s
  Ep 106 | step 0350/1868 | loss=1.0683 | diff=0.5988 | kd=0.4331 | recon=0.4262 | t=28s
  Ep 106 | step 0400/1868 | loss=1.0729 | diff=0.6280 | kd=0.3963 | recon=0.4053 | t=32s
  Ep 106 | step 0450/1868 | loss=1.0131 | diff=0.5989 | kd=0.3888 | recon=0.3753 | t=36s
  Ep 106 | step 0500/1868 | loss=0.9641 | diff=0.5937 | kd=0.3466 | recon=0.3357 | t=40s
  Ep 106 | step 0550/1868 | loss=1.0119 | diff=0.6020 | kd=0.4220 | recon=0.3676 | t=44s
  Ep 106 | step 0600/1868 | loss=1.0298 | diff=0.6004 | kd=0.4125 | recon=0.3881 | t=48s
  Ep 106 | step 0650/1868 | loss=1.0226 | diff=0.5963 | kd=0.3243 | recon=0.3939 | t=52s
  Ep 106 | step 0700/1868 | loss=0.9949 | diff=0.5971 | kd=0.4391 | recon=0.3539 | t=56s
  Ep 106 | step 0750/1868 | loss=1.0914 | diff=0.6065 | kd=0.4354 | recon=0.4413 | t=60s
  Ep 106 | step 0800/1868 | loss=1.0228 | diff=0.6001 | kd=0.5469 | recon=0.3680 | t=63s
  Ep 106 | step 0850/1868 | loss=1.0302 | diff=0.5957 | kd=0.3712 | recon=0.3974 | t=67s
  Ep 106 | step 0900/1868 | loss=1.0403 | diff=0.5983 | kd=0.5515 | recon=0.3869 | t=71s
  Ep 106 | step 0950/1868 | loss=1.0283 | diff=0.5975 | kd=0.2944 | recon=0.4014 | t=75s
  Ep 106 | step 1000/1868 | loss=1.0119 | diff=0.6041 | kd=0.3721 | recon=0.3706 | t=79s
  Ep 106 | step 1050/1868 | loss=1.0544 | diff=0.6042 | kd=0.4006 | recon=0.4101 | t=83s
  Ep 106 | step 1100/1868 | loss=1.0329 | diff=0.5966 | kd=0.5373 | recon=0.3826 | t=87s
  Ep 106 | step 1150/1868 | loss=1.0643 | diff=0.5961 | kd=0.3674 | recon=0.4315 | t=91s
  Ep 106 | step 1200/1868 | loss=1.0128 | diff=0.6032 | kd=0.4527 | recon=0.3642 | t=95s
  Ep 106 | step 1250/1868 | loss=1.0783 | diff=0.6003 | kd=0.5263 | recon=0.4254 | t=99s
  Ep 106 | step 1300/1868 | loss=1.0782 | diff=0.6001 | kd=0.3817 | recon=0.4399 | t=103s
  Ep 106 | step 1350/1868 | loss=1.0238 | diff=0.5972 | kd=0.5747 | recon=0.3691 | t=107s
  Ep 106 | step 1400/1868 | loss=1.0723 | diff=0.5942 | kd=0.4055 | recon=0.4375 | t=111s
  Ep 106 | step 1450/1868 | loss=1.0288 | diff=0.6105 | kd=0.4655 | recon=0.3717 | t=115s
  Ep 106 | step 1500/1868 | loss=1.1445 | diff=0.5979 | kd=0.3452 | recon=0.5121 | t=119s
  Ep 106 | step 1550/1868 | loss=1.1806 | diff=0.6022 | kd=0.4832 | recon=0.5301 | t=123s
  Ep 106 | step 1600/1868 | loss=0.9923 | diff=0.6034 | kd=0.6141 | recon=0.3275 | t=127s
  Ep 106 | step 1650/1868 | loss=1.0406 | diff=0.5961 | kd=0.3775 | recon=0.4067 | t=131s
  Ep 106 | step 1700/1868 | loss=1.0350 | diff=0.5977 | kd=0.3185 | recon=0.4054 | t=134s
  Ep 106 | step 1750/1868 | loss=0.9640 | diff=0.5959 | kd=0.4170 | recon=0.3264 | t=138s
  Ep 106 | step 1800/1868 | loss=1.0749 | diff=0.5996 | kd=0.6147 | recon=0.4138 | t=142s
  Ep 106 | step 1850/1868 | loss=1.0074 | diff=0.5970 | kd=0.5968 | recon=0.3507 | t=146s

  ── Epoch 106/200 (190s) ──────────────────────
  Train  loss=1.0538  diff=0.6017  kd=0.4683  recon=0.4053
  Val    loss=1.0510  RMSE=0.4895  MAE=0.4050  lr=4.58e-05

  Ep 107 | step 0000/1868 | loss=1.0703 | diff=0.6079 | kd=0.4839 | recon=0.4141 | t=1s
  Ep 107 | step 0050/1868 | loss=1.0459 | diff=0.5957 | kd=0.4543 | recon=0.4048 | t=5s
  Ep 107 | step 0100/1868 | loss=0.9931 | diff=0.6015 | kd=0.3929 | recon=0.3522 | t=8s
  Ep 107 | step 0150/1868 | loss=1.0118 | diff=0.5984 | kd=0.4208 | recon=0.3714 | t=12s
  Ep 107 | step 0200/1868 | loss=1.0957 | diff=0.5939 | kd=0.9660 | recon=0.4052 | t=16s
  Ep 107 | step 0250/1868 | loss=1.0624 | diff=0.6459 | kd=0.4016 | recon=0.3763 | t=20s
  Ep 107 | step 0300/1868 | loss=0.9796 | diff=0.6087 | kd=0.3535 | recon=0.3356 | t=24s
  Ep 107 | step 0350/1868 | loss=1.0593 | diff=0.6011 | kd=0.3976 | recon=0.4184 | t=28s
  Ep 107 | step 0400/1868 | loss=1.0883 | diff=0.6049 | kd=0.5158 | recon=0.4318 | t=32s
  Ep 107 | step 0450/1868 | loss=1.1230 | diff=0.5987 | kd=0.4251 | recon=0.4818 | t=36s
  Ep 107 | step 0500/1868 | loss=0.9745 | diff=0.5983 | kd=0.3151 | recon=0.3447 | t=40s
  Ep 107 | step 0550/1868 | loss=1.0561 | diff=0.6042 | kd=0.4541 | recon=0.4065 | t=44s
  Ep 107 | step 0600/1868 | loss=1.0088 | diff=0.5988 | kd=0.4221 | recon=0.3679 | t=48s
  Ep 107 | step 0650/1868 | loss=1.0547 | diff=0.5977 | kd=0.3304 | recon=0.4240 | t=51s
  Ep 107 | step 0700/1868 | loss=1.1168 | diff=0.6027 | kd=0.3396 | recon=0.4802 | t=55s
  Ep 107 | step 0750/1868 | loss=1.0682 | diff=0.5982 | kd=0.4850 | recon=0.4216 | t=59s
  Ep 107 | step 0800/1868 | loss=1.1491 | diff=0.6000 | kd=0.5435 | recon=0.4947 | t=63s
  Ep 107 | step 0850/1868 | loss=1.0000 | diff=0.6016 | kd=0.3784 | recon=0.3606 | t=67s
  Ep 107 | step 0900/1868 | loss=1.0905 | diff=0.5967 | kd=0.3990 | recon=0.4539 | t=71s
  Ep 107 | step 0950/1868 | loss=1.0956 | diff=0.5995 | kd=0.6071 | recon=0.4353 | t=75s
  Ep 107 | step 1000/1868 | loss=1.0691 | diff=0.6040 | kd=0.3249 | recon=0.4326 | t=79s
  Ep 107 | step 1050/1868 | loss=1.1004 | diff=0.5992 | kd=0.9341 | recon=0.4077 | t=83s
  Ep 107 | step 1100/1868 | loss=1.0641 | diff=0.6004 | kd=0.4532 | recon=0.4184 | t=87s
  Ep 107 | step 1150/1868 | loss=1.0085 | diff=0.6025 | kd=0.3772 | recon=0.3682 | t=91s
  Ep 107 | step 1200/1868 | loss=1.0743 | diff=0.5989 | kd=0.5141 | recon=0.4240 | t=95s
  Ep 107 | step 1250/1868 | loss=1.1283 | diff=0.6029 | kd=0.4829 | recon=0.4771 | t=99s
  Ep 107 | step 1300/1868 | loss=1.0315 | diff=0.5993 | kd=0.2930 | recon=0.4029 | t=102s
  Ep 107 | step 1350/1868 | loss=0.9957 | diff=0.6002 | kd=0.3146 | recon=0.3640 | t=106s
  Ep 107 | step 1400/1868 | loss=1.0625 | diff=0.6029 | kd=0.4945 | recon=0.4102 | t=110s
  Ep 107 | step 1450/1868 | loss=1.0854 | diff=0.6042 | kd=0.3810 | recon=0.4431 | t=114s
  Ep 107 | step 1500/1868 | loss=0.9767 | diff=0.5979 | kd=0.3908 | recon=0.3397 | t=118s
  Ep 107 | step 1550/1868 | loss=1.0671 | diff=0.6184 | kd=0.4576 | recon=0.4030 | t=122s
  Ep 107 | step 1600/1868 | loss=1.0533 | diff=0.6471 | kd=0.5863 | recon=0.3476 | t=126s
  Ep 107 | step 1650/1868 | loss=1.0585 | diff=0.5991 | kd=0.7777 | recon=0.3817 | t=130s
  Ep 107 | step 1700/1868 | loss=1.1079 | diff=0.5975 | kd=0.3849 | recon=0.4720 | t=134s
  Ep 107 | step 1750/1868 | loss=1.0268 | diff=0.5952 | kd=0.3973 | recon=0.3919 | t=138s
  Ep 107 | step 1800/1868 | loss=1.0642 | diff=0.6373 | kd=0.3449 | recon=0.3925 | t=141s
  Ep 107 | step 1850/1868 | loss=1.1556 | diff=0.6005 | kd=0.3871 | recon=0.5163 | t=145s

  ── Epoch 107/200 (190s) ──────────────────────
  Train  loss=1.0535  diff=0.6017  kd=0.4650  recon=0.4053
  Val    loss=1.0538  RMSE=0.4895  MAE=0.4050  lr=4.51e-05

  Ep 108 | step 0000/1868 | loss=1.0759 | diff=0.6003 | kd=0.9278 | recon=0.3828 | t=1s
  Ep 108 | step 0050/1868 | loss=1.0882 | diff=0.6028 | kd=0.4427 | recon=0.4412 | t=4s
  Ep 108 | step 0100/1868 | loss=1.0448 | diff=0.5934 | kd=0.3940 | recon=0.4120 | t=8s
  Ep 108 | step 0150/1868 | loss=1.0209 | diff=0.6048 | kd=0.4297 | recon=0.3732 | t=12s
  Ep 108 | step 0200/1868 | loss=1.0534 | diff=0.6059 | kd=0.4789 | recon=0.3996 | t=16s
  Ep 108 | step 0250/1868 | loss=0.9944 | diff=0.5944 | kd=0.4142 | recon=0.3585 | t=20s
  Ep 108 | step 0300/1868 | loss=1.0663 | diff=0.5978 | kd=0.5176 | recon=0.4168 | t=24s
  Ep 108 | step 0350/1868 | loss=1.0400 | diff=0.6020 | kd=0.4146 | recon=0.3966 | t=28s
  Ep 108 | step 0400/1868 | loss=1.0071 | diff=0.6000 | kd=0.4253 | recon=0.3646 | t=32s
  Ep 108 | step 0450/1868 | loss=1.0467 | diff=0.5958 | kd=0.5695 | recon=0.3939 | t=36s
  Ep 108 | step 0500/1868 | loss=0.9939 | diff=0.6038 | kd=0.2718 | recon=0.3628 | t=40s
  Ep 108 | step 0550/1868 | loss=0.9692 | diff=0.5954 | kd=0.2900 | recon=0.3449 | t=44s
  Ep 108 | step 0600/1868 | loss=1.0055 | diff=0.5981 | kd=0.3700 | recon=0.3704 | t=48s
  Ep 108 | step 0650/1868 | loss=0.9958 | diff=0.5949 | kd=0.2984 | recon=0.3710 | t=52s
  Ep 108 | step 0700/1868 | loss=1.0685 | diff=0.6053 | kd=0.4251 | recon=0.4207 | t=56s
  Ep 108 | step 0750/1868 | loss=1.0424 | diff=0.5996 | kd=0.3905 | recon=0.4037 | t=60s
  Ep 108 | step 0800/1868 | loss=0.9926 | diff=0.5971 | kd=0.3732 | recon=0.3582 | t=64s
  Ep 108 | step 0850/1868 | loss=1.0098 | diff=0.5999 | kd=0.4301 | recon=0.3669 | t=67s
  Ep 108 | step 0900/1868 | loss=0.9705 | diff=0.5987 | kd=0.5295 | recon=0.3188 | t=71s
  Ep 108 | step 0950/1868 | loss=0.9629 | diff=0.6172 | kd=0.2599 | recon=0.3197 | t=75s
  Ep 108 | step 1000/1868 | loss=1.1944 | diff=0.6009 | kd=0.5815 | recon=0.5353 | t=79s
  Ep 108 | step 1050/1868 | loss=1.0063 | diff=0.5979 | kd=0.3324 | recon=0.3752 | t=83s
  Ep 108 | step 1100/1868 | loss=1.0635 | diff=0.6216 | kd=0.4927 | recon=0.3927 | t=87s
  Ep 108 | step 1150/1868 | loss=0.9807 | diff=0.6209 | kd=0.3509 | recon=0.3247 | t=91s
  Ep 108 | step 1200/1868 | loss=1.0319 | diff=0.5972 | kd=0.5227 | recon=0.3825 | t=95s
  Ep 108 | step 1250/1868 | loss=1.1526 | diff=0.6031 | kd=0.5689 | recon=0.4926 | t=99s
  Ep 108 | step 1300/1868 | loss=1.0255 | diff=0.5984 | kd=0.3780 | recon=0.3893 | t=103s
  Ep 108 | step 1350/1868 | loss=1.0257 | diff=0.5980 | kd=0.4267 | recon=0.3851 | t=107s
  Ep 108 | step 1400/1868 | loss=1.0164 | diff=0.5964 | kd=0.3253 | recon=0.3875 | t=111s
  Ep 108 | step 1450/1868 | loss=0.9845 | diff=0.6015 | kd=0.3998 | recon=0.3431 | t=115s
  Ep 108 | step 1500/1868 | loss=1.0306 | diff=0.6128 | kd=0.3865 | recon=0.3792 | t=119s
  Ep 108 | step 1550/1868 | loss=1.0869 | diff=0.5963 | kd=0.5825 | recon=0.4324 | t=122s
  Ep 108 | step 1600/1868 | loss=0.9956 | diff=0.5997 | kd=0.4826 | recon=0.3477 | t=126s
  Ep 108 | step 1650/1868 | loss=1.0221 | diff=0.5977 | kd=0.4591 | recon=0.3785 | t=130s
  Ep 108 | step 1700/1868 | loss=1.0508 | diff=0.6048 | kd=0.4236 | recon=0.4036 | t=134s
  Ep 108 | step 1750/1868 | loss=1.0310 | diff=0.5986 | kd=0.3775 | recon=0.3947 | t=138s
  Ep 108 | step 1800/1868 | loss=1.1128 | diff=0.6455 | kd=0.3587 | recon=0.4314 | t=142s
  Ep 108 | step 1850/1868 | loss=1.0316 | diff=0.5970 | kd=0.5161 | recon=0.3829 | t=146s

  ── Epoch 108/200 (190s) ──────────────────────
  Train  loss=1.0531  diff=0.6016  kd=0.4613  recon=0.4053
  Val    loss=1.0486  RMSE=0.4895  MAE=0.4050  lr=4.43e-05
  [BEST] Checkpoint saved → checkpoints/best_model.pth

  Ep 109 | step 0000/1868 | loss=0.9842 | diff=0.6012 | kd=0.4065 | recon=0.3424 | t=1s
  Ep 109 | step 0050/1868 | loss=1.0142 | diff=0.5993 | kd=0.4355 | recon=0.3714 | t=4s
  Ep 109 | step 0100/1868 | loss=1.0427 | diff=0.5961 | kd=0.3591 | recon=0.4107 | t=8s
  Ep 109 | step 0150/1868 | loss=1.0227 | diff=0.5975 | kd=0.4768 | recon=0.3775 | t=12s
  Ep 109 | step 0200/1868 | loss=1.0917 | diff=0.5994 | kd=0.4174 | recon=0.4506 | t=16s
  Ep 109 | step 0250/1868 | loss=1.0821 | diff=0.5989 | kd=0.6007 | recon=0.4231 | t=20s
  Ep 109 | step 0300/1868 | loss=1.0782 | diff=0.5973 | kd=0.3864 | recon=0.4422 | t=24s
  Ep 109 | step 0350/1868 | loss=1.1205 | diff=0.6173 | kd=0.4178 | recon=0.4615 | t=28s
  Ep 109 | step 0400/1868 | loss=1.0620 | diff=0.5993 | kd=0.4812 | recon=0.4146 | t=32s
  Ep 109 | step 0450/1868 | loss=1.0931 | diff=0.5967 | kd=0.4317 | recon=0.4533 | t=35s
  Ep 109 | step 0500/1868 | loss=0.9799 | diff=0.6009 | kd=0.4069 | recon=0.3383 | t=39s
  Ep 109 | step 0550/1868 | loss=1.0468 | diff=0.6003 | kd=0.5171 | recon=0.3948 | t=43s
  Ep 109 | step 0600/1868 | loss=1.1151 | diff=0.5970 | kd=0.7078 | recon=0.4474 | t=47s
  Ep 109 | step 0650/1868 | loss=0.9822 | diff=0.6004 | kd=0.2701 | recon=0.3548 | t=51s
  Ep 109 | step 0700/1868 | loss=1.0644 | diff=0.5999 | kd=0.3426 | recon=0.4302 | t=55s
  Ep 109 | step 0750/1868 | loss=1.0606 | diff=0.5972 | kd=0.3869 | recon=0.4247 | t=59s
  Ep 109 | step 0800/1868 | loss=1.0304 | diff=0.5976 | kd=0.3735 | recon=0.3954 | t=63s
  Ep 109 | step 0850/1868 | loss=1.0092 | diff=0.5980 | kd=0.4190 | recon=0.3694 | t=67s
  Ep 109 | step 0900/1868 | loss=1.0896 | diff=0.5972 | kd=0.4221 | recon=0.4502 | t=71s
  Ep 109 | step 0950/1868 | loss=0.9785 | diff=0.6023 | kd=0.4215 | recon=0.3341 | t=75s
  Ep 109 | step 1000/1868 | loss=1.0310 | diff=0.5977 | kd=0.4259 | recon=0.3907 | t=79s
  Ep 109 | step 1050/1868 | loss=1.1377 | diff=0.5981 | kd=0.3295 | recon=0.5066 | t=82s
  Ep 109 | step 1100/1868 | loss=1.0659 | diff=0.5976 | kd=0.2986 | recon=0.4384 | t=86s
  Ep 109 | step 1150/1868 | loss=1.0292 | diff=0.5977 | kd=0.4309 | recon=0.3883 | t=90s
  Ep 109 | step 1200/1868 | loss=1.0359 | diff=0.5969 | kd=0.4035 | recon=0.3987 | t=94s
  Ep 109 | step 1250/1868 | loss=0.9757 | diff=0.5982 | kd=0.3999 | recon=0.3375 | t=98s
  Ep 109 | step 1300/1868 | loss=1.0871 | diff=0.5979 | kd=0.3952 | recon=0.4497 | t=101s
  Ep 109 | step 1350/1868 | loss=1.1121 | diff=0.6004 | kd=0.4890 | recon=0.4628 | t=105s
  Ep 109 | step 1400/1868 | loss=1.1199 | diff=0.5976 | kd=1.2019 | recon=0.4021 | t=109s
  Ep 109 | step 1450/1868 | loss=1.0326 | diff=0.5988 | kd=0.3947 | recon=0.3943 | t=113s
  Ep 109 | step 1500/1868 | loss=1.1213 | diff=0.5997 | kd=0.3648 | recon=0.4851 | t=117s
  Ep 109 | step 1550/1868 | loss=1.0914 | diff=0.5988 | kd=0.4145 | recon=0.4512 | t=121s
  Ep 109 | step 1600/1868 | loss=0.9791 | diff=0.5961 | kd=0.4728 | recon=0.3357 | t=125s
  Ep 109 | step 1650/1868 | loss=1.0620 | diff=0.6019 | kd=0.5154 | recon=0.4086 | t=129s
  Ep 109 | step 1700/1868 | loss=1.0558 | diff=0.5969 | kd=0.7613 | recon=0.3827 | t=133s
  Ep 109 | step 1750/1868 | loss=0.9912 | diff=0.6013 | kd=0.4358 | recon=0.3463 | t=137s
  Ep 109 | step 1800/1868 | loss=1.0221 | diff=0.5981 | kd=0.6659 | recon=0.3575 | t=141s
  Ep 109 | step 1850/1868 | loss=1.0060 | diff=0.5980 | kd=0.3829 | recon=0.3697 | t=145s

  ── Epoch 109/200 (189s) ──────────────────────
  Train  loss=1.0518  diff=0.6007  kd=0.4581  recon=0.4053
  Val    loss=1.0480  RMSE=0.4895  MAE=0.4050  lr=4.35e-05
  [BEST] Checkpoint saved → checkpoints/best_model.pth

  Ep 110 | step 0000/1868 | loss=1.2425 | diff=0.5959 | kd=0.8401 | recon=0.5626 | t=1s
  Ep 110 | step 0050/1868 | loss=1.0114 | diff=0.5955 | kd=0.3806 | recon=0.3779 | t=4s
  Ep 110 | step 0100/1868 | loss=1.0064 | diff=0.5978 | kd=0.4519 | recon=0.3634 | t=8s
  Ep 110 | step 0150/1868 | loss=1.0150 | diff=0.5981 | kd=0.3560 | recon=0.3813 | t=12s
  Ep 110 | step 0200/1868 | loss=0.9796 | diff=0.6001 | kd=0.3261 | recon=0.3469 | t=16s
  Ep 110 | step 0250/1868 | loss=1.0413 | diff=0.6045 | kd=0.5248 | recon=0.3842 | t=20s
  Ep 110 | step 0300/1868 | loss=1.0795 | diff=0.5982 | kd=0.3344 | recon=0.4479 | t=24s
  Ep 110 | step 0350/1868 | loss=1.0668 | diff=0.6038 | kd=0.3480 | recon=0.4282 | t=28s
  Ep 110 | step 0400/1868 | loss=1.0673 | diff=0.6130 | kd=0.5736 | recon=0.3969 | t=32s
  Ep 110 | step 0450/1868 | loss=1.1441 | diff=0.6005 | kd=0.5737 | recon=0.4863 | t=36s
  Ep 110 | step 0500/1868 | loss=0.9967 | diff=0.5993 | kd=0.3314 | recon=0.3643 | t=40s
  Ep 110 | step 0550/1868 | loss=1.0599 | diff=0.6000 | kd=0.3687 | recon=0.4230 | t=44s
  Ep 110 | step 0600/1868 | loss=1.0336 | diff=0.6116 | kd=0.6378 | recon=0.3582 | t=48s
  Ep 110 | step 0650/1868 | loss=1.1066 | diff=0.5999 | kd=0.4193 | recon=0.4648 | t=52s
  Ep 110 | step 0700/1868 | loss=0.9869 | diff=0.5978 | kd=0.3517 | recon=0.3539 | t=56s
  Ep 110 | step 0750/1868 | loss=1.0770 | diff=0.6128 | kd=0.3763 | recon=0.4265 | t=59s
  Ep 110 | step 0800/1868 | loss=1.0767 | diff=0.5992 | kd=0.4723 | recon=0.4303 | t=63s
  Ep 110 | step 0850/1868 | loss=1.0198 | diff=0.6048 | kd=0.4729 | recon=0.3677 | t=67s
  Ep 110 | step 0900/1868 | loss=1.0178 | diff=0.6068 | kd=0.3622 | recon=0.3748 | t=71s
  Ep 110 | step 0950/1868 | loss=1.0733 | diff=0.6263 | kd=0.5294 | recon=0.3940 | t=75s
  Ep 110 | step 1000/1868 | loss=1.0828 | diff=0.6019 | kd=0.5116 | recon=0.4297 | t=79s
  Ep 110 | step 1050/1868 | loss=1.0351 | diff=0.5975 | kd=0.3726 | recon=0.4004 | t=83s
  Ep 110 | step 1100/1868 | loss=1.0178 | diff=0.6031 | kd=0.3855 | recon=0.3762 | t=87s
  Ep 110 | step 1150/1868 | loss=1.0589 | diff=0.5977 | kd=0.7117 | recon=0.3900 | t=91s
  Ep 110 | step 1200/1868 | loss=1.1424 | diff=0.5997 | kd=0.5976 | recon=0.4829 | t=95s
  Ep 110 | step 1250/1868 | loss=1.0075 | diff=0.5966 | kd=0.2886 | recon=0.3820 | t=98s
  Ep 110 | step 1300/1868 | loss=0.9828 | diff=0.6004 | kd=0.3074 | recon=0.3517 | t=102s
  Ep 110 | step 1350/1868 | loss=1.0775 | diff=0.5998 | kd=0.3917 | recon=0.4385 | t=106s
  Ep 110 | step 1400/1868 | loss=1.0454 | diff=0.6012 | kd=0.5676 | recon=0.3875 | t=110s
  Ep 110 | step 1450/1868 | loss=1.0278 | diff=0.6035 | kd=0.4395 | recon=0.3803 | t=114s
  Ep 110 | step 1500/1868 | loss=1.0840 | diff=0.6321 | kd=0.3689 | recon=0.4150 | t=118s
  Ep 110 | step 1550/1868 | loss=1.0119 | diff=0.6012 | kd=0.3757 | recon=0.3731 | t=122s
  Ep 110 | step 1600/1868 | loss=0.9927 | diff=0.5995 | kd=0.5357 | recon=0.3396 | t=126s
  Ep 110 | step 1650/1868 | loss=1.0433 | diff=0.5964 | kd=0.6517 | recon=0.3817 | t=130s
  Ep 110 | step 1700/1868 | loss=1.1264 | diff=0.6020 | kd=0.4505 | recon=0.4793 | t=134s
  Ep 110 | step 1750/1868 | loss=1.0432 | diff=0.6048 | kd=0.3573 | recon=0.4027 | t=138s
  Ep 110 | step 1800/1868 | loss=1.0898 | diff=0.5977 | kd=0.6674 | recon=0.4253 | t=141s
  Ep 110 | step 1850/1868 | loss=1.0650 | diff=0.6001 | kd=0.3880 | recon=0.4261 | t=145s

  ── Epoch 110/200 (189s) ──────────────────────
  Train  loss=1.0533  diff=0.6017  kd=0.4630  recon=0.4053
  Val    loss=1.0510  RMSE=0.4895  MAE=0.4050  lr=4.28e-05
  [EP110] Checkpoint saved → checkpoints/epoch_110.pth

  Ep 111 | step 0000/1868 | loss=1.1018 | diff=0.5908 | kd=0.4034 | recon=0.4707 | t=1s
  Ep 111 | step 0050/1868 | loss=1.0655 | diff=0.5969 | kd=0.4180 | recon=0.4268 | t=4s
  Ep 111 | step 0100/1868 | loss=1.0368 | diff=0.6002 | kd=0.5770 | recon=0.3789 | t=8s
  Ep 111 | step 0150/1868 | loss=1.0459 | diff=0.6024 | kd=0.4652 | recon=0.3969 | t=12s
  Ep 111 | step 0200/1868 | loss=1.0205 | diff=0.5978 | kd=0.4677 | recon=0.3760 | t=16s
  Ep 111 | step 0250/1868 | loss=1.0901 | diff=0.6014 | kd=0.5446 | recon=0.4342 | t=20s
  Ep 111 | step 0300/1868 | loss=1.0536 | diff=0.5948 | kd=0.5109 | recon=0.4077 | t=24s
  Ep 111 | step 0350/1868 | loss=1.0545 | diff=0.5960 | kd=0.5716 | recon=0.4013 | t=28s
  Ep 111 | step 0400/1868 | loss=1.1367 | diff=0.6060 | kd=0.4663 | recon=0.4840 | t=32s
  Ep 111 | step 0450/1868 | loss=1.1126 | diff=0.6013 | kd=0.4589 | recon=0.4654 | t=36s
  Ep 111 | step 0500/1868 | loss=0.9981 | diff=0.5976 | kd=0.3892 | recon=0.3616 | t=40s
  Ep 111 | step 0550/1868 | loss=1.1340 | diff=0.5992 | kd=0.3684 | recon=0.4979 | t=44s
  Ep 111 | step 0600/1868 | loss=1.0067 | diff=0.6222 | kd=0.4385 | recon=0.3406 | t=48s
  Ep 111 | step 0650/1868 | loss=1.0565 | diff=0.5963 | kd=0.4017 | recon=0.4200 | t=52s
  Ep 111 | step 0700/1868 | loss=1.1395 | diff=0.5963 | kd=0.4441 | recon=0.4988 | t=56s
  Ep 111 | step 0750/1868 | loss=1.1333 | diff=0.6038 | kd=0.2986 | recon=0.4997 | t=59s
  Ep 111 | step 0800/1868 | loss=0.9589 | diff=0.5988 | kd=0.3565 | recon=0.3244 | t=63s
  Ep 111 | step 0850/1868 | loss=1.1035 | diff=0.6040 | kd=0.5390 | recon=0.4457 | t=67s
  Ep 111 | step 0900/1868 | loss=1.0434 | diff=0.5990 | kd=0.3692 | recon=0.4074 | t=71s
  Ep 111 | step 0950/1868 | loss=1.0406 | diff=0.5964 | kd=0.4120 | recon=0.4030 | t=75s
  Ep 111 | step 1000/1868 | loss=1.0324 | diff=0.5992 | kd=0.5608 | recon=0.3771 | t=79s
  Ep 111 | step 1050/1868 | loss=1.0720 | diff=0.6129 | kd=0.3531 | recon=0.4238 | t=83s
  Ep 111 | step 1100/1868 | loss=0.9693 | diff=0.6016 | kd=0.3347 | recon=0.3342 | t=87s
  Ep 111 | step 1150/1868 | loss=1.0209 | diff=0.5975 | kd=0.4021 | recon=0.3833 | t=91s
  Ep 111 | step 1200/1868 | loss=1.0777 | diff=0.6011 | kd=0.8114 | recon=0.3955 | t=95s
  Ep 111 | step 1250/1868 | loss=1.1319 | diff=0.5981 | kd=0.6143 | recon=0.4723 | t=99s
  Ep 111 | step 1300/1868 | loss=1.1357 | diff=0.6025 | kd=0.6447 | recon=0.4687 | t=103s
  Ep 111 | step 1350/1868 | loss=1.0894 | diff=0.5979 | kd=0.4903 | recon=0.4425 | t=107s
  Ep 111 | step 1400/1868 | loss=1.0735 | diff=0.6004 | kd=0.4104 | recon=0.4321 | t=111s
  Ep 111 | step 1450/1868 | loss=1.0327 | diff=0.6041 | kd=0.3333 | recon=0.3953 | t=115s
  Ep 111 | step 1500/1868 | loss=1.1348 | diff=0.6009 | kd=0.3386 | recon=0.5001 | t=119s
  Ep 111 | step 1550/1868 | loss=1.0370 | diff=0.6029 | kd=0.4644 | recon=0.3877 | t=123s
  Ep 111 | step 1600/1868 | loss=1.0946 | diff=0.6017 | kd=0.6391 | recon=0.4290 | t=127s
  Ep 111 | step 1650/1868 | loss=0.9717 | diff=0.6006 | kd=0.2970 | recon=0.3414 | t=131s
  Ep 111 | step 1700/1868 | loss=1.0804 | diff=0.6041 | kd=0.3698 | recon=0.4393 | t=134s
  Ep 111 | step 1750/1868 | loss=1.0886 | diff=0.5959 | kd=0.4672 | recon=0.4459 | t=138s
  Ep 111 | step 1800/1868 | loss=1.0762 | diff=0.6030 | kd=0.7016 | recon=0.4030 | t=142s
  Ep 111 | step 1850/1868 | loss=1.0382 | diff=0.6006 | kd=0.3771 | recon=0.3999 | t=146s

  ── Epoch 111/200 (191s) ──────────────────────
  Train  loss=1.0528  diff=0.6011  kd=0.4647  recon=0.4053
  Val    loss=1.0461  RMSE=0.4894  MAE=0.4050  lr=4.20e-05
  [BEST] Checkpoint saved → checkpoints/best_model.pth

  Ep 112 | step 0000/1868 | loss=1.0095 | diff=0.6002 | kd=0.2917 | recon=0.3802 | t=1s
  Ep 112 | step 0050/1868 | loss=1.0631 | diff=0.5954 | kd=0.4069 | recon=0.4271 | t=5s
  Ep 112 | step 0100/1868 | loss=1.1332 | diff=0.5998 | kd=0.4827 | recon=0.4852 | t=8s
  Ep 112 | step 0150/1868 | loss=1.1299 | diff=0.5995 | kd=0.3038 | recon=0.5000 | t=12s
  Ep 112 | step 0200/1868 | loss=1.0415 | diff=0.6026 | kd=0.4997 | recon=0.3889 | t=16s
  Ep 112 | step 0250/1868 | loss=1.0292 | diff=0.6002 | kd=0.4180 | recon=0.3873 | t=20s
  Ep 112 | step 0300/1868 | loss=1.0906 | diff=0.6001 | kd=0.4520 | recon=0.4454 | t=24s
  Ep 112 | step 0350/1868 | loss=1.0325 | diff=0.6006 | kd=0.2575 | recon=0.4062 | t=28s
  Ep 112 | step 0400/1868 | loss=1.0637 | diff=0.6088 | kd=0.5359 | recon=0.4013 | t=32s
  Ep 112 | step 0450/1868 | loss=1.0656 | diff=0.6061 | kd=0.5281 | recon=0.4067 | t=36s
  Ep 112 | step 0500/1868 | loss=1.0044 | diff=0.5999 | kd=0.3044 | recon=0.3741 | t=40s
  Ep 112 | step 0550/1868 | loss=1.0751 | diff=0.5976 | kd=0.6483 | recon=0.4127 | t=44s
  Ep 112 | step 0600/1868 | loss=0.9932 | diff=0.5951 | kd=0.4727 | recon=0.3509 | t=48s
  Ep 112 | step 0650/1868 | loss=1.0241 | diff=0.6026 | kd=0.4550 | recon=0.3759 | t=52s
  Ep 112 | step 0700/1868 | loss=1.0973 | diff=0.5967 | kd=0.3509 | recon=0.4655 | t=56s
  Ep 112 | step 0750/1868 | loss=1.0364 | diff=0.5988 | kd=0.4502 | recon=0.3925 | t=60s
  Ep 112 | step 0800/1868 | loss=1.1211 | diff=0.6694 | kd=0.3458 | recon=0.4171 | t=64s
  Ep 112 | step 0850/1868 | loss=1.0331 | diff=0.5961 | kd=0.4090 | recon=0.3962 | t=67s
  Ep 112 | step 0900/1868 | loss=0.9848 | diff=0.5992 | kd=0.4797 | recon=0.3376 | t=71s
  Ep 112 | step 0950/1868 | loss=0.9838 | diff=0.5996 | kd=0.2984 | recon=0.3544 | t=75s
  Ep 112 | step 1000/1868 | loss=1.1530 | diff=0.5992 | kd=0.6222 | recon=0.4916 | t=79s
  Ep 112 | step 1050/1868 | loss=1.0082 | diff=0.6053 | kd=0.2886 | recon=0.3741 | t=83s
  Ep 112 | step 1100/1868 | loss=1.1657 | diff=0.6677 | kd=0.6265 | recon=0.4354 | t=87s
  Ep 112 | step 1150/1868 | loss=1.0365 | diff=0.5924 | kd=0.5713 | recon=0.3870 | t=91s
  Ep 112 | step 1200/1868 | loss=1.0321 | diff=0.6025 | kd=0.4634 | recon=0.3832 | t=95s
  Ep 112 | step 1250/1868 | loss=0.9927 | diff=0.5974 | kd=0.3468 | recon=0.3607 | t=99s
  Ep 112 | step 1300/1868 | loss=1.1918 | diff=0.6001 | kd=0.3817 | recon=0.5535 | t=103s
  Ep 112 | step 1350/1868 | loss=1.1281 | diff=0.5953 | kd=0.3572 | recon=0.4971 | t=107s
  Ep 112 | step 1400/1868 | loss=1.1060 | diff=0.5954 | kd=0.5577 | recon=0.4549 | t=110s
  Ep 112 | step 1450/1868 | loss=1.0446 | diff=0.6002 | kd=0.4161 | recon=0.4028 | t=114s
  Ep 112 | step 1500/1868 | loss=1.0537 | diff=0.6011 | kd=0.3195 | recon=0.4206 | t=118s
  Ep 112 | step 1550/1868 | loss=1.0804 | diff=0.6007 | kd=0.4502 | recon=0.4347 | t=122s
  Ep 112 | step 1600/1868 | loss=1.1199 | diff=0.5979 | kd=0.3584 | recon=0.4862 | t=126s
  Ep 112 | step 1650/1868 | loss=1.0721 | diff=0.5989 | kd=0.3178 | recon=0.4415 | t=130s
  Ep 112 | step 1700/1868 | loss=1.0593 | diff=0.6005 | kd=0.5231 | recon=0.4065 | t=134s
  Ep 112 | step 1750/1868 | loss=1.0153 | diff=0.6048 | kd=0.3858 | recon=0.3719 | t=138s
  Ep 112 | step 1800/1868 | loss=1.0451 | diff=0.5975 | kd=0.5955 | recon=0.3880 | t=142s
  Ep 112 | step 1850/1868 | loss=0.9918 | diff=0.6028 | kd=0.4725 | recon=0.3418 | t=146s

  ── Epoch 112/200 (190s) ──────────────────────
  Train  loss=1.0519  diff=0.6009  kd=0.4571  recon=0.4053
  Val    loss=1.0525  RMSE=0.4894  MAE=0.4050  lr=4.12e-05

  Ep 113 | step 0000/1868 | loss=1.1462 | diff=0.6190 | kd=0.9191 | recon=0.4353 | t=1s
  Ep 113 | step 0050/1868 | loss=1.0647 | diff=0.5982 | kd=0.4051 | recon=0.4260 | t=5s
  Ep 113 | step 0100/1868 | loss=1.0272 | diff=0.6045 | kd=0.4381 | recon=0.3789 | t=8s
  Ep 113 | step 0150/1868 | loss=1.0789 | diff=0.5981 | kd=0.4573 | recon=0.4351 | t=12s
  Ep 113 | step 0200/1868 | loss=1.0057 | diff=0.5998 | kd=0.3370 | recon=0.3723 | t=16s
  Ep 113 | step 0250/1868 | loss=0.9929 | diff=0.5977 | kd=0.4147 | recon=0.3537 | t=20s
  Ep 113 | step 0300/1868 | loss=1.1098 | diff=0.6017 | kd=0.3988 | recon=0.4682 | t=24s
  Ep 113 | step 0350/1868 | loss=1.1236 | diff=0.6007 | kd=0.4940 | recon=0.4735 | t=28s
  Ep 113 | step 0400/1868 | loss=1.0159 | diff=0.5939 | kd=0.4360 | recon=0.3784 | t=32s
  Ep 113 | step 0450/1868 | loss=1.0609 | diff=0.5996 | kd=0.5335 | recon=0.4079 | t=36s
  Ep 113 | step 0500/1868 | loss=1.0878 | diff=0.5990 | kd=0.5320 | recon=0.4356 | t=40s
  Ep 113 | step 0550/1868 | loss=1.1189 | diff=0.6212 | kd=0.6050 | recon=0.4372 | t=44s
  Ep 113 | step 0600/1868 | loss=1.1111 | diff=0.5959 | kd=0.6312 | recon=0.4521 | t=48s
  Ep 113 | step 0650/1868 | loss=0.9687 | diff=0.6127 | kd=0.3273 | recon=0.3233 | t=52s
  Ep 113 | step 0700/1868 | loss=0.9987 | diff=0.6040 | kd=0.4612 | recon=0.3485 | t=55s
  Ep 113 | step 0750/1868 | loss=1.0846 | diff=0.5963 | kd=0.3253 | recon=0.4558 | t=59s
  Ep 113 | step 0800/1868 | loss=1.0955 | diff=0.6040 | kd=0.4865 | recon=0.4428 | t=63s
  Ep 113 | step 0850/1868 | loss=1.0158 | diff=0.6235 | kd=0.2957 | recon=0.3628 | t=67s
  Ep 113 | step 0900/1868 | loss=1.0194 | diff=0.5992 | kd=0.3063 | recon=0.3895 | t=71s
  Ep 113 | step 0950/1868 | loss=1.0385 | diff=0.6014 | kd=0.4871 | recon=0.3884 | t=75s
  Ep 113 | step 1000/1868 | loss=1.0163 | diff=0.5994 | kd=0.5318 | recon=0.3638 | t=79s
  Ep 113 | step 1050/1868 | loss=1.0493 | diff=0.5957 | kd=0.5535 | recon=0.3983 | t=83s
  Ep 113 | step 1100/1868 | loss=0.9930 | diff=0.5994 | kd=0.4127 | recon=0.3524 | t=86s
  Ep 113 | step 1150/1868 | loss=1.0244 | diff=0.5969 | kd=0.3982 | recon=0.3877 | t=90s
  Ep 113 | step 1200/1868 | loss=1.0715 | diff=0.5981 | kd=0.5766 | recon=0.4157 | t=94s
  Ep 113 | step 1250/1868 | loss=1.0991 | diff=0.5999 | kd=0.7860 | recon=0.4206 | t=98s
  Ep 113 | step 1300/1868 | loss=1.0270 | diff=0.5966 | kd=0.2642 | recon=0.4040 | t=102s
  Ep 113 | step 1350/1868 | loss=1.1704 | diff=0.6437 | kd=0.3942 | recon=0.4872 | t=106s
  Ep 113 | step 1400/1868 | loss=1.0800 | diff=0.5972 | kd=0.5542 | recon=0.4274 | t=110s
  Ep 113 | step 1450/1868 | loss=1.1039 | diff=0.6015 | kd=0.4837 | recon=0.4540 | t=114s
  Ep 113 | step 1500/1868 | loss=1.0345 | diff=0.6008 | kd=0.4522 | recon=0.3884 | t=117s
  Ep 113 | step 1550/1868 | loss=1.0538 | diff=0.5972 | kd=0.5521 | recon=0.4013 | t=121s
  Ep 113 | step 1600/1868 | loss=1.0787 | diff=0.6005 | kd=0.4512 | recon=0.4332 | t=125s
  Ep 113 | step 1650/1868 | loss=0.9678 | diff=0.5968 | kd=0.3077 | recon=0.3402 | t=129s
  Ep 113 | step 1700/1868 | loss=1.0028 | diff=0.6000 | kd=0.2777 | recon=0.3750 | t=133s
  Ep 113 | step 1750/1868 | loss=0.9988 | diff=0.5979 | kd=0.3430 | recon=0.3666 | t=137s
  Ep 113 | step 1800/1868 | loss=0.9828 | diff=0.5976 | kd=0.5261 | recon=0.3326 | t=141s
  Ep 113 | step 1850/1868 | loss=1.1425 | diff=0.5985 | kd=0.3733 | recon=0.5067 | t=145s

  ── Epoch 113/200 (189s) ──────────────────────
  Train  loss=1.0520  diff=0.6009  kd=0.4578  recon=0.4053
  Val    loss=1.0545  RMSE=0.4894  MAE=0.4050  lr=4.05e-05

  Ep 114 | step 0000/1868 | loss=1.0462 | diff=0.6012 | kd=0.5674 | recon=0.3882 | t=1s
  Ep 114 | step 0050/1868 | loss=1.0727 | diff=0.6031 | kd=0.4814 | recon=0.4215 | t=4s
  Ep 114 | step 0100/1868 | loss=1.0044 | diff=0.5976 | kd=0.3345 | recon=0.3734 | t=8s
  Ep 114 | step 0150/1868 | loss=1.1019 | diff=0.5978 | kd=0.6840 | recon=0.4357 | t=12s
  Ep 114 | step 0200/1868 | loss=1.0164 | diff=0.6055 | kd=0.4757 | recon=0.3633 | t=16s
  Ep 114 | step 0250/1868 | loss=1.1113 | diff=0.6320 | kd=0.3881 | recon=0.4405 | t=20s
  Ep 114 | step 0300/1868 | loss=1.0737 | diff=0.5975 | kd=0.7643 | recon=0.3998 | t=24s
  Ep 114 | step 0350/1868 | loss=1.0187 | diff=0.5954 | kd=0.3904 | recon=0.3842 | t=28s
  Ep 114 | step 0400/1868 | loss=1.0475 | diff=0.6000 | kd=0.6585 | recon=0.3816 | t=32s
  Ep 114 | step 0450/1868 | loss=1.0736 | diff=0.5972 | kd=0.5678 | recon=0.4197 | t=36s
  Ep 114 | step 0500/1868 | loss=1.0678 | diff=0.5999 | kd=0.3887 | recon=0.4289 | t=39s
  Ep 114 | step 0550/1868 | loss=1.1068 | diff=0.6290 | kd=0.3135 | recon=0.4465 | t=43s
  Ep 114 | step 0600/1868 | loss=1.0520 | diff=0.6042 | kd=0.4736 | recon=0.4004 | t=47s
  Ep 114 | step 0650/1868 | loss=1.0175 | diff=0.5989 | kd=0.6686 | recon=0.3518 | t=51s
  Ep 114 | step 0700/1868 | loss=1.0017 | diff=0.5987 | kd=0.3534 | recon=0.3676 | t=55s
  Ep 114 | step 0750/1868 | loss=0.9893 | diff=0.5981 | kd=0.4792 | recon=0.3432 | t=59s
  Ep 114 | step 0800/1868 | loss=1.0438 | diff=0.5966 | kd=0.3344 | recon=0.4138 | t=63s
  Ep 114 | step 0850/1868 | loss=1.0480 | diff=0.5957 | kd=0.5149 | recon=0.4008 | t=67s
  Ep 114 | step 0900/1868 | loss=1.0654 | diff=0.5996 | kd=0.5217 | recon=0.4136 | t=70s
  Ep 114 | step 0950/1868 | loss=1.0505 | diff=0.5996 | kd=0.4763 | recon=0.4032 | t=74s
  Ep 114 | step 1000/1868 | loss=1.1469 | diff=0.5984 | kd=0.4476 | recon=0.5037 | t=78s
  Ep 114 | step 1050/1868 | loss=1.0294 | diff=0.5966 | kd=0.4037 | recon=0.3924 | t=82s
  Ep 114 | step 1100/1868 | loss=1.1247 | diff=0.5947 | kd=0.6700 | recon=0.4630 | t=86s
  Ep 114 | step 1150/1868 | loss=1.0173 | diff=0.5976 | kd=0.4970 | recon=0.3700 | t=90s
  Ep 114 | step 1200/1868 | loss=1.0810 | diff=0.5993 | kd=0.2876 | recon=0.4530 | t=94s
  Ep 114 | step 1250/1868 | loss=1.0873 | diff=0.6040 | kd=0.4549 | recon=0.4378 | t=98s
  Ep 114 | step 1300/1868 | loss=1.0568 | diff=0.5993 | kd=0.4813 | recon=0.4094 | t=102s
  Ep 114 | step 1350/1868 | loss=0.9629 | diff=0.5967 | kd=0.5123 | recon=0.3150 | t=106s
  Ep 114 | step 1400/1868 | loss=0.9790 | diff=0.5985 | kd=0.4188 | recon=0.3386 | t=109s
  Ep 114 | step 1450/1868 | loss=0.9436 | diff=0.5956 | kd=0.3745 | recon=0.3105 | t=113s
  Ep 114 | step 1500/1868 | loss=1.0475 | diff=0.5993 | kd=0.5895 | recon=0.3892 | t=117s
  Ep 114 | step 1550/1868 | loss=1.0122 | diff=0.5991 | kd=0.5821 | recon=0.3549 | t=121s
  Ep 114 | step 1600/1868 | loss=0.9888 | diff=0.6024 | kd=0.2978 | recon=0.3566 | t=125s
  Ep 114 | step 1650/1868 | loss=1.1408 | diff=0.6006 | kd=1.0978 | recon=0.4305 | t=129s
  Ep 114 | step 1700/1868 | loss=1.0535 | diff=0.5961 | kd=0.3119 | recon=0.4263 | t=133s
  Ep 114 | step 1750/1868 | loss=0.9762 | diff=0.5995 | kd=0.3732 | recon=0.3394 | t=137s
  Ep 114 | step 1800/1868 | loss=1.0535 | diff=0.5984 | kd=0.4586 | recon=0.4093 | t=141s
  Ep 114 | step 1850/1868 | loss=1.0886 | diff=0.6010 | kd=0.5613 | recon=0.4315 | t=144s

  ── Epoch 114/200 (189s) ──────────────────────
  Train  loss=1.0521  diff=0.6004  kd=0.4636  recon=0.4053
  Val    loss=1.0494  RMSE=0.4895  MAE=0.4050  lr=3.97e-05

  Ep 115 | step 0000/1868 | loss=1.0733 | diff=0.5994 | kd=0.4478 | recon=0.4292 | t=1s
  Ep 115 | step 0050/1868 | loss=1.0904 | diff=0.6005 | kd=0.3772 | recon=0.4522 | t=4s
  Ep 115 | step 0100/1868 | loss=1.2048 | diff=0.6001 | kd=0.4689 | recon=0.5578 | t=8s
  Ep 115 | step 0150/1868 | loss=1.0715 | diff=0.5953 | kd=0.4123 | recon=0.4350 | t=12s
  Ep 115 | step 0200/1868 | loss=1.1726 | diff=0.6000 | kd=0.5953 | recon=0.5131 | t=16s
  Ep 115 | step 0250/1868 | loss=1.0793 | diff=0.5982 | kd=0.4895 | recon=0.4322 | t=20s
  Ep 115 | step 0300/1868 | loss=0.9885 | diff=0.5955 | kd=0.2830 | recon=0.3647 | t=24s
  Ep 115 | step 0350/1868 | loss=0.9871 | diff=0.5997 | kd=0.3947 | recon=0.3479 | t=28s
  Ep 115 | step 0400/1868 | loss=1.0602 | diff=0.5957 | kd=0.5315 | recon=0.4114 | t=32s
  Ep 115 | step 0450/1868 | loss=0.9778 | diff=0.6019 | kd=0.4648 | recon=0.3294 | t=36s
  Ep 115 | step 0500/1868 | loss=1.1112 | diff=0.5976 | kd=0.4741 | recon=0.4662 | t=40s
  Ep 115 | step 0550/1868 | loss=1.0403 | diff=0.5947 | kd=0.3419 | recon=0.4114 | t=43s
  Ep 115 | step 0600/1868 | loss=1.1021 | diff=0.5988 | kd=0.6149 | recon=0.4419 | t=47s
  Ep 115 | step 0650/1868 | loss=1.0517 | diff=0.6000 | kd=0.5047 | recon=0.4013 | t=51s
  Ep 115 | step 0700/1868 | loss=1.0401 | diff=0.5944 | kd=0.7133 | recon=0.3744 | t=55s
  Ep 115 | step 0750/1868 | loss=1.0210 | diff=0.5969 | kd=0.5243 | recon=0.3717 | t=59s
  Ep 115 | step 0800/1868 | loss=1.0049 | diff=0.5974 | kd=0.4992 | recon=0.3576 | t=63s
  Ep 115 | step 0850/1868 | loss=1.1076 | diff=0.5993 | kd=0.5875 | recon=0.4495 | t=67s
  Ep 115 | step 0900/1868 | loss=1.0038 | diff=0.6009 | kd=0.5713 | recon=0.3457 | t=71s
  Ep 115 | step 0950/1868 | loss=1.1171 | diff=0.6137 | kd=0.5664 | recon=0.4468 | t=74s
  Ep 115 | step 1000/1868 | loss=1.0388 | diff=0.5986 | kd=0.4218 | recon=0.3980 | t=78s
  Ep 115 | step 1050/1868 | loss=1.0286 | diff=0.6027 | kd=0.4904 | recon=0.3768 | t=82s
  Ep 115 | step 1100/1868 | loss=1.0346 | diff=0.6029 | kd=0.4405 | recon=0.3876 | t=86s
  Ep 115 | step 1150/1868 | loss=1.0229 | diff=0.5984 | kd=0.3984 | recon=0.3847 | t=90s
  Ep 115 | step 1200/1868 | loss=1.0013 | diff=0.5977 | kd=0.3970 | recon=0.3639 | t=94s
  Ep 115 | step 1250/1868 | loss=0.9952 | diff=0.5933 | kd=0.3481 | recon=0.3671 | t=98s
  Ep 115 | step 1300/1868 | loss=1.0291 | diff=0.5970 | kd=0.4800 | recon=0.3841 | t=102s
  Ep 115 | step 1350/1868 | loss=1.0452 | diff=0.6004 | kd=0.4622 | recon=0.3986 | t=106s
  Ep 115 | step 1400/1868 | loss=1.0172 | diff=0.5944 | kd=0.4315 | recon=0.3797 | t=109s
  Ep 115 | step 1450/1868 | loss=1.0488 | diff=0.6006 | kd=0.3817 | recon=0.4100 | t=113s
  Ep 115 | step 1500/1868 | loss=1.0437 | diff=0.6000 | kd=0.3550 | recon=0.4082 | t=117s
  Ep 115 | step 1550/1868 | loss=1.0041 | diff=0.6006 | kd=0.3711 | recon=0.3664 | t=121s
  Ep 115 | step 1600/1868 | loss=1.0954 | diff=0.6424 | kd=0.5178 | recon=0.4012 | t=125s
  Ep 115 | step 1650/1868 | loss=1.0083 | diff=0.5993 | kd=0.4159 | recon=0.3674 | t=129s
  Ep 115 | step 1700/1868 | loss=1.0285 | diff=0.5992 | kd=0.4204 | recon=0.3872 | t=133s
  Ep 115 | step 1750/1868 | loss=1.0701 | diff=0.5978 | kd=0.4183 | recon=0.4305 | t=137s
  Ep 115 | step 1800/1868 | loss=1.0552 | diff=0.5986 | kd=0.3725 | recon=0.4193 | t=141s
  Ep 115 | step 1850/1868 | loss=0.9937 | diff=0.5991 | kd=0.3528 | recon=0.3593 | t=144s

  ── Epoch 115/200 (189s) ──────────────────────
  Train  loss=1.0520  diff=0.6003  kd=0.4639  recon=0.4053
  Val    loss=1.0474  RMSE=0.4895  MAE=0.4050  lr=3.89e-05

  Ep 116 | step 0000/1868 | loss=1.0142 | diff=0.5986 | kd=0.3227 | recon=0.3834 | t=1s
  Ep 116 | step 0050/1868 | loss=1.0576 | diff=0.6001 | kd=0.4944 | recon=0.4081 | t=5s
  Ep 116 | step 0100/1868 | loss=1.0187 | diff=0.5947 | kd=0.4567 | recon=0.3784 | t=8s
  Ep 116 | step 0150/1868 | loss=1.0266 | diff=0.5979 | kd=0.3498 | recon=0.3937 | t=12s
  Ep 116 | step 0200/1868 | loss=1.0429 | diff=0.5943 | kd=0.6775 | recon=0.3808 | t=16s
  Ep 116 | step 0250/1868 | loss=0.9817 | diff=0.5966 | kd=0.3938 | recon=0.3457 | t=20s
  Ep 116 | step 0300/1868 | loss=1.1009 | diff=0.5959 | kd=0.4670 | recon=0.4584 | t=24s
  Ep 116 | step 0350/1868 | loss=1.0547 | diff=0.6013 | kd=0.4534 | recon=0.4080 | t=28s
  Ep 116 | step 0400/1868 | loss=1.0054 | diff=0.5961 | kd=0.5491 | recon=0.3544 | t=32s
  Ep 116 | step 0450/1868 | loss=1.0608 | diff=0.5990 | kd=0.6757 | recon=0.3943 | t=36s
  Ep 116 | step 0500/1868 | loss=1.0839 | diff=0.5965 | kd=0.6548 | recon=0.4219 | t=40s
  Ep 116 | step 0550/1868 | loss=0.9709 | diff=0.6006 | kd=0.4427 | recon=0.3260 | t=43s
  Ep 116 | step 0600/1868 | loss=1.0169 | diff=0.5977 | kd=0.5553 | recon=0.3636 | t=47s
  Ep 116 | step 0650/1868 | loss=1.0351 | diff=0.5996 | kd=0.5823 | recon=0.3773 | t=51s
  Ep 116 | step 0700/1868 | loss=1.0245 | diff=0.6045 | kd=0.4146 | recon=0.3785 | t=55s
  Ep 116 | step 0750/1868 | loss=1.0373 | diff=0.6204 | kd=0.5061 | recon=0.3663 | t=59s
  Ep 116 | step 0800/1868 | loss=1.0836 | diff=0.6482 | kd=0.5415 | recon=0.3812 | t=63s
  Ep 116 | step 0850/1868 | loss=1.1035 | diff=0.5940 | kd=0.4752 | recon=0.4620 | t=67s
  Ep 116 | step 0900/1868 | loss=1.0074 | diff=0.5961 | kd=0.3952 | recon=0.3718 | t=71s
  Ep 116 | step 0950/1868 | loss=1.0359 | diff=0.5984 | kd=0.3392 | recon=0.4035 | t=74s
  Ep 116 | step 1000/1868 | loss=1.0390 | diff=0.6016 | kd=0.3755 | recon=0.3999 | t=78s
  Ep 116 | step 1050/1868 | loss=1.0428 | diff=0.5954 | kd=0.5386 | recon=0.3936 | t=82s
  Ep 116 | step 1100/1868 | loss=1.0961 | diff=0.5942 | kd=0.3321 | recon=0.4687 | t=86s
  Ep 116 | step 1150/1868 | loss=1.0322 | diff=0.5947 | kd=0.4175 | recon=0.3957 | t=90s
  Ep 116 | step 1200/1868 | loss=0.9920 | diff=0.6010 | kd=0.4088 | recon=0.3502 | t=94s
  Ep 116 | step 1250/1868 | loss=1.0107 | diff=0.6024 | kd=0.3100 | recon=0.3773 | t=98s
  Ep 116 | step 1300/1868 | loss=1.0206 | diff=0.5959 | kd=0.4177 | recon=0.3829 | t=102s
  Ep 116 | step 1350/1868 | loss=1.1392 | diff=0.6021 | kd=0.6505 | recon=0.4720 | t=106s
  Ep 116 | step 1400/1868 | loss=1.0206 | diff=0.5939 | kd=0.4373 | recon=0.3830 | t=109s
  Ep 116 | step 1450/1868 | loss=1.0123 | diff=0.5962 | kd=0.4370 | recon=0.3724 | t=113s
  Ep 116 | step 1500/1868 | loss=1.0277 | diff=0.6018 | kd=0.4020 | recon=0.3857 | t=117s
  Ep 116 | step 1550/1868 | loss=1.0253 | diff=0.5998 | kd=0.4272 | recon=0.3827 | t=121s
  Ep 116 | step 1600/1868 | loss=1.1177 | diff=0.6257 | kd=0.6792 | recon=0.4241 | t=125s
  Ep 116 | step 1650/1868 | loss=1.0941 | diff=0.5996 | kd=0.5167 | recon=0.4429 | t=129s
  Ep 116 | step 1700/1868 | loss=1.0460 | diff=0.5983 | kd=0.4845 | recon=0.3992 | t=133s
  Ep 116 | step 1750/1868 | loss=1.2263 | diff=0.7022 | kd=0.3330 | recon=0.4908 | t=137s
  Ep 116 | step 1800/1868 | loss=1.1641 | diff=0.5977 | kd=0.4642 | recon=0.5200 | t=140s
  Ep 116 | step 1850/1868 | loss=1.0416 | diff=0.5987 | kd=0.3617 | recon=0.4067 | t=144s

  ── Epoch 116/200 (189s) ──────────────────────
  Train  loss=1.0512  diff=0.6001  kd=0.4570  recon=0.4054
  Val    loss=1.0482  RMSE=0.4895  MAE=0.4050  lr=3.82e-05

  Ep 117 | step 0000/1868 | loss=1.0763 | diff=0.5969 | kd=0.4415 | recon=0.4353 | t=1s
  Ep 117 | step 0050/1868 | loss=1.0699 | diff=0.5935 | kd=0.3665 | recon=0.4397 | t=4s
  Ep 117 | step 0100/1868 | loss=1.0806 | diff=0.6005 | kd=0.3811 | recon=0.4420 | t=8s
  Ep 117 | step 0150/1868 | loss=1.0922 | diff=0.5994 | kd=0.6335 | recon=0.4295 | t=12s
  Ep 117 | step 0200/1868 | loss=1.0736 | diff=0.5966 | kd=0.4067 | recon=0.4363 | t=16s
  Ep 117 | step 0250/1868 | loss=0.9843 | diff=0.6020 | kd=0.4267 | recon=0.3397 | t=20s
  Ep 117 | step 0300/1868 | loss=1.0080 | diff=0.5996 | kd=0.4387 | recon=0.3646 | t=24s
  Ep 117 | step 0350/1868 | loss=1.1113 | diff=0.6033 | kd=0.4141 | recon=0.4666 | t=28s
  Ep 117 | step 0400/1868 | loss=1.0880 | diff=0.5978 | kd=0.3553 | recon=0.4547 | t=32s
  Ep 117 | step 0450/1868 | loss=0.9534 | diff=0.5989 | kd=0.2782 | recon=0.3267 | t=36s
  Ep 117 | step 0500/1868 | loss=1.1269 | diff=0.5970 | kd=0.5963 | recon=0.4702 | t=39s
  Ep 117 | step 0550/1868 | loss=1.0543 | diff=0.6056 | kd=0.4943 | recon=0.3993 | t=43s
  Ep 117 | step 0600/1868 | loss=1.0529 | diff=0.6012 | kd=0.6699 | recon=0.3847 | t=47s
  Ep 117 | step 0650/1868 | loss=1.0478 | diff=0.5967 | kd=0.3642 | recon=0.4146 | t=51s
  Ep 117 | step 0700/1868 | loss=0.9877 | diff=0.6027 | kd=0.3442 | recon=0.3505 | t=55s
  Ep 117 | step 0750/1868 | loss=1.0279 | diff=0.6006 | kd=0.3862 | recon=0.3887 | t=59s
  Ep 117 | step 0800/1868 | loss=1.1550 | diff=0.5965 | kd=0.3411 | recon=0.5244 | t=63s
  Ep 117 | step 0850/1868 | loss=1.0226 | diff=0.5935 | kd=0.4000 | recon=0.3891 | t=67s
  Ep 117 | step 0900/1868 | loss=1.0214 | diff=0.5993 | kd=0.6614 | recon=0.3560 | t=71s
  Ep 117 | step 0950/1868 | loss=1.0807 | diff=0.5987 | kd=0.5365 | recon=0.4284 | t=74s
  Ep 117 | step 1000/1868 | loss=1.0532 | diff=0.6003 | kd=0.5054 | recon=0.4024 | t=78s
  Ep 117 | step 1050/1868 | loss=1.0295 | diff=0.5970 | kd=0.3896 | recon=0.3936 | t=82s
  Ep 117 | step 1100/1868 | loss=1.0474 | diff=0.6045 | kd=0.4719 | recon=0.3957 | t=86s
  Ep 117 | step 1150/1868 | loss=0.9892 | diff=0.5972 | kd=0.3181 | recon=0.3601 | t=90s
  Ep 117 | step 1200/1868 | loss=0.9639 | diff=0.6006 | kd=0.3103 | recon=0.3322 | t=94s
  Ep 117 | step 1250/1868 | loss=1.0239 | diff=0.5979 | kd=0.4035 | recon=0.3857 | t=98s
  Ep 117 | step 1300/1868 | loss=1.0145 | diff=0.5992 | kd=0.3983 | recon=0.3754 | t=102s
  Ep 117 | step 1350/1868 | loss=1.1060 | diff=0.6096 | kd=0.8073 | recon=0.4156 | t=105s
  Ep 117 | step 1400/1868 | loss=1.0577 | diff=0.5976 | kd=0.4166 | recon=0.4185 | t=109s
  Ep 117 | step 1450/1868 | loss=1.0530 | diff=0.5966 | kd=0.4970 | recon=0.4067 | t=113s
  Ep 117 | step 1500/1868 | loss=1.0505 | diff=0.6065 | kd=0.3140 | recon=0.4127 | t=117s
  Ep 117 | step 1550/1868 | loss=1.0691 | diff=0.6133 | kd=0.4084 | recon=0.4149 | t=121s
  Ep 117 | step 1600/1868 | loss=1.0187 | diff=0.6005 | kd=0.5070 | recon=0.3674 | t=125s
  Ep 117 | step 1650/1868 | loss=1.0528 | diff=0.6029 | kd=0.5251 | recon=0.3975 | t=129s
  Ep 117 | step 1700/1868 | loss=1.0067 | diff=0.5970 | kd=0.3061 | recon=0.3791 | t=133s
  Ep 117 | step 1750/1868 | loss=1.0679 | diff=0.6000 | kd=0.7965 | recon=0.3882 | t=137s
  Ep 117 | step 1800/1868 | loss=1.0412 | diff=0.5957 | kd=0.3585 | recon=0.4096 | t=140s
  Ep 117 | step 1850/1868 | loss=1.0473 | diff=0.6018 | kd=0.4561 | recon=0.3999 | t=144s

  ── Epoch 117/200 (189s) ──────────────────────
  Train  loss=1.0507  diff=0.5999  kd=0.4552  recon=0.4053
  Val    loss=1.0468  RMSE=0.4895  MAE=0.4050  lr=3.74e-05

  Ep 118 | step 0000/1868 | loss=1.0182 | diff=0.5981 | kd=0.3413 | recon=0.3861 | t=1s
  Ep 118 | step 0050/1868 | loss=1.0550 | diff=0.5992 | kd=0.5299 | recon=0.4028 | t=4s
  Ep 118 | step 0100/1868 | loss=1.0339 | diff=0.5990 | kd=0.4977 | recon=0.3852 | t=8s
  Ep 118 | step 0150/1868 | loss=1.0384 | diff=0.5982 | kd=0.4600 | recon=0.3942 | t=12s
  Ep 118 | step 0200/1868 | loss=1.1146 | diff=0.5990 | kd=0.4040 | recon=0.4751 | t=16s
  Ep 118 | step 0250/1868 | loss=1.1137 | diff=0.6028 | kd=0.4639 | recon=0.4645 | t=20s
  Ep 118 | step 0300/1868 | loss=1.0257 | diff=0.5989 | kd=0.3897 | recon=0.3878 | t=24s
  Ep 118 | step 0350/1868 | loss=0.9679 | diff=0.5966 | kd=0.3943 | recon=0.3319 | t=28s
  Ep 118 | step 0400/1868 | loss=1.1590 | diff=0.6256 | kd=0.4233 | recon=0.4911 | t=32s
  Ep 118 | step 0450/1868 | loss=1.0228 | diff=0.5991 | kd=0.3491 | recon=0.3888 | t=36s
  Ep 118 | step 0500/1868 | loss=1.0457 | diff=0.5964 | kd=0.3825 | recon=0.4111 | t=39s
  Ep 118 | step 0550/1868 | loss=1.0932 | diff=0.5974 | kd=0.5877 | recon=0.4369 | t=43s
  Ep 118 | step 0600/1868 | loss=1.0917 | diff=0.5999 | kd=0.4739 | recon=0.4444 | t=47s
  Ep 118 | step 0650/1868 | loss=0.9919 | diff=0.5938 | kd=0.3201 | recon=0.3661 | t=51s
  Ep 118 | step 0700/1868 | loss=1.0452 | diff=0.5994 | kd=0.4823 | recon=0.3976 | t=55s
  Ep 118 | step 0750/1868 | loss=1.0243 | diff=0.5968 | kd=0.3164 | recon=0.3958 | t=59s
  Ep 118 | step 0800/1868 | loss=1.0708 | diff=0.6043 | kd=0.3589 | recon=0.4306 | t=63s
  Ep 118 | step 0850/1868 | loss=1.0173 | diff=0.5978 | kd=0.4776 | recon=0.3717 | t=67s
  Ep 118 | step 0900/1868 | loss=1.0059 | diff=0.5972 | kd=0.5224 | recon=0.3564 | t=71s
  Ep 118 | step 0950/1868 | loss=1.0463 | diff=0.5985 | kd=0.3396 | recon=0.4139 | t=75s
  Ep 118 | step 1000/1868 | loss=1.0055 | diff=0.5951 | kd=0.4256 | recon=0.3679 | t=78s
  Ep 118 | step 1050/1868 | loss=1.0777 | diff=0.5991 | kd=0.5181 | recon=0.4268 | t=82s
  Ep 118 | step 1100/1868 | loss=1.0260 | diff=0.5989 | kd=0.4638 | recon=0.3807 | t=86s
  Ep 118 | step 1150/1868 | loss=1.0700 | diff=0.5962 | kd=0.4062 | recon=0.4331 | t=90s
  Ep 118 | step 1200/1868 | loss=1.0069 | diff=0.5988 | kd=0.5892 | recon=0.3492 | t=94s
  Ep 118 | step 1250/1868 | loss=1.0591 | diff=0.5987 | kd=0.3453 | recon=0.4259 | t=98s
  Ep 118 | step 1300/1868 | loss=1.1039 | diff=0.5971 | kd=0.3665 | recon=0.4702 | t=102s
  Ep 118 | step 1350/1868 | loss=1.0294 | diff=0.6071 | kd=0.3594 | recon=0.3864 | t=106s
  Ep 118 | step 1400/1868 | loss=1.1299 | diff=0.5964 | kd=0.4114 | recon=0.4923 | t=109s
  Ep 118 | step 1450/1868 | loss=0.9863 | diff=0.6000 | kd=0.4333 | recon=0.3430 | t=113s
  Ep 118 | step 1500/1868 | loss=1.0918 | diff=0.5964 | kd=0.5039 | recon=0.4450 | t=117s
  Ep 118 | step 1550/1868 | loss=1.0855 | diff=0.6024 | kd=0.3509 | recon=0.4480 | t=121s
  Ep 118 | step 1600/1868 | loss=1.0340 | diff=0.5925 | kd=0.4419 | recon=0.3972 | t=125s
  Ep 118 | step 1650/1868 | loss=1.0182 | diff=0.6004 | kd=0.4305 | recon=0.3748 | t=129s
  Ep 118 | step 1700/1868 | loss=1.0257 | diff=0.6012 | kd=0.4682 | recon=0.3777 | t=133s
  Ep 118 | step 1750/1868 | loss=1.0497 | diff=0.5980 | kd=0.5580 | recon=0.3959 | t=137s
  Ep 118 | step 1800/1868 | loss=0.9652 | diff=0.5970 | kd=0.4452 | recon=0.3238 | t=141s
  Ep 118 | step 1850/1868 | loss=1.0584 | diff=0.5979 | kd=0.4042 | recon=0.4201 | t=145s

  ── Epoch 118/200 (189s) ──────────────────────
  Train  loss=1.0510  diff=0.6005  kd=0.4518  recon=0.4053
  Val    loss=1.0486  RMSE=0.4895  MAE=0.4050  lr=3.67e-05

  Ep 119 | step 0000/1868 | loss=0.9626 | diff=0.5982 | kd=0.3674 | recon=0.3276 | t=1s
  Ep 119 | step 0050/1868 | loss=1.0903 | diff=0.5950 | kd=0.5992 | recon=0.4353 | t=5s
  Ep 119 | step 0100/1868 | loss=0.9560 | diff=0.5972 | kd=0.2902 | recon=0.3298 | t=8s
  Ep 119 | step 0150/1868 | loss=0.9820 | diff=0.5993 | kd=0.3561 | recon=0.3471 | t=12s
  Ep 119 | step 0200/1868 | loss=1.0950 | diff=0.6027 | kd=0.4355 | recon=0.4488 | t=16s
  Ep 119 | step 0250/1868 | loss=1.0282 | diff=0.5991 | kd=0.4762 | recon=0.3814 | t=20s
  Ep 119 | step 0300/1868 | loss=1.0407 | diff=0.5989 | kd=0.4068 | recon=0.4011 | t=24s
  Ep 119 | step 0350/1868 | loss=1.0113 | diff=0.5978 | kd=0.4107 | recon=0.3724 | t=28s
  Ep 119 | step 0400/1868 | loss=1.0043 | diff=0.6010 | kd=0.4815 | recon=0.3551 | t=32s
  Ep 119 | step 0450/1868 | loss=1.0552 | diff=0.5978 | kd=0.3476 | recon=0.4226 | t=36s
  Ep 119 | step 0500/1868 | loss=0.9857 | diff=0.5972 | kd=0.4752 | recon=0.3409 | t=39s
  Ep 119 | step 0550/1868 | loss=1.0521 | diff=0.5978 | kd=0.3894 | recon=0.4153 | t=43s
  Ep 119 | step 0600/1868 | loss=1.0530 | diff=0.5956 | kd=0.3062 | recon=0.4268 | t=47s
  Ep 119 | step 0650/1868 | loss=1.0530 | diff=0.5964 | kd=0.4534 | recon=0.4112 | t=51s
  Ep 119 | step 0700/1868 | loss=1.1160 | diff=0.5969 | kd=0.6369 | recon=0.4554 | t=55s
  Ep 119 | step 0750/1868 | loss=1.0745 | diff=0.5950 | kd=0.9789 | recon=0.3817 | t=59s
  Ep 119 | step 0800/1868 | loss=1.0129 | diff=0.5976 | kd=0.3934 | recon=0.3760 | t=63s
  Ep 119 | step 0850/1868 | loss=1.1665 | diff=0.5975 | kd=0.8057 | recon=0.4884 | t=67s
  Ep 119 | step 0900/1868 | loss=1.0334 | diff=0.5966 | kd=0.5962 | recon=0.3772 | t=71s
  Ep 119 | step 0950/1868 | loss=1.0538 | diff=0.5989 | kd=0.4825 | recon=0.4066 | t=75s
  Ep 119 | step 1000/1868 | loss=1.1354 | diff=0.5983 | kd=0.7919 | recon=0.4579 | t=78s
  Ep 119 | step 1050/1868 | loss=1.0482 | diff=0.5974 | kd=0.2818 | recon=0.4227 | t=82s
  Ep 119 | step 1100/1868 | loss=1.0783 | diff=0.5973 | kd=0.2832 | recon=0.4526 | t=86s
  Ep 119 | step 1150/1868 | loss=1.0848 | diff=0.6109 | kd=0.6586 | recon=0.4080 | t=90s
  Ep 119 | step 1200/1868 | loss=1.0051 | diff=0.6007 | kd=0.5124 | recon=0.3532 | t=94s
  Ep 119 | step 1250/1868 | loss=0.9914 | diff=0.5997 | kd=0.5064 | recon=0.3410 | t=98s
  Ep 119 | step 1300/1868 | loss=1.0671 | diff=0.5982 | kd=0.4412 | recon=0.4248 | t=102s
  Ep 119 | step 1350/1868 | loss=0.9947 | diff=0.5933 | kd=0.3916 | recon=0.3622 | t=106s
  Ep 119 | step 1400/1868 | loss=1.0734 | diff=0.6011 | kd=0.4026 | recon=0.4320 | t=110s
  Ep 119 | step 1450/1868 | loss=1.0083 | diff=0.5966 | kd=0.3805 | recon=0.3737 | t=113s
  Ep 119 | step 1500/1868 | loss=0.9970 | diff=0.5986 | kd=0.6017 | recon=0.3383 | t=117s
  Ep 119 | step 1550/1868 | loss=1.1192 | diff=0.5975 | kd=0.3715 | recon=0.4845 | t=121s
  Ep 119 | step 1600/1868 | loss=1.1113 | diff=0.5993 | kd=0.5251 | recon=0.4595 | t=125s
  Ep 119 | step 1650/1868 | loss=1.0464 | diff=0.5965 | kd=0.5927 | recon=0.3906 | t=129s
  Ep 119 | step 1700/1868 | loss=0.9919 | diff=0.5961 | kd=0.3837 | recon=0.3574 | t=133s
  Ep 119 | step 1750/1868 | loss=1.1687 | diff=0.6013 | kd=0.5780 | recon=0.5096 | t=137s
  Ep 119 | step 1800/1868 | loss=1.0557 | diff=0.5968 | kd=0.4715 | recon=0.4118 | t=141s
  Ep 119 | step 1850/1868 | loss=0.9993 | diff=0.5989 | kd=0.3558 | recon=0.3648 | t=145s

  ── Epoch 119/200 (189s) ──────────────────────
  Train  loss=1.0497  diff=0.5995  kd=0.4486  recon=0.4053
  Val    loss=1.0491  RMSE=0.4895  MAE=0.4050  lr=3.59e-05

  Ep 120 | step 0000/1868 | loss=0.9922 | diff=0.6023 | kd=0.3310 | recon=0.3568 | t=1s
  Ep 120 | step 0050/1868 | loss=1.1787 | diff=0.6242 | kd=0.5563 | recon=0.4988 | t=4s
  Ep 120 | step 0100/1868 | loss=1.0743 | diff=0.5976 | kd=0.3381 | recon=0.4429 | t=8s
  Ep 120 | step 0150/1868 | loss=1.0054 | diff=0.5955 | kd=0.3507 | recon=0.3749 | t=12s
  Ep 120 | step 0200/1868 | loss=0.9906 | diff=0.5959 | kd=0.3447 | recon=0.3602 | t=16s
  Ep 120 | step 0250/1868 | loss=1.0051 | diff=0.5955 | kd=0.4013 | recon=0.3695 | t=20s
  Ep 120 | step 0300/1868 | loss=1.2192 | diff=0.5980 | kd=0.3676 | recon=0.5844 | t=24s
  Ep 120 | step 0350/1868 | loss=1.0417 | diff=0.6029 | kd=0.2904 | recon=0.4097 | t=28s
  Ep 120 | step 0400/1868 | loss=1.0052 | diff=0.5945 | kd=0.5498 | recon=0.3557 | t=31s
  Ep 120 | step 0450/1868 | loss=1.0499 | diff=0.5984 | kd=0.4928 | recon=0.4022 | t=35s
  Ep 120 | step 0500/1868 | loss=1.0665 | diff=0.5917 | kd=0.5157 | recon=0.4232 | t=39s
  Ep 120 | step 0550/1868 | loss=1.0017 | diff=0.5939 | kd=0.5207 | recon=0.3558 | t=43s
  Ep 120 | step 0600/1868 | loss=1.0722 | diff=0.5956 | kd=0.4689 | recon=0.4297 | t=47s
  Ep 120 | step 0650/1868 | loss=1.1731 | diff=0.5988 | kd=0.4510 | recon=0.5293 | t=51s
  Ep 120 | step 0700/1868 | loss=1.0854 | diff=0.5944 | kd=0.5485 | recon=0.4362 | t=55s
  Ep 120 | step 0750/1868 | loss=1.0533 | diff=0.5987 | kd=0.3988 | recon=0.4148 | t=59s
  Ep 120 | step 0800/1868 | loss=1.0339 | diff=0.5967 | kd=0.4220 | recon=0.3949 | t=63s
  Ep 120 | step 0850/1868 | loss=1.0150 | diff=0.5933 | kd=0.4067 | recon=0.3810 | t=66s
  Ep 120 | step 0900/1868 | loss=1.0347 | diff=0.5960 | kd=0.4939 | recon=0.3893 | t=70s
  Ep 120 | step 0950/1868 | loss=1.0511 | diff=0.5981 | kd=0.3796 | recon=0.4150 | t=74s
  Ep 120 | step 1000/1868 | loss=0.9872 | diff=0.5931 | kd=0.3127 | recon=0.3628 | t=78s
  Ep 120 | step 1050/1868 | loss=1.0722 | diff=0.6102 | kd=0.2819 | recon=0.4337 | t=82s
  Ep 120 | step 1100/1868 | loss=1.0254 | diff=0.5975 | kd=0.3246 | recon=0.3954 | t=86s
  Ep 120 | step 1150/1868 | loss=0.9998 | diff=0.5974 | kd=0.4418 | recon=0.3583 | t=90s
  Ep 120 | step 1200/1868 | loss=1.1519 | diff=0.6265 | kd=0.3944 | recon=0.4860 | t=94s
  Ep 120 | step 1250/1868 | loss=1.0622 | diff=0.5970 | kd=0.4271 | recon=0.4225 | t=97s
  Ep 120 | step 1300/1868 | loss=1.0256 | diff=0.6158 | kd=0.4200 | recon=0.3677 | t=101s
  Ep 120 | step 1350/1868 | loss=0.9756 | diff=0.6007 | kd=0.2611 | recon=0.3487 | t=105s
  Ep 120 | step 1400/1868 | loss=0.9921 | diff=0.5974 | kd=0.4196 | recon=0.3527 | t=109s
  Ep 120 | step 1450/1868 | loss=1.0173 | diff=0.5993 | kd=0.3813 | recon=0.3799 | t=113s
  Ep 120 | step 1500/1868 | loss=0.9746 | diff=0.6031 | kd=0.4222 | recon=0.3293 | t=117s
  Ep 120 | step 1550/1868 | loss=1.1356 | diff=0.5961 | kd=0.7360 | recon=0.4659 | t=121s
  Ep 120 | step 1600/1868 | loss=0.9448 | diff=0.5962 | kd=0.3314 | recon=0.3154 | t=125s
  Ep 120 | step 1650/1868 | loss=0.9790 | diff=0.5970 | kd=0.4252 | recon=0.3395 | t=129s
  Ep 120 | step 1700/1868 | loss=1.0315 | diff=0.5975 | kd=0.4896 | recon=0.3850 | t=132s
  Ep 120 | step 1750/1868 | loss=1.1312 | diff=0.5965 | kd=0.6021 | recon=0.4745 | t=136s
  Ep 120 | step 1800/1868 | loss=1.0643 | diff=0.5977 | kd=0.3949 | recon=0.4271 | t=140s
  Ep 120 | step 1850/1868 | loss=1.1326 | diff=0.5981 | kd=0.3069 | recon=0.5037 | t=144s

  ── Epoch 120/200 (189s) ──────────────────────
  Train  loss=1.0488  diff=0.5989  kd=0.4456  recon=0.4053
  Val    loss=1.0440  RMSE=0.4895  MAE=0.4050  lr=3.52e-05
  [BEST] Checkpoint saved → checkpoints/best_model.pth
  [EP120] Checkpoint saved → checkpoints/epoch_120.pth

  Ep 121 | step 0000/1868 | loss=1.0692 | diff=0.5992 | kd=0.5055 | recon=0.4195 | t=1s
  Ep 121 | step 0050/1868 | loss=1.0043 | diff=0.5936 | kd=0.3377 | recon=0.3769 | t=4s
  Ep 121 | step 0100/1868 | loss=1.0400 | diff=0.6003 | kd=0.4021 | recon=0.3995 | t=8s
  Ep 121 | step 0150/1868 | loss=1.0046 | diff=0.5961 | kd=0.3377 | recon=0.3747 | t=12s
  Ep 121 | step 0200/1868 | loss=1.0812 | diff=0.5980 | kd=0.4918 | recon=0.4340 | t=16s
  Ep 121 | step 0250/1868 | loss=0.9938 | diff=0.5981 | kd=0.3406 | recon=0.3616 | t=20s
  Ep 121 | step 0300/1868 | loss=1.0025 | diff=0.5964 | kd=0.3201 | recon=0.3741 | t=24s
  Ep 121 | step 0350/1868 | loss=1.1126 | diff=0.6131 | kd=0.5180 | recon=0.4477 | t=28s
  Ep 121 | step 0400/1868 | loss=0.9843 | diff=0.6110 | kd=0.3370 | recon=0.3396 | t=32s
  Ep 121 | step 0450/1868 | loss=1.1760 | diff=0.5995 | kd=0.5598 | recon=0.5205 | t=36s
  Ep 121 | step 0500/1868 | loss=1.0373 | diff=0.5997 | kd=0.3911 | recon=0.3985 | t=40s
  Ep 121 | step 0550/1868 | loss=1.0800 | diff=0.5966 | kd=0.3608 | recon=0.4473 | t=43s
  Ep 121 | step 0600/1868 | loss=1.1073 | diff=0.6018 | kd=0.5626 | recon=0.4493 | t=47s
  Ep 121 | step 0650/1868 | loss=1.0682 | diff=0.5973 | kd=0.5514 | recon=0.4157 | t=51s
  Ep 121 | step 0700/1868 | loss=1.0167 | diff=0.5997 | kd=0.5399 | recon=0.3630 | t=55s
  Ep 121 | step 0750/1868 | loss=1.0310 | diff=0.5956 | kd=0.3654 | recon=0.3989 | t=59s
  Ep 121 | step 0800/1868 | loss=1.0523 | diff=0.5963 | kd=0.3702 | recon=0.4189 | t=63s
  Ep 121 | step 0850/1868 | loss=1.0018 | diff=0.5962 | kd=0.3121 | recon=0.3744 | t=67s
  Ep 121 | step 0900/1868 | loss=1.0437 | diff=0.5983 | kd=0.6007 | recon=0.3854 | t=71s
  Ep 121 | step 0950/1868 | loss=1.1627 | diff=0.5993 | kd=0.3456 | recon=0.5288 | t=75s
  Ep 121 | step 1000/1868 | loss=1.0713 | diff=0.6015 | kd=0.4141 | recon=0.4284 | t=78s
  Ep 121 | step 1050/1868 | loss=1.0327 | diff=0.6014 | kd=0.5010 | recon=0.3812 | t=82s
  Ep 121 | step 1100/1868 | loss=1.0427 | diff=0.5967 | kd=0.3699 | recon=0.4091 | t=86s
  Ep 121 | step 1150/1868 | loss=1.0019 | diff=0.5951 | kd=0.4596 | recon=0.3608 | t=90s
  Ep 121 | step 1200/1868 | loss=1.0685 | diff=0.5987 | kd=0.5271 | recon=0.4171 | t=94s
  Ep 121 | step 1250/1868 | loss=1.0885 | diff=0.5954 | kd=0.3302 | recon=0.4600 | t=98s
  Ep 121 | step 1300/1868 | loss=1.0770 | diff=0.5963 | kd=0.3405 | recon=0.4466 | t=102s
  Ep 121 | step 1350/1868 | loss=1.0337 | diff=0.5954 | kd=0.5802 | recon=0.3802 | t=106s
  Ep 121 | step 1400/1868 | loss=1.0431 | diff=0.5983 | kd=0.3169 | recon=0.4132 | t=109s
  Ep 121 | step 1450/1868 | loss=1.0640 | diff=0.6019 | kd=0.6177 | recon=0.4004 | t=113s
  Ep 121 | step 1500/1868 | loss=1.0695 | diff=0.5978 | kd=0.4673 | recon=0.4250 | t=117s
  Ep 121 | step 1550/1868 | loss=1.1063 | diff=0.5966 | kd=0.5590 | recon=0.4538 | t=121s
  Ep 121 | step 1600/1868 | loss=0.9736 | diff=0.5965 | kd=0.4724 | recon=0.3298 | t=125s
  Ep 121 | step 1650/1868 | loss=1.0159 | diff=0.5929 | kd=0.2696 | recon=0.3960 | t=129s
  Ep 121 | step 1700/1868 | loss=1.1473 | diff=0.6550 | kd=0.4759 | recon=0.4447 | t=133s
  Ep 121 | step 1750/1868 | loss=1.0208 | diff=0.5973 | kd=0.4455 | recon=0.3789 | t=137s
  Ep 121 | step 1800/1868 | loss=1.0422 | diff=0.5979 | kd=0.5219 | recon=0.3921 | t=141s
  Ep 121 | step 1850/1868 | loss=1.0715 | diff=0.5958 | kd=0.5882 | recon=0.4169 | t=145s

  ── Epoch 121/200 (189s) ──────────────────────
  Train  loss=1.0491  diff=0.5994  kd=0.4427  recon=0.4053
  Val    loss=1.0456  RMSE=0.4895  MAE=0.4050  lr=3.45e-05

  Ep 122 | step 0000/1868 | loss=1.0354 | diff=0.5947 | kd=0.2824 | recon=0.4124 | t=1s
  Ep 122 | step 0050/1868 | loss=1.0377 | diff=0.6002 | kd=0.4617 | recon=0.3913 | t=5s
  Ep 122 | step 0100/1868 | loss=1.0695 | diff=0.5978 | kd=0.4692 | recon=0.4249 | t=8s
  Ep 122 | step 0150/1868 | loss=1.0470 | diff=0.5998 | kd=0.4860 | recon=0.3986 | t=12s
  Ep 122 | step 0200/1868 | loss=1.0274 | diff=0.5942 | kd=0.3220 | recon=0.4010 | t=16s
  Ep 122 | step 0250/1868 | loss=0.9873 | diff=0.5983 | kd=0.5822 | recon=0.3308 | t=20s
  Ep 122 | step 0300/1868 | loss=1.0619 | diff=0.6024 | kd=0.6962 | recon=0.3899 | t=24s
  Ep 122 | step 0350/1868 | loss=1.0295 | diff=0.5958 | kd=0.3288 | recon=0.4008 | t=28s
  Ep 122 | step 0400/1868 | loss=0.9424 | diff=0.5957 | kd=0.3466 | recon=0.3120 | t=32s
  Ep 122 | step 0450/1868 | loss=1.1177 | diff=0.5959 | kd=0.4735 | recon=0.4745 | t=36s
  Ep 122 | step 0500/1868 | loss=1.0255 | diff=0.5977 | kd=0.4120 | recon=0.3865 | t=40s
  Ep 122 | step 0550/1868 | loss=1.1209 | diff=0.5971 | kd=0.3860 | recon=0.4852 | t=44s
  Ep 122 | step 0600/1868 | loss=0.9924 | diff=0.5959 | kd=0.4232 | recon=0.3542 | t=48s
  Ep 122 | step 0650/1868 | loss=1.1149 | diff=0.5974 | kd=0.5875 | recon=0.4587 | t=52s
  Ep 122 | step 0700/1868 | loss=0.9833 | diff=0.5947 | kd=0.4425 | recon=0.3443 | t=56s
  Ep 122 | step 0750/1868 | loss=1.0594 | diff=0.6210 | kd=0.3672 | recon=0.4016 | t=59s
  Ep 122 | step 0800/1868 | loss=0.9896 | diff=0.5948 | kd=0.2653 | recon=0.3683 | t=63s
  Ep 122 | step 0850/1868 | loss=1.1184 | diff=0.5971 | kd=0.3788 | recon=0.4833 | t=67s
  Ep 122 | step 0900/1868 | loss=1.0244 | diff=0.5955 | kd=0.3710 | recon=0.3918 | t=71s
  Ep 122 | step 0950/1868 | loss=1.0020 | diff=0.5959 | kd=0.3838 | recon=0.3676 | t=75s
  Ep 122 | step 1000/1868 | loss=1.0498 | diff=0.5976 | kd=0.4119 | recon=0.4110 | t=79s
  Ep 122 | step 1050/1868 | loss=1.0098 | diff=0.5973 | kd=0.2938 | recon=0.3831 | t=83s
  Ep 122 | step 1100/1868 | loss=1.0290 | diff=0.5942 | kd=0.2682 | recon=0.4079 | t=87s
  Ep 122 | step 1150/1868 | loss=1.0636 | diff=0.5966 | kd=0.3875 | recon=0.4283 | t=91s
  Ep 122 | step 1200/1868 | loss=0.9974 | diff=0.5921 | kd=0.4268 | recon=0.3626 | t=95s
  Ep 122 | step 1250/1868 | loss=1.0359 | diff=0.5947 | kd=0.4710 | recon=0.3941 | t=99s
  Ep 122 | step 1300/1868 | loss=1.0775 | diff=0.5967 | kd=0.3803 | recon=0.4427 | t=103s
  Ep 122 | step 1350/1868 | loss=1.0704 | diff=0.5902 | kd=0.4874 | recon=0.4315 | t=106s
  Ep 122 | step 1400/1868 | loss=1.0953 | diff=0.5941 | kd=0.7728 | recon=0.4239 | t=110s
  Ep 122 | step 1450/1868 | loss=0.9836 | diff=0.5987 | kd=0.2519 | recon=0.3597 | t=114s
  Ep 122 | step 1500/1868 | loss=0.9740 | diff=0.6012 | kd=0.4066 | recon=0.3322 | t=118s
  Ep 122 | step 1550/1868 | loss=1.0301 | diff=0.5987 | kd=0.4357 | recon=0.3878 | t=122s
  Ep 122 | step 1600/1868 | loss=0.9965 | diff=0.5956 | kd=0.4821 | recon=0.3527 | t=126s
  Ep 122 | step 1650/1868 | loss=1.0131 | diff=0.5970 | kd=0.4715 | recon=0.3689 | t=130s
  Ep 122 | step 1700/1868 | loss=1.0238 | diff=0.5963 | kd=0.3529 | recon=0.3922 | t=134s
  Ep 122 | step 1750/1868 | loss=1.0338 | diff=0.6023 | kd=0.3849 | recon=0.3931 | t=138s
  Ep 122 | step 1800/1868 | loss=1.1096 | diff=0.5942 | kd=0.5670 | recon=0.4588 | t=142s
  Ep 122 | step 1850/1868 | loss=1.0647 | diff=0.6337 | kd=0.5000 | recon=0.3809 | t=146s

  ── Epoch 122/200 (190s) ──────────────────────
  Train  loss=1.0476  diff=0.5980  kd=0.4420  recon=0.4053
  Val    loss=1.0466  RMSE=0.4895  MAE=0.4050  lr=3.37e-05

  Ep 123 | step 0000/1868 | loss=1.0860 | diff=0.5975 | kd=0.2834 | recon=0.4602 | t=1s
  Ep 123 | step 0050/1868 | loss=1.1298 | diff=0.5943 | kd=0.3565 | recon=0.4999 | t=5s
  Ep 123 | step 0100/1868 | loss=1.0559 | diff=0.5965 | kd=0.4044 | recon=0.4190 | t=9s
  Ep 123 | step 0150/1868 | loss=1.0452 | diff=0.5957 | kd=0.4340 | recon=0.4060 | t=12s
  Ep 123 | step 0200/1868 | loss=1.0943 | diff=0.5979 | kd=0.4030 | recon=0.4561 | t=16s
  Ep 123 | step 0250/1868 | loss=1.0434 | diff=0.5971 | kd=0.3110 | recon=0.4151 | t=20s
  Ep 123 | step 0300/1868 | loss=0.9845 | diff=0.5956 | kd=0.3878 | recon=0.3501 | t=24s
  Ep 123 | step 0350/1868 | loss=1.0359 | diff=0.6489 | kd=0.3628 | recon=0.3507 | t=28s
  Ep 123 | step 0400/1868 | loss=1.0316 | diff=0.5971 | kd=0.3099 | recon=0.4035 | t=32s
  Ep 123 | step 0450/1868 | loss=1.0350 | diff=0.5971 | kd=0.5278 | recon=0.3852 | t=36s
  Ep 123 | step 0500/1868 | loss=1.0455 | diff=0.5981 | kd=0.3782 | recon=0.4096 | t=40s
  Ep 123 | step 0550/1868 | loss=1.1149 | diff=0.5978 | kd=0.6874 | recon=0.4484 | t=44s
  Ep 123 | step 0600/1868 | loss=1.0285 | diff=0.5957 | kd=0.5359 | recon=0.3793 | t=48s
  Ep 123 | step 0650/1868 | loss=1.0693 | diff=0.5945 | kd=0.8100 | recon=0.3939 | t=52s
  Ep 123 | step 0700/1868 | loss=1.1058 | diff=0.6004 | kd=0.3651 | recon=0.4689 | t=56s
  Ep 123 | step 0750/1868 | loss=0.9946 | diff=0.5954 | kd=0.4634 | recon=0.3529 | t=60s
  Ep 123 | step 0800/1868 | loss=1.0755 | diff=0.5952 | kd=0.5812 | recon=0.4222 | t=64s
  Ep 123 | step 0850/1868 | loss=0.9971 | diff=0.5946 | kd=0.3019 | recon=0.3723 | t=68s
  Ep 123 | step 0900/1868 | loss=1.0806 | diff=0.5980 | kd=0.3246 | recon=0.4502 | t=71s
  Ep 123 | step 0950/1868 | loss=1.0139 | diff=0.5951 | kd=0.4680 | recon=0.3721 | t=75s
  Ep 123 | step 1000/1868 | loss=1.0617 | diff=0.5972 | kd=0.3139 | recon=0.4331 | t=79s
  Ep 123 | step 1050/1868 | loss=1.0130 | diff=0.5947 | kd=0.4440 | recon=0.3739 | t=83s
  Ep 123 | step 1100/1868 | loss=0.9698 | diff=0.5998 | kd=0.3783 | recon=0.3322 | t=87s
  Ep 123 | step 1150/1868 | loss=1.0339 | diff=0.5971 | kd=0.3620 | recon=0.4006 | t=91s
  Ep 123 | step 1200/1868 | loss=1.0904 | diff=0.5992 | kd=0.3706 | recon=0.4542 | t=95s
  Ep 123 | step 1250/1868 | loss=1.0573 | diff=0.5986 | kd=0.5186 | recon=0.4069 | t=99s
  Ep 123 | step 1300/1868 | loss=0.9709 | diff=0.5938 | kd=0.3474 | recon=0.3423 | t=103s
  Ep 123 | step 1350/1868 | loss=1.0979 | diff=0.5938 | kd=0.4560 | recon=0.4585 | t=107s
  Ep 123 | step 1400/1868 | loss=1.0857 | diff=0.5965 | kd=0.3621 | recon=0.4530 | t=111s
  Ep 123 | step 1450/1868 | loss=1.1195 | diff=0.5995 | kd=0.6313 | recon=0.4569 | t=115s
  Ep 123 | step 1500/1868 | loss=1.0716 | diff=0.5986 | kd=0.3648 | recon=0.4365 | t=119s
  Ep 123 | step 1550/1868 | loss=1.1188 | diff=0.5956 | kd=0.7009 | recon=0.4532 | t=123s
  Ep 123 | step 1600/1868 | loss=1.1632 | diff=0.5974 | kd=0.4323 | recon=0.5225 | t=127s
  Ep 123 | step 1650/1868 | loss=1.0544 | diff=0.5946 | kd=0.4214 | recon=0.4177 | t=130s
  Ep 123 | step 1700/1868 | loss=1.0747 | diff=0.5943 | kd=0.4693 | recon=0.4335 | t=134s
  Ep 123 | step 1750/1868 | loss=0.9827 | diff=0.5938 | kd=0.5372 | recon=0.3352 | t=138s
  Ep 123 | step 1800/1868 | loss=1.0345 | diff=0.5957 | kd=0.3536 | recon=0.4035 | t=142s
  Ep 123 | step 1850/1868 | loss=1.0337 | diff=0.5995 | kd=0.3726 | recon=0.3969 | t=146s

  ── Epoch 123/200 (191s) ──────────────────────
  Train  loss=1.0476  diff=0.5982  kd=0.4413  recon=0.4053
  Val    loss=1.0451  RMSE=0.4895  MAE=0.4050  lr=3.30e-05

  Ep 124 | step 0000/1868 | loss=1.0397 | diff=0.5958 | kd=0.5481 | recon=0.3891 | t=1s
  Ep 124 | step 0050/1868 | loss=1.0825 | diff=0.5953 | kd=0.6523 | recon=0.4219 | t=5s
  Ep 124 | step 0100/1868 | loss=1.0646 | diff=0.5948 | kd=0.4541 | recon=0.4245 | t=8s
  Ep 124 | step 0150/1868 | loss=0.9847 | diff=0.5954 | kd=0.5075 | recon=0.3385 | t=12s
  Ep 124 | step 0200/1868 | loss=1.0662 | diff=0.5948 | kd=0.3132 | recon=0.4400 | t=16s
  Ep 124 | step 0250/1868 | loss=1.0983 | diff=0.5956 | kd=0.3005 | recon=0.4726 | t=20s
  Ep 124 | step 0300/1868 | loss=1.0718 | diff=0.5971 | kd=0.5952 | recon=0.4152 | t=24s
  Ep 124 | step 0350/1868 | loss=1.0779 | diff=0.5965 | kd=0.5331 | recon=0.4281 | t=28s
  Ep 124 | step 0400/1868 | loss=1.0179 | diff=0.5940 | kd=0.5967 | recon=0.3642 | t=32s
  Ep 124 | step 0450/1868 | loss=1.0346 | diff=0.5958 | kd=0.5191 | recon=0.3869 | t=36s
  Ep 124 | step 0500/1868 | loss=1.0180 | diff=0.5915 | kd=0.4712 | recon=0.3794 | t=40s
  Ep 124 | step 0550/1868 | loss=1.0023 | diff=0.5963 | kd=0.3660 | recon=0.3694 | t=44s
  Ep 124 | step 0600/1868 | loss=1.0828 | diff=0.6736 | kd=0.4179 | recon=0.3674 | t=48s
  Ep 124 | step 0650/1868 | loss=0.9487 | diff=0.5955 | kd=0.2967 | recon=0.3236 | t=51s
  Ep 124 | step 0700/1868 | loss=1.0155 | diff=0.5987 | kd=0.5032 | recon=0.3665 | t=55s
  Ep 124 | step 0750/1868 | loss=1.0590 | diff=0.5947 | kd=0.3490 | recon=0.4294 | t=59s
  Ep 124 | step 0800/1868 | loss=1.0517 | diff=0.5961 | kd=0.5176 | recon=0.4039 | t=63s
  Ep 124 | step 0850/1868 | loss=1.0525 | diff=0.5948 | kd=0.6070 | recon=0.3970 | t=67s
  Ep 124 | step 0900/1868 | loss=1.0352 | diff=0.5928 | kd=0.4419 | recon=0.3982 | t=71s
  Ep 124 | step 0950/1868 | loss=1.0648 | diff=0.5910 | kd=0.4237 | recon=0.4315 | t=75s
  Ep 124 | step 1000/1868 | loss=1.0095 | diff=0.5935 | kd=0.3407 | recon=0.3818 | t=79s
  Ep 124 | step 1050/1868 | loss=1.0232 | diff=0.5965 | kd=0.3701 | recon=0.3897 | t=83s
  Ep 124 | step 1100/1868 | loss=0.9328 | diff=0.5925 | kd=0.3607 | recon=0.3043 | t=86s
  Ep 124 | step 1150/1868 | loss=1.0623 | diff=0.5957 | kd=0.4202 | recon=0.4246 | t=90s
  Ep 124 | step 1200/1868 | loss=1.0960 | diff=0.5942 | kd=0.5670 | recon=0.4451 | t=94s
  Ep 124 | step 1250/1868 | loss=1.0830 | diff=0.5957 | kd=0.4824 | recon=0.4391 | t=98s
  Ep 124 | step 1300/1868 | loss=1.1737 | diff=0.5888 | kd=0.4022 | recon=0.5447 | t=102s
  Ep 124 | step 1350/1868 | loss=0.9573 | diff=0.5945 | kd=0.3671 | recon=0.3261 | t=106s
  Ep 124 | step 1400/1868 | loss=0.9728 | diff=0.5987 | kd=0.6089 | recon=0.3132 | t=110s
  Ep 124 | step 1450/1868 | loss=0.9979 | diff=0.6002 | kd=0.4577 | recon=0.3519 | t=114s
  Ep 124 | step 1500/1868 | loss=1.0803 | diff=0.5964 | kd=0.4979 | recon=0.4342 | t=118s
  Ep 124 | step 1550/1868 | loss=1.0663 | diff=0.5933 | kd=0.5273 | recon=0.4203 | t=122s
  Ep 124 | step 1600/1868 | loss=1.0488 | diff=0.5969 | kd=0.4379 | recon=0.4081 | t=125s
  Ep 124 | step 1650/1868 | loss=1.0718 | diff=0.5920 | kd=0.8637 | recon=0.3935 | t=129s
  Ep 124 | step 1700/1868 | loss=0.9783 | diff=0.5983 | kd=0.3066 | recon=0.3493 | t=133s
  Ep 124 | step 1750/1868 | loss=1.0775 | diff=0.5908 | kd=0.4682 | recon=0.4398 | t=137s
  Ep 124 | step 1800/1868 | loss=1.0749 | diff=0.5929 | kd=0.5483 | recon=0.4272 | t=141s
  Ep 124 | step 1850/1868 | loss=1.0419 | diff=0.5961 | kd=0.4231 | recon=0.4035 | t=145s

  ── Epoch 124/200 (189s) ──────────────────────
  Train  loss=1.0467  diff=0.5973  kd=0.4405  recon=0.4053
  Val    loss=1.0412  RMSE=0.4895  MAE=0.4050  lr=3.23e-05
  [BEST] Checkpoint saved → checkpoints/best_model.pth

  Ep 125 | step 0000/1868 | loss=1.0535 | diff=0.5945 | kd=0.3377 | recon=0.4252 | t=1s
  Ep 125 | step 0050/1868 | loss=1.0145 | diff=0.5920 | kd=0.3382 | recon=0.3887 | t=4s
  Ep 125 | step 0100/1868 | loss=1.0022 | diff=0.5946 | kd=0.4740 | recon=0.3602 | t=8s
  Ep 125 | step 0150/1868 | loss=1.0969 | diff=0.5961 | kd=0.5060 | recon=0.4502 | t=12s
  Ep 125 | step 0200/1868 | loss=1.0228 | diff=0.5953 | kd=0.5386 | recon=0.3737 | t=16s
  Ep 125 | step 0250/1868 | loss=1.0802 | diff=0.5933 | kd=0.3966 | recon=0.4472 | t=20s
  Ep 125 | step 0300/1868 | loss=1.0797 | diff=0.5922 | kd=0.6836 | recon=0.4192 | t=24s
  Ep 125 | step 0350/1868 | loss=1.0060 | diff=0.5950 | kd=0.4983 | recon=0.3611 | t=28s
  Ep 125 | step 0400/1868 | loss=1.0223 | diff=0.5970 | kd=0.5410 | recon=0.3712 | t=32s
  Ep 125 | step 0450/1868 | loss=0.9789 | diff=0.5956 | kd=0.3797 | recon=0.3454 | t=36s
  Ep 125 | step 0500/1868 | loss=1.0516 | diff=0.5972 | kd=0.5849 | recon=0.3959 | t=40s
  Ep 125 | step 0550/1868 | loss=0.9909 | diff=0.5955 | kd=0.4459 | recon=0.3508 | t=44s
  Ep 125 | step 0600/1868 | loss=1.0467 | diff=0.5955 | kd=0.3506 | recon=0.4161 | t=48s
  Ep 125 | step 0650/1868 | loss=1.0686 | diff=0.5964 | kd=0.5493 | recon=0.4172 | t=51s
  Ep 125 | step 0700/1868 | loss=1.0740 | diff=0.5974 | kd=0.3768 | recon=0.4389 | t=55s
  Ep 125 | step 0750/1868 | loss=0.9527 | diff=0.5996 | kd=0.2601 | recon=0.3271 | t=59s
  Ep 125 | step 0800/1868 | loss=1.0570 | diff=0.5972 | kd=0.3995 | recon=0.4199 | t=63s
  Ep 125 | step 0850/1868 | loss=1.0398 | diff=0.5959 | kd=0.5060 | recon=0.3932 | t=67s
  Ep 125 | step 0900/1868 | loss=1.0036 | diff=0.5926 | kd=0.2707 | recon=0.3839 | t=71s
  Ep 125 | step 0950/1868 | loss=1.0130 | diff=0.6264 | kd=0.3919 | recon=0.3475 | t=75s
  Ep 125 | step 1000/1868 | loss=1.0558 | diff=0.5956 | kd=0.3506 | recon=0.4251 | t=79s
  Ep 125 | step 1050/1868 | loss=1.0049 | diff=0.5925 | kd=0.4561 | recon=0.3667 | t=83s
  Ep 125 | step 1100/1868 | loss=1.0127 | diff=0.6002 | kd=0.4528 | recon=0.3673 | t=87s
  Ep 125 | step 1150/1868 | loss=1.0370 | diff=0.6023 | kd=0.3543 | recon=0.3993 | t=91s
  Ep 125 | step 1200/1868 | loss=1.0572 | diff=0.6035 | kd=0.4213 | recon=0.4116 | t=95s
  Ep 125 | step 1250/1868 | loss=1.0184 | diff=0.5935 | kd=0.2881 | recon=0.3960 | t=99s
  Ep 125 | step 1300/1868 | loss=1.0324 | diff=0.5932 | kd=0.4346 | recon=0.3957 | t=103s
  Ep 125 | step 1350/1868 | loss=1.0643 | diff=0.5914 | kd=0.3113 | recon=0.4418 | t=107s
  Ep 125 | step 1400/1868 | loss=1.0678 | diff=0.5951 | kd=0.3173 | recon=0.4410 | t=110s
  Ep 125 | step 1450/1868 | loss=1.0259 | diff=0.5969 | kd=0.5003 | recon=0.3789 | t=114s
  Ep 125 | step 1500/1868 | loss=1.0588 | diff=0.5959 | kd=0.4419 | recon=0.4187 | t=118s
  Ep 125 | step 1550/1868 | loss=1.0235 | diff=0.5975 | kd=0.5014 | recon=0.3759 | t=122s
  Ep 125 | step 1600/1868 | loss=1.0870 | diff=0.5979 | kd=0.3182 | recon=0.4572 | t=126s
  Ep 125 | step 1650/1868 | loss=1.1063 | diff=0.6510 | kd=0.3406 | recon=0.4212 | t=130s
  Ep 125 | step 1700/1868 | loss=1.0504 | diff=0.5962 | kd=0.2989 | recon=0.4243 | t=134s
  Ep 125 | step 1750/1868 | loss=1.0210 | diff=0.5995 | kd=0.3436 | recon=0.3872 | t=138s
  Ep 125 | step 1800/1868 | loss=1.0272 | diff=0.5991 | kd=0.3834 | recon=0.3898 | t=142s
  Ep 125 | step 1850/1868 | loss=1.0719 | diff=0.5967 | kd=0.4300 | recon=0.4323 | t=146s

  ── Epoch 125/200 (190s) ──────────────────────
  Train  loss=1.0468  diff=0.5977  kd=0.4373  recon=0.4053
  Val    loss=1.0421  RMSE=0.4894  MAE=0.4050  lr=3.16e-05

  Ep 126 | step 0000/1868 | loss=1.0881 | diff=0.5942 | kd=0.7856 | recon=0.4153 | t=1s
  Ep 126 | step 0050/1868 | loss=1.0108 | diff=0.6009 | kd=0.5139 | recon=0.3585 | t=4s
  Ep 126 | step 0100/1868 | loss=1.1496 | diff=0.5975 | kd=0.3778 | recon=0.5143 | t=8s
  Ep 126 | step 0150/1868 | loss=1.0885 | diff=0.5977 | kd=0.4492 | recon=0.4459 | t=12s
  Ep 126 | step 0200/1868 | loss=0.9796 | diff=0.5955 | kd=0.3123 | recon=0.3529 | t=16s
  Ep 126 | step 0250/1868 | loss=1.0232 | diff=0.5961 | kd=0.3913 | recon=0.3879 | t=20s
  Ep 126 | step 0300/1868 | loss=1.1276 | diff=0.6385 | kd=0.3548 | recon=0.4537 | t=24s
  Ep 126 | step 0350/1868 | loss=0.9779 | diff=0.5950 | kd=0.4563 | recon=0.3373 | t=28s
  Ep 126 | step 0400/1868 | loss=1.0182 | diff=0.5951 | kd=0.4478 | recon=0.3783 | t=32s
  Ep 126 | step 0450/1868 | loss=1.0831 | diff=0.5924 | kd=0.6380 | recon=0.4269 | t=36s
  Ep 126 | step 0500/1868 | loss=1.0733 | diff=0.5937 | kd=0.4497 | recon=0.4347 | t=40s
  Ep 126 | step 0550/1868 | loss=1.0182 | diff=0.5949 | kd=0.3899 | recon=0.3843 | t=43s
  Ep 126 | step 0600/1868 | loss=1.1691 | diff=0.5976 | kd=0.4051 | recon=0.5310 | t=47s
  Ep 126 | step 0650/1868 | loss=1.0392 | diff=0.5947 | kd=0.3629 | recon=0.4082 | t=51s
  Ep 126 | step 0700/1868 | loss=1.0122 | diff=0.5926 | kd=0.5954 | recon=0.3601 | t=55s
  Ep 126 | step 0750/1868 | loss=1.0343 | diff=0.5953 | kd=0.5302 | recon=0.3860 | t=59s
  Ep 126 | step 0800/1868 | loss=1.1177 | diff=0.5936 | kd=0.4076 | recon=0.4833 | t=63s
  Ep 126 | step 0850/1868 | loss=1.0226 | diff=0.5910 | kd=0.4870 | recon=0.3828 | t=67s
  Ep 126 | step 0900/1868 | loss=1.0726 | diff=0.5937 | kd=0.3109 | recon=0.4478 | t=71s
  Ep 126 | step 0950/1868 | loss=1.0647 | diff=0.5947 | kd=0.4508 | recon=0.4249 | t=75s
  Ep 126 | step 1000/1868 | loss=1.0768 | diff=0.5951 | kd=0.4869 | recon=0.4330 | t=79s
  Ep 126 | step 1050/1868 | loss=1.1653 | diff=0.5924 | kd=0.3840 | recon=0.5345 | t=83s
  Ep 126 | step 1100/1868 | loss=1.0223 | diff=0.5969 | kd=0.5758 | recon=0.3678 | t=86s
  Ep 126 | step 1150/1868 | loss=0.9898 | diff=0.5963 | kd=0.3635 | recon=0.3571 | t=90s
  Ep 126 | step 1200/1868 | loss=0.9983 | diff=0.5921 | kd=0.3270 | recon=0.3735 | t=94s
  Ep 126 | step 1250/1868 | loss=0.9922 | diff=0.5901 | kd=0.3439 | recon=0.3678 | t=98s
  Ep 126 | step 1300/1868 | loss=1.0327 | diff=0.5948 | kd=0.5762 | recon=0.3803 | t=102s
  Ep 126 | step 1350/1868 | loss=1.0172 | diff=0.5977 | kd=0.4386 | recon=0.3757 | t=106s
  Ep 126 | step 1400/1868 | loss=1.0422 | diff=0.5956 | kd=0.3366 | recon=0.4129 | t=110s
  Ep 126 | step 1450/1868 | loss=1.0077 | diff=0.5925 | kd=0.3700 | recon=0.3782 | t=114s
  Ep 126 | step 1500/1868 | loss=1.0888 | diff=0.5987 | kd=0.5297 | recon=0.4371 | t=118s
  Ep 126 | step 1550/1868 | loss=1.0538 | diff=0.5933 | kd=0.4761 | recon=0.4129 | t=122s
  Ep 126 | step 1600/1868 | loss=1.0460 | diff=0.5971 | kd=0.3602 | recon=0.4129 | t=126s
  Ep 126 | step 1650/1868 | loss=0.9772 | diff=0.5958 | kd=0.4818 | recon=0.3332 | t=129s
  Ep 126 | step 1700/1868 | loss=1.0305 | diff=0.5918 | kd=0.3607 | recon=0.4027 | t=133s
  Ep 126 | step 1750/1868 | loss=1.0424 | diff=0.5965 | kd=0.4114 | recon=0.4047 | t=137s
  Ep 126 | step 1800/1868 | loss=1.1287 | diff=0.6521 | kd=0.4713 | recon=0.4295 | t=141s
  Ep 126 | step 1850/1868 | loss=1.1199 | diff=0.5980 | kd=0.2717 | recon=0.4947 | t=145s

  ── Epoch 126/200 (189s) ──────────────────────
  Train  loss=1.0459  diff=0.5968  kd=0.4372  recon=0.4053
  Val    loss=1.0444  RMSE=0.4895  MAE=0.4050  lr=3.08e-05

  Ep 127 | step 0000/1868 | loss=1.0935 | diff=0.6022 | kd=0.3994 | recon=0.4514 | t=1s
  Ep 127 | step 0050/1868 | loss=1.0465 | diff=0.5956 | kd=0.3080 | recon=0.4202 | t=4s
  Ep 127 | step 0100/1868 | loss=1.0315 | diff=0.5963 | kd=0.6153 | recon=0.3738 | t=8s
  Ep 127 | step 0150/1868 | loss=1.1270 | diff=0.6106 | kd=0.5338 | recon=0.4630 | t=12s
  Ep 127 | step 0200/1868 | loss=1.0783 | diff=0.5970 | kd=0.4107 | recon=0.4403 | t=16s
  Ep 127 | step 0250/1868 | loss=1.0365 | diff=0.5886 | kd=0.2904 | recon=0.4189 | t=20s
  Ep 127 | step 0300/1868 | loss=1.0583 | diff=0.5896 | kd=0.5663 | recon=0.4120 | t=24s
  Ep 127 | step 0350/1868 | loss=1.0287 | diff=0.5901 | kd=0.5012 | recon=0.3886 | t=28s
  Ep 127 | step 0400/1868 | loss=0.9974 | diff=0.5901 | kd=0.3337 | recon=0.3739 | t=32s
  Ep 127 | step 0450/1868 | loss=1.0387 | diff=0.5949 | kd=0.3731 | recon=0.4065 | t=36s
  Ep 127 | step 0500/1868 | loss=1.1498 | diff=0.5933 | kd=0.7578 | recon=0.4808 | t=40s
  Ep 127 | step 0550/1868 | loss=1.1030 | diff=0.5972 | kd=0.4911 | recon=0.4567 | t=44s
  Ep 127 | step 0600/1868 | loss=1.1097 | diff=0.5910 | kd=0.4578 | recon=0.4729 | t=47s
  Ep 127 | step 0650/1868 | loss=1.0411 | diff=0.5935 | kd=0.4557 | recon=0.4020 | t=51s
  Ep 127 | step 0700/1868 | loss=1.1690 | diff=0.5946 | kd=0.6845 | recon=0.5059 | t=55s
  Ep 127 | step 0750/1868 | loss=0.9883 | diff=0.5952 | kd=0.3304 | recon=0.3601 | t=59s
  Ep 127 | step 0800/1868 | loss=1.0455 | diff=0.5926 | kd=0.3854 | recon=0.4143 | t=63s
  Ep 127 | step 0850/1868 | loss=1.0334 | diff=0.5941 | kd=0.3606 | recon=0.4033 | t=67s
  Ep 127 | step 0900/1868 | loss=1.0246 | diff=0.5890 | kd=0.4346 | recon=0.3922 | t=71s
  Ep 127 | step 0950/1868 | loss=1.0885 | diff=0.5987 | kd=0.4833 | recon=0.4415 | t=75s
  Ep 127 | step 1000/1868 | loss=0.9997 | diff=0.5948 | kd=0.3975 | recon=0.3652 | t=79s
  Ep 127 | step 1050/1868 | loss=1.0852 | diff=0.5945 | kd=0.3501 | recon=0.4557 | t=83s
  Ep 127 | step 1100/1868 | loss=1.0194 | diff=0.5939 | kd=0.4343 | recon=0.3821 | t=86s
  Ep 127 | step 1150/1868 | loss=1.0198 | diff=0.6417 | kd=0.3621 | recon=0.3419 | t=90s
  Ep 127 | step 1200/1868 | loss=1.1221 | diff=0.6113 | kd=0.4622 | recon=0.4646 | t=94s
  Ep 127 | step 1250/1868 | loss=1.0990 | diff=0.5944 | kd=0.4473 | recon=0.4599 | t=98s
  Ep 127 | step 1300/1868 | loss=1.1482 | diff=0.5953 | kd=0.4030 | recon=0.5127 | t=102s
  Ep 127 | step 1350/1868 | loss=0.9920 | diff=0.5953 | kd=0.3695 | recon=0.3598 | t=106s
  Ep 127 | step 1400/1868 | loss=1.0678 | diff=0.5942 | kd=0.5557 | recon=0.4180 | t=110s
  Ep 127 | step 1450/1868 | loss=0.9673 | diff=0.5936 | kd=0.4167 | recon=0.3320 | t=114s
  Ep 127 | step 1500/1868 | loss=1.0883 | diff=0.6037 | kd=0.4495 | recon=0.4396 | t=118s
  Ep 127 | step 1550/1868 | loss=1.0154 | diff=0.5943 | kd=0.2624 | recon=0.3948 | t=122s
  Ep 127 | step 1600/1868 | loss=1.0148 | diff=0.5912 | kd=0.3942 | recon=0.3842 | t=125s
  Ep 127 | step 1650/1868 | loss=1.0634 | diff=0.5917 | kd=0.3049 | recon=0.4412 | t=129s
  Ep 127 | step 1700/1868 | loss=1.0541 | diff=0.5957 | kd=0.3973 | recon=0.4187 | t=133s
  Ep 127 | step 1750/1868 | loss=1.0644 | diff=0.6013 | kd=0.4099 | recon=0.4221 | t=137s
  Ep 127 | step 1800/1868 | loss=0.9991 | diff=0.5911 | kd=0.3994 | recon=0.3681 | t=141s
  Ep 127 | step 1850/1868 | loss=1.1012 | diff=0.6051 | kd=0.3865 | recon=0.4574 | t=145s

  ── Epoch 127/200 (189s) ──────────────────────
  Train  loss=1.0454  diff=0.5965  kd=0.4357  recon=0.4053
  Val    loss=1.0424  RMSE=0.4895  MAE=0.4050  lr=3.01e-05

  Ep 128 | step 0000/1868 | loss=1.0272 | diff=0.6074 | kd=0.3605 | recon=0.3837 | t=0s
  Ep 128 | step 0050/1868 | loss=0.9985 | diff=0.5967 | kd=0.3352 | recon=0.3683 | t=4s
  Ep 128 | step 0100/1868 | loss=1.0385 | diff=0.5998 | kd=0.3349 | recon=0.4052 | t=8s
  Ep 128 | step 0150/1868 | loss=1.0752 | diff=0.5971 | kd=0.3333 | recon=0.4449 | t=12s
  Ep 128 | step 0200/1868 | loss=1.0799 | diff=0.5896 | kd=0.4554 | recon=0.4448 | t=16s
  Ep 128 | step 0250/1868 | loss=1.0206 | diff=0.5971 | kd=0.4017 | recon=0.3833 | t=20s
  Ep 128 | step 0300/1868 | loss=1.0430 | diff=0.5939 | kd=0.3226 | recon=0.4169 | t=24s
  Ep 128 | step 0350/1868 | loss=1.1279 | diff=0.5962 | kd=0.6434 | recon=0.4674 | t=28s
  Ep 128 | step 0400/1868 | loss=0.9928 | diff=0.5916 | kd=0.3715 | recon=0.3641 | t=32s
  Ep 128 | step 0450/1868 | loss=1.1074 | diff=0.5932 | kd=0.4022 | recon=0.4740 | t=36s
  Ep 128 | step 0500/1868 | loss=1.0365 | diff=0.5937 | kd=0.8429 | recon=0.3586 | t=40s
  Ep 128 | step 0550/1868 | loss=1.0086 | diff=0.5935 | kd=0.3352 | recon=0.3816 | t=44s
  Ep 128 | step 0600/1868 | loss=1.1114 | diff=0.5996 | kd=0.3447 | recon=0.4774 | t=48s
  Ep 128 | step 0650/1868 | loss=1.0728 | diff=0.5901 | kd=0.5316 | recon=0.4295 | t=51s
  Ep 128 | step 0700/1868 | loss=1.0548 | diff=0.5926 | kd=0.4332 | recon=0.4189 | t=55s
  Ep 128 | step 0750/1868 | loss=1.0553 | diff=0.5923 | kd=0.6221 | recon=0.4008 | t=59s
  Ep 128 | step 0800/1868 | loss=1.0734 | diff=0.5968 | kd=0.4459 | recon=0.4320 | t=63s
  Ep 128 | step 0850/1868 | loss=1.1664 | diff=0.6448 | kd=1.0180 | recon=0.4197 | t=67s
  Ep 128 | step 0900/1868 | loss=1.0107 | diff=0.5951 | kd=0.3413 | recon=0.3815 | t=71s
  Ep 128 | step 0950/1868 | loss=1.0292 | diff=0.5932 | kd=0.3902 | recon=0.3970 | t=75s
  Ep 128 | step 1000/1868 | loss=1.0593 | diff=0.5897 | kd=0.4032 | recon=0.4293 | t=79s
  Ep 128 | step 1050/1868 | loss=0.9843 | diff=0.5975 | kd=0.4532 | recon=0.3415 | t=83s
  Ep 128 | step 1100/1868 | loss=1.0099 | diff=0.5951 | kd=0.3188 | recon=0.3829 | t=87s
  Ep 128 | step 1150/1868 | loss=0.9755 | diff=0.5963 | kd=0.4190 | recon=0.3374 | t=91s
  Ep 128 | step 1200/1868 | loss=1.0613 | diff=0.5917 | kd=0.3789 | recon=0.4317 | t=95s
  Ep 128 | step 1250/1868 | loss=1.1106 | diff=0.5998 | kd=0.6599 | recon=0.4448 | t=98s
  Ep 128 | step 1300/1868 | loss=1.0754 | diff=0.5921 | kd=0.2564 | recon=0.4577 | t=102s
  Ep 128 | step 1350/1868 | loss=1.0785 | diff=0.6046 | kd=0.4749 | recon=0.4263 | t=106s
  Ep 128 | step 1400/1868 | loss=1.0854 | diff=0.5945 | kd=0.4092 | recon=0.4500 | t=110s
  Ep 128 | step 1450/1868 | loss=1.0481 | diff=0.5927 | kd=0.4212 | recon=0.4132 | t=114s
  Ep 128 | step 1500/1868 | loss=1.0437 | diff=0.5943 | kd=0.4306 | recon=0.4064 | t=118s
  Ep 128 | step 1550/1868 | loss=1.1152 | diff=0.6120 | kd=0.7099 | recon=0.4323 | t=122s
  Ep 128 | step 1600/1868 | loss=1.0978 | diff=0.5977 | kd=0.3855 | recon=0.4615 | t=126s
  Ep 128 | step 1650/1868 | loss=0.9920 | diff=0.5921 | kd=0.4402 | recon=0.3558 | t=130s
  Ep 128 | step 1700/1868 | loss=1.0813 | diff=0.5947 | kd=0.3865 | recon=0.4480 | t=133s
  Ep 128 | step 1750/1868 | loss=1.0753 | diff=0.5985 | kd=0.8267 | recon=0.3941 | t=137s
  Ep 128 | step 1800/1868 | loss=1.0446 | diff=0.6357 | kd=0.3595 | recon=0.3730 | t=141s
  Ep 128 | step 1850/1868 | loss=1.0978 | diff=0.5975 | kd=0.3536 | recon=0.4649 | t=145s

  ── Epoch 128/200 (189s) ──────────────────────
  Train  loss=1.0455  diff=0.5965  kd=0.4366  recon=0.4053
  Val    loss=1.0414  RMSE=0.4895  MAE=0.4050  lr=2.94e-05

  Ep 129 | step 0000/1868 | loss=0.9927 | diff=0.5974 | kd=0.3181 | recon=0.3635 | t=1s
  Ep 129 | step 0050/1868 | loss=1.0454 | diff=0.5954 | kd=0.5026 | recon=0.3998 | t=4s
  Ep 129 | step 0100/1868 | loss=1.1203 | diff=0.5922 | kd=0.4760 | recon=0.4805 | t=8s
  Ep 129 | step 0150/1868 | loss=1.0545 | diff=0.5962 | kd=0.7162 | recon=0.3867 | t=12s
  Ep 129 | step 0200/1868 | loss=1.0546 | diff=0.6079 | kd=0.3757 | recon=0.4091 | t=16s
  Ep 129 | step 0250/1868 | loss=1.0841 | diff=0.5955 | kd=0.4065 | recon=0.4479 | t=20s
  Ep 129 | step 0300/1868 | loss=1.0223 | diff=0.5935 | kd=0.3766 | recon=0.3911 | t=24s
  Ep 129 | step 0350/1868 | loss=1.0054 | diff=0.5957 | kd=0.3137 | recon=0.3782 | t=28s
  Ep 129 | step 0400/1868 | loss=1.0128 | diff=0.5954 | kd=0.3303 | recon=0.3844 | t=32s
  Ep 129 | step 0450/1868 | loss=1.0144 | diff=0.5917 | kd=0.4636 | recon=0.3763 | t=36s
  Ep 129 | step 0500/1868 | loss=1.1973 | diff=0.5958 | kd=0.2879 | recon=0.5727 | t=40s
  Ep 129 | step 0550/1868 | loss=1.0485 | diff=0.5944 | kd=0.4676 | recon=0.4074 | t=44s
  Ep 129 | step 0600/1868 | loss=1.1783 | diff=0.5925 | kd=0.5073 | recon=0.5350 | t=47s
  Ep 129 | step 0650/1868 | loss=1.0584 | diff=0.5939 | kd=0.3387 | recon=0.4307 | t=51s
  Ep 129 | step 0700/1868 | loss=1.0506 | diff=0.5928 | kd=0.3920 | recon=0.4186 | t=55s
  Ep 129 | step 0750/1868 | loss=1.0043 | diff=0.5915 | kd=0.4177 | recon=0.3710 | t=59s
  Ep 129 | step 0800/1868 | loss=1.0279 | diff=0.5920 | kd=0.2750 | recon=0.4084 | t=63s
  Ep 129 | step 0850/1868 | loss=1.0408 | diff=0.5961 | kd=0.3419 | recon=0.4104 | t=67s
  Ep 129 | step 0900/1868 | loss=0.9948 | diff=0.5921 | kd=0.3457 | recon=0.3681 | t=71s
  Ep 129 | step 0950/1868 | loss=1.0878 | diff=0.5945 | kd=0.9826 | recon=0.3950 | t=75s
  Ep 129 | step 1000/1868 | loss=1.0396 | diff=0.5943 | kd=0.4252 | recon=0.4028 | t=79s
  Ep 129 | step 1050/1868 | loss=1.0417 | diff=0.5937 | kd=0.5427 | recon=0.3937 | t=83s
  Ep 129 | step 1100/1868 | loss=1.0869 | diff=0.5914 | kd=0.4271 | recon=0.4527 | t=86s
  Ep 129 | step 1150/1868 | loss=0.9805 | diff=0.5891 | kd=0.4242 | recon=0.3490 | t=90s
  Ep 129 | step 1200/1868 | loss=1.0684 | diff=0.5963 | kd=0.5570 | recon=0.4164 | t=94s
  Ep 129 | step 1250/1868 | loss=1.0825 | diff=0.5965 | kd=0.4438 | recon=0.4417 | t=98s
  Ep 129 | step 1300/1868 | loss=1.0697 | diff=0.5944 | kd=0.4682 | recon=0.4284 | t=102s
  Ep 129 | step 1350/1868 | loss=0.9879 | diff=0.5969 | kd=0.3768 | recon=0.3533 | t=106s
  Ep 129 | step 1400/1868 | loss=1.1095 | diff=0.5953 | kd=0.5159 | recon=0.4626 | t=110s
  Ep 129 | step 1450/1868 | loss=1.0772 | diff=0.5941 | kd=0.3798 | recon=0.4451 | t=114s
  Ep 129 | step 1500/1868 | loss=1.0348 | diff=0.5963 | kd=0.4311 | recon=0.3954 | t=117s
  Ep 129 | step 1550/1868 | loss=1.0498 | diff=0.5934 | kd=0.3145 | recon=0.4250 | t=121s
  Ep 129 | step 1600/1868 | loss=0.9938 | diff=0.5891 | kd=0.3841 | recon=0.3662 | t=125s
  Ep 129 | step 1650/1868 | loss=0.9814 | diff=0.5965 | kd=0.4156 | recon=0.3432 | t=129s
  Ep 129 | step 1700/1868 | loss=1.0639 | diff=0.5982 | kd=0.3847 | recon=0.4272 | t=133s
  Ep 129 | step 1750/1868 | loss=1.0684 | diff=0.5943 | kd=0.3910 | recon=0.4350 | t=137s
  Ep 129 | step 1800/1868 | loss=1.0269 | diff=0.5956 | kd=0.6404 | recon=0.3672 | t=141s
  Ep 129 | step 1850/1868 | loss=1.0846 | diff=0.5935 | kd=0.4296 | recon=0.4481 | t=145s

  ── Epoch 129/200 (189s) ──────────────────────
  Train  loss=1.0445  diff=0.5958  kd=0.4334  recon=0.4053
  Val    loss=1.0395  RMSE=0.4895  MAE=0.4050  lr=2.87e-05
  [BEST] Checkpoint saved → checkpoints/best_model.pth

  Ep 130 | step 0000/1868 | loss=0.9917 | diff=0.5931 | kd=0.3289 | recon=0.3657 | t=1s
  Ep 130 | step 0050/1868 | loss=0.9640 | diff=0.5948 | kd=0.3373 | recon=0.3354 | t=4s
  Ep 130 | step 0100/1868 | loss=0.9831 | diff=0.5949 | kd=0.3204 | recon=0.3561 | t=8s
  Ep 130 | step 0150/1868 | loss=0.9978 | diff=0.5953 | kd=0.3462 | recon=0.3679 | t=12s
  Ep 130 | step 0200/1868 | loss=1.0823 | diff=0.5929 | kd=0.4834 | recon=0.4410 | t=16s
  Ep 130 | step 0250/1868 | loss=1.0164 | diff=0.5932 | kd=0.2879 | recon=0.3944 | t=20s
  Ep 130 | step 0300/1868 | loss=1.0154 | diff=0.6031 | kd=0.3732 | recon=0.3749 | t=24s
  Ep 130 | step 0350/1868 | loss=1.1478 | diff=0.5905 | kd=0.2643 | recon=0.5309 | t=28s
  Ep 130 | step 0400/1868 | loss=1.1325 | diff=0.5923 | kd=0.3118 | recon=0.5090 | t=32s
  Ep 130 | step 0450/1868 | loss=1.0865 | diff=0.5983 | kd=0.4586 | recon=0.4423 | t=35s
  Ep 130 | step 0500/1868 | loss=1.0822 | diff=0.5926 | kd=0.3569 | recon=0.4539 | t=39s
  Ep 130 | step 0550/1868 | loss=1.0239 | diff=0.5944 | kd=0.4750 | recon=0.3820 | t=43s
  Ep 130 | step 0600/1868 | loss=1.1137 | diff=0.5935 | kd=0.3389 | recon=0.4864 | t=47s
  Ep 130 | step 0650/1868 | loss=1.0533 | diff=0.5939 | kd=0.2940 | recon=0.4300 | t=51s
  Ep 130 | step 0700/1868 | loss=0.9896 | diff=0.5980 | kd=0.3742 | recon=0.3542 | t=55s
  Ep 130 | step 0750/1868 | loss=0.9265 | diff=0.5948 | kd=0.3377 | recon=0.2979 | t=59s
  Ep 130 | step 0800/1868 | loss=1.0106 | diff=0.5906 | kd=0.4530 | recon=0.3747 | t=63s
  Ep 130 | step 0850/1868 | loss=1.0126 | diff=0.5900 | kd=0.4799 | recon=0.3746 | t=66s
  Ep 130 | step 0900/1868 | loss=1.1030 | diff=0.5920 | kd=0.5455 | recon=0.4565 | t=70s
  Ep 130 | step 0950/1868 | loss=0.9905 | diff=0.5926 | kd=0.3782 | recon=0.3601 | t=74s
  Ep 130 | step 1000/1868 | loss=1.0964 | diff=0.5950 | kd=0.3972 | recon=0.4617 | t=78s
  Ep 130 | step 1050/1868 | loss=1.0151 | diff=0.5951 | kd=0.3174 | recon=0.3883 | t=82s
  Ep 130 | step 1100/1868 | loss=1.0303 | diff=0.5958 | kd=0.4173 | recon=0.3928 | t=86s
  Ep 130 | step 1150/1868 | loss=1.0261 | diff=0.5884 | kd=0.3953 | recon=0.3982 | t=90s
  Ep 130 | step 1200/1868 | loss=1.0626 | diff=0.5912 | kd=0.2736 | recon=0.4441 | t=94s
  Ep 130 | step 1250/1868 | loss=0.9694 | diff=0.5928 | kd=0.4563 | recon=0.3309 | t=97s
  Ep 130 | step 1300/1868 | loss=1.0276 | diff=0.5954 | kd=0.4266 | recon=0.3896 | t=101s
  Ep 130 | step 1350/1868 | loss=1.0546 | diff=0.5969 | kd=0.5072 | recon=0.4070 | t=105s
  Ep 130 | step 1400/1868 | loss=0.9924 | diff=0.5920 | kd=0.3381 | recon=0.3667 | t=109s
  Ep 130 | step 1450/1868 | loss=1.0399 | diff=0.5904 | kd=0.4808 | recon=0.4013 | t=113s
  Ep 130 | step 1500/1868 | loss=1.1163 | diff=0.5936 | kd=0.6954 | recon=0.4532 | t=117s
  Ep 130 | step 1550/1868 | loss=1.0694 | diff=0.6446 | kd=0.3870 | recon=0.3861 | t=121s
  Ep 130 | step 1600/1868 | loss=1.0558 | diff=0.5876 | kd=0.3829 | recon=0.4299 | t=125s
  Ep 130 | step 1650/1868 | loss=1.0070 | diff=0.5975 | kd=0.4959 | recon=0.3600 | t=129s
  Ep 130 | step 1700/1868 | loss=0.9796 | diff=0.6032 | kd=0.2877 | recon=0.3477 | t=132s
  Ep 130 | step 1750/1868 | loss=1.0634 | diff=0.5915 | kd=0.2430 | recon=0.4476 | t=136s
  Ep 130 | step 1800/1868 | loss=1.0451 | diff=0.5969 | kd=0.3746 | recon=0.4108 | t=140s
  Ep 130 | step 1850/1868 | loss=1.0622 | diff=0.5938 | kd=0.4380 | recon=0.4246 | t=144s

  ── Epoch 130/200 (189s) ──────────────────────
  Train  loss=1.0444  diff=0.5959  kd=0.4327  recon=0.4053
  Val    loss=1.0405  RMSE=0.4895  MAE=0.4050  lr=2.80e-05
  [EP130] Checkpoint saved → checkpoints/epoch_130.pth

  Ep 131 | step 0000/1868 | loss=1.0466 | diff=0.5930 | kd=0.2923 | recon=0.4243 | t=1s
  Ep 131 | step 0050/1868 | loss=1.0714 | diff=0.5946 | kd=0.2796 | recon=0.4489 | t=4s
  Ep 131 | step 0100/1868 | loss=0.9843 | diff=0.5987 | kd=0.4114 | recon=0.3445 | t=8s
  Ep 131 | step 0150/1868 | loss=1.0678 | diff=0.5919 | kd=0.4371 | recon=0.4321 | t=12s
  Ep 131 | step 0200/1868 | loss=0.9915 | diff=0.6001 | kd=0.3988 | recon=0.3515 | t=16s
  Ep 131 | step 0250/1868 | loss=1.1262 | diff=0.5969 | kd=0.4832 | recon=0.4809 | t=20s
  Ep 131 | step 0300/1868 | loss=1.1191 | diff=0.5933 | kd=0.7559 | recon=0.4502 | t=24s
  Ep 131 | step 0350/1868 | loss=1.0642 | diff=0.5940 | kd=0.3588 | recon=0.4344 | t=28s
  Ep 131 | step 0400/1868 | loss=1.1274 | diff=0.5971 | kd=0.4545 | recon=0.4848 | t=32s
  Ep 131 | step 0450/1868 | loss=1.0158 | diff=0.5970 | kd=0.3917 | recon=0.3797 | t=36s
  Ep 131 | step 0500/1868 | loss=1.0498 | diff=0.5924 | kd=0.5344 | recon=0.4039 | t=40s
  Ep 131 | step 0550/1868 | loss=1.0848 | diff=0.5921 | kd=0.4625 | recon=0.4464 | t=44s
  Ep 131 | step 0600/1868 | loss=1.1179 | diff=0.5984 | kd=0.6431 | recon=0.4552 | t=47s
  Ep 131 | step 0650/1868 | loss=1.0320 | diff=0.5935 | kd=0.5044 | recon=0.3881 | t=51s
  Ep 131 | step 0700/1868 | loss=1.0153 | diff=0.6016 | kd=0.3503 | recon=0.3787 | t=55s
  Ep 131 | step 0750/1868 | loss=1.0235 | diff=0.5962 | kd=0.4142 | recon=0.3859 | t=59s
  Ep 131 | step 0800/1868 | loss=0.9865 | diff=0.5991 | kd=0.3993 | recon=0.3475 | t=63s
  Ep 131 | step 0850/1868 | loss=1.0687 | diff=0.5958 | kd=0.4455 | recon=0.4284 | t=67s
  Ep 131 | step 0900/1868 | loss=1.0186 | diff=0.5928 | kd=0.4087 | recon=0.3849 | t=71s
  Ep 131 | step 0950/1868 | loss=1.0235 | diff=0.5965 | kd=0.3175 | recon=0.3952 | t=75s
  Ep 131 | step 1000/1868 | loss=1.0170 | diff=0.5995 | kd=0.3808 | recon=0.3794 | t=79s
  Ep 131 | step 1050/1868 | loss=1.0479 | diff=0.5929 | kd=0.4657 | recon=0.4085 | t=83s
  Ep 131 | step 1100/1868 | loss=1.1695 | diff=0.5907 | kd=0.5249 | recon=0.5263 | t=87s
  Ep 131 | step 1150/1868 | loss=1.0813 | diff=0.5950 | kd=0.5821 | recon=0.4281 | t=91s
  Ep 131 | step 1200/1868 | loss=1.0280 | diff=0.5959 | kd=0.4781 | recon=0.3843 | t=95s
  Ep 131 | step 1250/1868 | loss=1.0110 | diff=0.5986 | kd=0.3681 | recon=0.3756 | t=99s
  Ep 131 | step 1300/1868 | loss=1.0504 | diff=0.6008 | kd=0.5444 | recon=0.3951 | t=102s
  Ep 131 | step 1350/1868 | loss=1.0522 | diff=0.5932 | kd=0.4136 | recon=0.4176 | t=106s
  Ep 131 | step 1400/1868 | loss=1.1195 | diff=0.5957 | kd=0.4304 | recon=0.4808 | t=110s
  Ep 131 | step 1450/1868 | loss=1.1329 | diff=0.5931 | kd=0.5773 | recon=0.4821 | t=114s
  Ep 131 | step 1500/1868 | loss=1.0983 | diff=0.5962 | kd=0.5317 | recon=0.4490 | t=118s
  Ep 131 | step 1550/1868 | loss=1.0526 | diff=0.5935 | kd=0.3889 | recon=0.4202 | t=122s
  Ep 131 | step 1600/1868 | loss=1.0397 | diff=0.5910 | kd=0.4691 | recon=0.4018 | t=126s
  Ep 131 | step 1650/1868 | loss=0.9917 | diff=0.5911 | kd=0.4334 | recon=0.3572 | t=130s
  Ep 131 | step 1700/1868 | loss=1.0227 | diff=0.5935 | kd=0.5470 | recon=0.3745 | t=134s
  Ep 131 | step 1750/1868 | loss=1.0862 | diff=0.5988 | kd=0.3500 | recon=0.4523 | t=138s
  Ep 131 | step 1800/1868 | loss=1.0391 | diff=0.5971 | kd=0.6387 | recon=0.3781 | t=142s
  Ep 131 | step 1850/1868 | loss=1.0797 | diff=0.5941 | kd=0.5640 | recon=0.4292 | t=146s

  ── Epoch 131/200 (190s) ──────────────────────
  Train  loss=1.0440  diff=0.5958  kd=0.4291  recon=0.4053
  Val    loss=1.0396  RMSE=0.4895  MAE=0.4050  lr=2.73e-05

  Ep 132 | step 0000/1868 | loss=1.0388 | diff=0.5903 | kd=0.4077 | recon=0.4077 | t=1s
  Ep 132 | step 0050/1868 | loss=1.1020 | diff=0.5920 | kd=0.4210 | recon=0.4679 | t=5s
  Ep 132 | step 0100/1868 | loss=1.0685 | diff=0.5972 | kd=0.5265 | recon=0.4186 | t=9s
  Ep 132 | step 0150/1868 | loss=0.9863 | diff=0.5917 | kd=0.3285 | recon=0.3617 | t=12s
  Ep 132 | step 0200/1868 | loss=1.0375 | diff=0.5977 | kd=0.3896 | recon=0.4008 | t=16s
  Ep 132 | step 0250/1868 | loss=1.0435 | diff=0.5910 | kd=0.4098 | recon=0.4116 | t=20s
  Ep 132 | step 0300/1868 | loss=1.0406 | diff=0.5941 | kd=0.2909 | recon=0.4174 | t=24s
  Ep 132 | step 0350/1868 | loss=1.0019 | diff=0.5970 | kd=0.6206 | recon=0.3428 | t=28s
  Ep 132 | step 0400/1868 | loss=1.0167 | diff=0.5921 | kd=0.5440 | recon=0.3702 | t=32s
  Ep 132 | step 0450/1868 | loss=1.0081 | diff=0.5948 | kd=0.3818 | recon=0.3751 | t=36s
  Ep 132 | step 0500/1868 | loss=1.0672 | diff=0.6039 | kd=0.4537 | recon=0.4180 | t=40s
  Ep 132 | step 0550/1868 | loss=0.9798 | diff=0.5899 | kd=0.3695 | recon=0.3529 | t=44s
  Ep 132 | step 0600/1868 | loss=0.9966 | diff=0.6408 | kd=0.4079 | recon=0.3150 | t=48s
  Ep 132 | step 0650/1868 | loss=1.0998 | diff=0.5904 | kd=0.3221 | recon=0.4772 | t=52s
  Ep 132 | step 0700/1868 | loss=1.0420 | diff=0.5915 | kd=0.3965 | recon=0.4108 | t=56s
  Ep 132 | step 0750/1868 | loss=0.9415 | diff=0.5985 | kd=0.2694 | recon=0.3160 | t=60s
  Ep 132 | step 0800/1868 | loss=0.9723 | diff=0.5939 | kd=0.4107 | recon=0.3373 | t=64s
  Ep 132 | step 0850/1868 | loss=1.0707 | diff=0.5928 | kd=0.4610 | recon=0.4318 | t=68s
  Ep 132 | step 0900/1868 | loss=1.0372 | diff=0.5931 | kd=0.3586 | recon=0.4082 | t=71s
  Ep 132 | step 0950/1868 | loss=1.0662 | diff=0.6289 | kd=0.6102 | recon=0.3763 | t=75s
  Ep 132 | step 1000/1868 | loss=1.0441 | diff=0.5962 | kd=0.3788 | recon=0.4100 | t=79s
  Ep 132 | step 1050/1868 | loss=1.0352 | diff=0.5931 | kd=0.4161 | recon=0.4005 | t=83s
  Ep 132 | step 1100/1868 | loss=1.1646 | diff=0.5952 | kd=0.3865 | recon=0.5307 | t=87s
  Ep 132 | step 1150/1868 | loss=1.0087 | diff=0.5932 | kd=0.3287 | recon=0.3826 | t=91s
  Ep 132 | step 1200/1868 | loss=1.0636 | diff=0.5983 | kd=0.6004 | recon=0.4052 | t=95s
  Ep 132 | step 1250/1868 | loss=1.0068 | diff=0.5904 | kd=0.4891 | recon=0.3675 | t=99s
  Ep 132 | step 1300/1868 | loss=0.9395 | diff=0.5936 | kd=0.3347 | recon=0.3125 | t=103s
  Ep 132 | step 1350/1868 | loss=1.1007 | diff=0.5965 | kd=0.4108 | recon=0.4631 | t=107s
  Ep 132 | step 1400/1868 | loss=1.2067 | diff=0.5902 | kd=0.4094 | recon=0.5756 | t=111s
  Ep 132 | step 1450/1868 | loss=1.0149 | diff=0.5902 | kd=0.3159 | recon=0.3930 | t=115s
  Ep 132 | step 1500/1868 | loss=0.9900 | diff=0.5900 | kd=0.3219 | recon=0.3679 | t=119s
  Ep 132 | step 1550/1868 | loss=0.9731 | diff=0.5908 | kd=0.3775 | recon=0.3446 | t=123s
  Ep 132 | step 1600/1868 | loss=1.0533 | diff=0.5955 | kd=0.5926 | recon=0.3986 | t=127s
  Ep 132 | step 1650/1868 | loss=1.0556 | diff=0.5932 | kd=0.4078 | recon=0.4217 | t=130s
  Ep 132 | step 1700/1868 | loss=1.0227 | diff=0.5979 | kd=0.4356 | recon=0.3812 | t=134s
  Ep 132 | step 1750/1868 | loss=0.9936 | diff=0.5931 | kd=0.5258 | recon=0.3479 | t=138s
  Ep 132 | step 1800/1868 | loss=0.9836 | diff=0.6058 | kd=0.3036 | recon=0.3474 | t=142s
  Ep 132 | step 1850/1868 | loss=1.0917 | diff=0.5965 | kd=0.3601 | recon=0.4592 | t=146s

  ── Epoch 132/200 (190s) ──────────────────────
  Train  loss=1.0447  diff=0.5960  kd=0.4344  recon=0.4053
  Val    loss=1.0414  RMSE=0.4895  MAE=0.4050  lr=2.67e-05

  Ep 133 | step 0000/1868 | loss=1.0699 | diff=0.5945 | kd=0.4856 | recon=0.4269 | t=1s
  Ep 133 | step 0050/1868 | loss=1.0295 | diff=0.5932 | kd=0.4054 | recon=0.3957 | t=4s
  Ep 133 | step 0100/1868 | loss=1.0325 | diff=0.6066 | kd=0.4408 | recon=0.3818 | t=8s
  Ep 133 | step 0150/1868 | loss=0.9668 | diff=0.5968 | kd=0.3247 | recon=0.3376 | t=12s
  Ep 133 | step 0200/1868 | loss=1.0069 | diff=0.5941 | kd=0.3001 | recon=0.3828 | t=16s
  Ep 133 | step 0250/1868 | loss=1.0576 | diff=0.5938 | kd=0.4615 | recon=0.4176 | t=20s
  Ep 133 | step 0300/1868 | loss=0.9800 | diff=0.5929 | kd=0.2929 | recon=0.3578 | t=24s
  Ep 133 | step 0350/1868 | loss=1.0812 | diff=0.6018 | kd=0.4394 | recon=0.4355 | t=28s
  Ep 133 | step 0400/1868 | loss=1.0974 | diff=0.5935 | kd=0.4477 | recon=0.4591 | t=32s
  Ep 133 | step 0450/1868 | loss=1.0414 | diff=0.5901 | kd=0.6118 | recon=0.3902 | t=36s
  Ep 133 | step 0500/1868 | loss=1.0282 | diff=0.5924 | kd=0.3438 | recon=0.4014 | t=40s
  Ep 133 | step 0550/1868 | loss=1.1411 | diff=0.6288 | kd=0.3859 | recon=0.4738 | t=44s
  Ep 133 | step 0600/1868 | loss=1.0310 | diff=0.6114 | kd=0.3426 | recon=0.3853 | t=48s
  Ep 133 | step 0650/1868 | loss=1.0234 | diff=0.5935 | kd=0.3787 | recon=0.3920 | t=51s
  Ep 133 | step 0700/1868 | loss=1.0847 | diff=0.5934 | kd=0.5065 | recon=0.4407 | t=55s
  Ep 133 | step 0750/1868 | loss=1.0269 | diff=0.5972 | kd=0.4194 | recon=0.3878 | t=59s
  Ep 133 | step 0800/1868 | loss=1.0453 | diff=0.5947 | kd=0.5120 | recon=0.3994 | t=63s
  Ep 133 | step 0850/1868 | loss=1.0211 | diff=0.5938 | kd=0.6241 | recon=0.3649 | t=67s
  Ep 133 | step 0900/1868 | loss=1.0323 | diff=0.5937 | kd=0.4539 | recon=0.3932 | t=71s
  Ep 133 | step 0950/1868 | loss=1.0677 | diff=0.5960 | kd=0.6850 | recon=0.4032 | t=75s
  Ep 133 | step 1000/1868 | loss=0.9842 | diff=0.5928 | kd=0.3955 | recon=0.3518 | t=79s
  Ep 133 | step 1050/1868 | loss=1.0552 | diff=0.5891 | kd=0.6021 | recon=0.4058 | t=83s
  Ep 133 | step 1100/1868 | loss=1.0152 | diff=0.5931 | kd=0.4238 | recon=0.3797 | t=87s
  Ep 133 | step 1150/1868 | loss=1.0280 | diff=0.5986 | kd=0.3761 | recon=0.3918 | t=91s
  Ep 133 | step 1200/1868 | loss=1.0620 | diff=0.5910 | kd=0.2891 | recon=0.4421 | t=94s
  Ep 133 | step 1250/1868 | loss=1.1357 | diff=0.5956 | kd=0.5744 | recon=0.4827 | t=98s
  Ep 133 | step 1300/1868 | loss=1.0770 | diff=0.6157 | kd=0.5705 | recon=0.4043 | t=102s
  Ep 133 | step 1350/1868 | loss=1.0664 | diff=0.5967 | kd=0.4995 | recon=0.4198 | t=106s
  Ep 133 | step 1400/1868 | loss=0.9817 | diff=0.5974 | kd=0.4415 | recon=0.3402 | t=110s
  Ep 133 | step 1450/1868 | loss=1.0579 | diff=0.5945 | kd=0.5017 | recon=0.4132 | t=114s
  Ep 133 | step 1500/1868 | loss=0.9905 | diff=0.5911 | kd=0.4528 | recon=0.3541 | t=118s
  Ep 133 | step 1550/1868 | loss=0.9829 | diff=0.5957 | kd=0.5488 | recon=0.3323 | t=122s
  Ep 133 | step 1600/1868 | loss=1.0044 | diff=0.5923 | kd=0.4094 | recon=0.3712 | t=126s
  Ep 133 | step 1650/1868 | loss=1.0359 | diff=0.5940 | kd=0.4217 | recon=0.3997 | t=130s
  Ep 133 | step 1700/1868 | loss=0.9685 | diff=0.5918 | kd=0.5357 | recon=0.3232 | t=134s
  Ep 133 | step 1750/1868 | loss=1.0207 | diff=0.6018 | kd=0.3551 | recon=0.3834 | t=138s
  Ep 133 | step 1800/1868 | loss=1.0691 | diff=0.5937 | kd=0.4068 | recon=0.4347 | t=141s
  Ep 133 | step 1850/1868 | loss=1.1158 | diff=0.5957 | kd=0.5702 | recon=0.4631 | t=145s

  ── Epoch 133/200 (190s) ──────────────────────
  Train  loss=1.0482  diff=0.5983  kd=0.4459  recon=0.4053
  Val    loss=1.0422  RMSE=0.4895  MAE=0.4050  lr=2.60e-05

  Ep 134 | step 0000/1868 | loss=1.0343 | diff=0.5985 | kd=0.4338 | recon=0.3924 | t=1s
  Ep 134 | step 0050/1868 | loss=1.0082 | diff=0.5961 | kd=0.4663 | recon=0.3655 | t=5s
  Ep 134 | step 0100/1868 | loss=1.0475 | diff=0.5940 | kd=0.4658 | recon=0.4069 | t=9s
  Ep 134 | step 0150/1868 | loss=1.0826 | diff=0.6000 | kd=0.4723 | recon=0.4354 | t=13s
  Ep 134 | step 0200/1868 | loss=1.0328 | diff=0.5978 | kd=0.3759 | recon=0.3974 | t=16s
  Ep 134 | step 0250/1868 | loss=0.9914 | diff=0.6479 | kd=0.3860 | recon=0.3048 | t=20s
  Ep 134 | step 0300/1868 | loss=1.0557 | diff=0.5951 | kd=0.3902 | recon=0.4216 | t=24s
  Ep 134 | step 0350/1868 | loss=1.0428 | diff=0.5924 | kd=0.7674 | recon=0.3737 | t=28s
  Ep 134 | step 0400/1868 | loss=1.0844 | diff=0.5970 | kd=0.4338 | recon=0.4440 | t=32s
  Ep 134 | step 0450/1868 | loss=1.0844 | diff=0.5931 | kd=0.6272 | recon=0.4286 | t=36s
  Ep 134 | step 0500/1868 | loss=1.0531 | diff=0.5945 | kd=0.5575 | recon=0.4029 | t=40s
  Ep 134 | step 0550/1868 | loss=1.0099 | diff=0.5948 | kd=0.4118 | recon=0.3739 | t=44s
  Ep 134 | step 0600/1868 | loss=1.0220 | diff=0.5928 | kd=0.3559 | recon=0.3936 | t=48s
  Ep 134 | step 0650/1868 | loss=1.0929 | diff=0.5980 | kd=0.3458 | recon=0.4604 | t=52s
  Ep 134 | step 0700/1868 | loss=0.9552 | diff=0.5922 | kd=0.4395 | recon=0.3190 | t=56s
  Ep 134 | step 0750/1868 | loss=1.0089 | diff=0.5955 | kd=0.3785 | recon=0.3755 | t=60s
  Ep 134 | step 0800/1868 | loss=1.0878 | diff=0.5948 | kd=0.3367 | recon=0.4592 | t=64s
  Ep 134 | step 0850/1868 | loss=1.1414 | diff=0.5905 | kd=1.0458 | recon=0.4464 | t=68s
  Ep 134 | step 0900/1868 | loss=1.0950 | diff=0.5928 | kd=0.5150 | recon=0.4507 | t=71s
  Ep 134 | step 0950/1868 | loss=1.0345 | diff=0.5926 | kd=0.5658 | recon=0.3853 | t=75s
  Ep 134 | step 1000/1868 | loss=1.0740 | diff=0.5939 | kd=0.8150 | recon=0.3986 | t=79s
  Ep 134 | step 1050/1868 | loss=1.0265 | diff=0.5900 | kd=0.6464 | recon=0.3719 | t=83s
  Ep 134 | step 1100/1868 | loss=0.9779 | diff=0.5930 | kd=0.3203 | recon=0.3529 | t=87s
  Ep 134 | step 1150/1868 | loss=1.0527 | diff=0.5924 | kd=0.3739 | recon=0.4230 | t=91s
  Ep 134 | step 1200/1868 | loss=1.0570 | diff=0.6215 | kd=0.5108 | recon=0.3844 | t=95s
  Ep 134 | step 1250/1868 | loss=1.0895 | diff=0.5934 | kd=0.4964 | recon=0.4464 | t=99s
  Ep 134 | step 1300/1868 | loss=1.0141 | diff=0.5904 | kd=0.3167 | recon=0.3921 | t=103s
  Ep 134 | step 1350/1868 | loss=1.0385 | diff=0.5930 | kd=0.3970 | recon=0.4058 | t=107s
  Ep 134 | step 1400/1868 | loss=1.0772 | diff=0.5975 | kd=0.7453 | recon=0.4052 | t=111s
  Ep 134 | step 1450/1868 | loss=1.0376 | diff=0.5903 | kd=0.4869 | recon=0.3986 | t=115s
  Ep 134 | step 1500/1868 | loss=1.0921 | diff=0.5930 | kd=0.4965 | recon=0.4494 | t=119s
  Ep 134 | step 1550/1868 | loss=0.9933 | diff=0.5975 | kd=0.3311 | recon=0.3627 | t=123s
  Ep 134 | step 1600/1868 | loss=1.0587 | diff=0.6195 | kd=0.5216 | recon=0.3870 | t=127s
  Ep 134 | step 1650/1868 | loss=1.1016 | diff=0.5927 | kd=0.5429 | recon=0.4547 | t=130s
  Ep 134 | step 1700/1868 | loss=1.0360 | diff=0.5936 | kd=0.4871 | recon=0.3936 | t=134s
  Ep 134 | step 1750/1868 | loss=0.9823 | diff=0.5954 | kd=0.3407 | recon=0.3529 | t=138s
  Ep 134 | step 1800/1868 | loss=1.0257 | diff=0.5969 | kd=0.4338 | recon=0.3854 | t=142s
  Ep 134 | step 1850/1868 | loss=0.9911 | diff=0.5924 | kd=0.3979 | recon=0.3589 | t=146s

  ── Epoch 134/200 (190s) ──────────────────────
  Train  loss=1.0468  diff=0.5960  kd=0.4552  recon=0.4053
  Val    loss=1.0486  RMSE=0.4895  MAE=0.4050  lr=2.53e-05

  Ep 135 | step 0000/1868 | loss=1.0476 | diff=0.5938 | kd=0.4067 | recon=0.4131 | t=1s
  Ep 135 | step 0050/1868 | loss=1.0746 | diff=0.5950 | kd=0.5650 | recon=0.4230 | t=5s
  Ep 135 | step 0100/1868 | loss=0.9826 | diff=0.5898 | kd=0.4071 | recon=0.3521 | t=8s
  Ep 135 | step 0150/1868 | loss=1.0365 | diff=0.5921 | kd=0.6418 | recon=0.3802 | t=12s
  Ep 135 | step 0200/1868 | loss=1.0614 | diff=0.5905 | kd=0.3374 | recon=0.4371 | t=16s
  Ep 135 | step 0250/1868 | loss=1.0707 | diff=0.5909 | kd=0.5474 | recon=0.4251 | t=20s
  Ep 135 | step 0300/1868 | loss=1.0512 | diff=0.5935 | kd=0.4290 | recon=0.4148 | t=24s
  Ep 135 | step 0350/1868 | loss=1.0602 | diff=0.5964 | kd=0.9972 | recon=0.3641 | t=28s
  Ep 135 | step 0400/1868 | loss=1.1028 | diff=0.5912 | kd=0.4348 | recon=0.4682 | t=32s
  Ep 135 | step 0450/1868 | loss=1.0730 | diff=0.5973 | kd=0.5894 | recon=0.4168 | t=36s
  Ep 135 | step 0500/1868 | loss=1.0519 | diff=0.5942 | kd=0.3272 | recon=0.4250 | t=40s
  Ep 135 | step 0550/1868 | loss=1.0775 | diff=0.5954 | kd=0.3181 | recon=0.4502 | t=44s
  Ep 135 | step 0600/1868 | loss=1.0837 | diff=0.5947 | kd=0.2943 | recon=0.4596 | t=48s
  Ep 135 | step 0650/1868 | loss=1.1253 | diff=0.5912 | kd=0.5872 | recon=0.4755 | t=52s
  Ep 135 | step 0700/1868 | loss=1.0515 | diff=0.5888 | kd=0.3529 | recon=0.4274 | t=56s
  Ep 135 | step 0750/1868 | loss=1.0114 | diff=0.5915 | kd=0.4135 | recon=0.3786 | t=59s
  Ep 135 | step 0800/1868 | loss=1.1263 | diff=0.5969 | kd=0.4194 | recon=0.4874 | t=63s
  Ep 135 | step 0850/1868 | loss=1.0376 | diff=0.5910 | kd=0.3620 | recon=0.4103 | t=67s
  Ep 135 | step 0900/1868 | loss=1.0346 | diff=0.5928 | kd=0.4284 | recon=0.3990 | t=71s
  Ep 135 | step 0950/1868 | loss=1.0968 | diff=0.5964 | kd=0.3334 | recon=0.4671 | t=75s
  Ep 135 | step 1000/1868 | loss=1.1005 | diff=0.5918 | kd=0.4010 | recon=0.4687 | t=79s
  Ep 135 | step 1050/1868 | loss=1.0531 | diff=0.5906 | kd=0.3755 | recon=0.4249 | t=83s
  Ep 135 | step 1100/1868 | loss=0.9990 | diff=0.5940 | kd=0.3603 | recon=0.3690 | t=87s
  Ep 135 | step 1150/1868 | loss=1.0279 | diff=0.5933 | kd=0.4396 | recon=0.3906 | t=91s
  Ep 135 | step 1200/1868 | loss=1.0353 | diff=0.5936 | kd=0.3845 | recon=0.4033 | t=95s
  Ep 135 | step 1250/1868 | loss=1.0497 | diff=0.5917 | kd=0.4250 | recon=0.4155 | t=99s
  Ep 135 | step 1300/1868 | loss=1.0383 | diff=0.5935 | kd=0.3165 | recon=0.4132 | t=103s
  Ep 135 | step 1350/1868 | loss=1.0458 | diff=0.5931 | kd=0.2634 | recon=0.4263 | t=107s
  Ep 135 | step 1400/1868 | loss=1.2026 | diff=0.5934 | kd=0.5244 | recon=0.5568 | t=111s
  Ep 135 | step 1450/1868 | loss=1.0288 | diff=0.5981 | kd=0.4227 | recon=0.3883 | t=114s
  Ep 135 | step 1500/1868 | loss=1.0336 | diff=0.5939 | kd=0.6987 | recon=0.3698 | t=118s
  Ep 135 | step 1550/1868 | loss=1.0785 | diff=0.5964 | kd=0.3700 | recon=0.4451 | t=122s
  Ep 135 | step 1600/1868 | loss=0.9807 | diff=0.5915 | kd=0.3449 | recon=0.3547 | t=126s
  Ep 135 | step 1650/1868 | loss=1.1146 | diff=0.5960 | kd=0.4321 | recon=0.4754 | t=130s
  Ep 135 | step 1700/1868 | loss=1.0004 | diff=0.5927 | kd=0.3038 | recon=0.3773 | t=134s
  Ep 135 | step 1750/1868 | loss=1.0600 | diff=0.5917 | kd=0.6676 | recon=0.4016 | t=138s
  Ep 135 | step 1800/1868 | loss=1.0628 | diff=0.6897 | kd=0.2997 | recon=0.3431 | t=142s
  Ep 135 | step 1850/1868 | loss=1.0327 | diff=0.5949 | kd=0.4165 | recon=0.3962 | t=146s

  ── Epoch 135/200 (190s) ──────────────────────
  Train  loss=1.0507  diff=0.6008  kd=0.4457  recon=0.4053
  Val    loss=1.0531  RMSE=0.4895  MAE=0.4050  lr=2.46e-05

  Ep 136 | step 0000/1868 | loss=1.0256 | diff=0.5953 | kd=0.5164 | recon=0.3786 | t=1s
  Ep 136 | step 0050/1868 | loss=1.0662 | diff=0.6029 | kd=0.6255 | recon=0.4007 | t=4s
  Ep 136 | step 0100/1868 | loss=1.0165 | diff=0.6136 | kd=0.3632 | recon=0.3666 | t=8s
  Ep 136 | step 0150/1868 | loss=1.0653 | diff=0.5921 | kd=0.5431 | recon=0.4189 | t=12s
  Ep 136 | step 0200/1868 | loss=1.0229 | diff=0.5930 | kd=0.3267 | recon=0.3972 | t=16s
  Ep 136 | step 0250/1868 | loss=1.1574 | diff=0.5998 | kd=0.5441 | recon=0.5031 | t=20s
  Ep 136 | step 0300/1868 | loss=1.0657 | diff=0.5912 | kd=0.5618 | recon=0.4184 | t=24s
  Ep 136 | step 0350/1868 | loss=1.0966 | diff=0.5955 | kd=0.5088 | recon=0.4502 | t=28s
  Ep 136 | step 0400/1868 | loss=1.0406 | diff=0.5931 | kd=0.3383 | recon=0.4137 | t=32s
  Ep 136 | step 0450/1868 | loss=1.0285 | diff=0.5994 | kd=0.7316 | recon=0.3560 | t=36s
  Ep 136 | step 0500/1868 | loss=0.9967 | diff=0.5927 | kd=0.4496 | recon=0.3590 | t=40s
  Ep 136 | step 0550/1868 | loss=0.9924 | diff=0.6206 | kd=0.4514 | recon=0.3266 | t=44s
  Ep 136 | step 0600/1868 | loss=1.0367 | diff=0.5951 | kd=0.3508 | recon=0.4065 | t=48s
  Ep 136 | step 0650/1868 | loss=0.9674 | diff=0.5945 | kd=0.4278 | recon=0.3302 | t=52s
  Ep 136 | step 0700/1868 | loss=1.0830 | diff=0.5971 | kd=0.5485 | recon=0.4310 | t=55s
  Ep 136 | step 0750/1868 | loss=1.1218 | diff=0.5975 | kd=0.5030 | recon=0.4740 | t=59s
  Ep 136 | step 0800/1868 | loss=1.1410 | diff=0.5967 | kd=0.4382 | recon=0.5004 | t=63s
  Ep 136 | step 0850/1868 | loss=1.1104 | diff=0.6374 | kd=0.3244 | recon=0.4406 | t=67s
  Ep 136 | step 0900/1868 | loss=0.9950 | diff=0.5933 | kd=0.3397 | recon=0.3678 | t=71s
  Ep 136 | step 0950/1868 | loss=1.0510 | diff=0.5925 | kd=0.4660 | recon=0.4119 | t=75s
  Ep 136 | step 1000/1868 | loss=1.0453 | diff=0.5963 | kd=0.5295 | recon=0.3961 | t=79s
  Ep 136 | step 1050/1868 | loss=0.9614 | diff=0.5913 | kd=0.3489 | recon=0.3352 | t=83s
  Ep 136 | step 1100/1868 | loss=1.0153 | diff=0.5915 | kd=0.4574 | recon=0.3781 | t=87s
  Ep 136 | step 1150/1868 | loss=0.9608 | diff=0.5965 | kd=0.2854 | recon=0.3357 | t=91s
  Ep 136 | step 1200/1868 | loss=1.0075 | diff=0.5960 | kd=0.4419 | recon=0.3673 | t=95s
  Ep 136 | step 1250/1868 | loss=1.0119 | diff=0.5938 | kd=0.3626 | recon=0.3818 | t=99s
  Ep 136 | step 1300/1868 | loss=1.0764 | diff=0.5909 | kd=0.8288 | recon=0.4026 | t=103s
  Ep 136 | step 1350/1868 | loss=1.0199 | diff=0.5935 | kd=0.4421 | recon=0.3823 | t=107s
  Ep 136 | step 1400/1868 | loss=1.0320 | diff=0.5979 | kd=0.5167 | recon=0.3824 | t=110s
  Ep 136 | step 1450/1868 | loss=1.0815 | diff=0.5950 | kd=0.5867 | recon=0.4278 | t=114s
  Ep 136 | step 1500/1868 | loss=1.0156 | diff=0.5918 | kd=0.5261 | recon=0.3712 | t=118s
  Ep 136 | step 1550/1868 | loss=1.0118 | diff=0.5941 | kd=0.4662 | recon=0.3711 | t=122s
  Ep 136 | step 1600/1868 | loss=1.0392 | diff=0.5942 | kd=0.4217 | recon=0.4028 | t=126s
  Ep 136 | step 1650/1868 | loss=0.9710 | diff=0.5923 | kd=0.2994 | recon=0.3487 | t=130s
  Ep 136 | step 1700/1868 | loss=1.0114 | diff=0.5907 | kd=0.4227 | recon=0.3784 | t=134s
  Ep 136 | step 1750/1868 | loss=1.0602 | diff=0.5945 | kd=0.3711 | recon=0.4286 | t=138s
  Ep 136 | step 1800/1868 | loss=1.1010 | diff=0.5950 | kd=0.5179 | recon=0.4542 | t=142s
  Ep 136 | step 1850/1868 | loss=1.2183 | diff=0.5960 | kd=0.4445 | recon=0.5778 | t=145s

  ── Epoch 136/200 (190s) ──────────────────────
  Train  loss=1.0474  diff=0.5978  kd=0.4428  recon=0.4053
  Val    loss=1.0436  RMSE=0.4895  MAE=0.4050  lr=2.40e-05

  Ep 137 | step 0000/1868 | loss=1.0536 | diff=0.5914 | kd=0.7202 | recon=0.3901 | t=1s
  Ep 137 | step 0050/1868 | loss=1.0093 | diff=0.5919 | kd=0.3665 | recon=0.3808 | t=4s
  Ep 137 | step 0100/1868 | loss=0.9776 | diff=0.5937 | kd=0.3982 | recon=0.3441 | t=8s
  Ep 137 | step 0150/1868 | loss=1.0605 | diff=0.5993 | kd=0.6166 | recon=0.3995 | t=12s
  Ep 137 | step 0200/1868 | loss=1.0543 | diff=0.5953 | kd=0.3459 | recon=0.4245 | t=16s
  Ep 137 | step 0250/1868 | loss=1.0350 | diff=0.5917 | kd=0.6297 | recon=0.3803 | t=20s
  Ep 137 | step 0300/1868 | loss=0.9450 | diff=0.5935 | kd=0.3784 | recon=0.3137 | t=24s
  Ep 137 | step 0350/1868 | loss=1.0718 | diff=0.5942 | kd=0.3765 | recon=0.4400 | t=28s
  Ep 137 | step 0400/1868 | loss=0.9955 | diff=0.6005 | kd=0.3310 | recon=0.3620 | t=32s
  Ep 137 | step 0450/1868 | loss=1.0256 | diff=0.5942 | kd=0.4048 | recon=0.3909 | t=35s
  Ep 137 | step 0500/1868 | loss=1.0055 | diff=0.5985 | kd=0.3719 | recon=0.3698 | t=39s
  Ep 137 | step 0550/1868 | loss=1.1184 | diff=0.5928 | kd=0.3908 | recon=0.4865 | t=43s
  Ep 137 | step 0600/1868 | loss=1.0854 | diff=0.5963 | kd=0.4388 | recon=0.4453 | t=47s
  Ep 137 | step 0650/1868 | loss=1.1016 | diff=0.5930 | kd=0.2422 | recon=0.4843 | t=51s
  Ep 137 | step 0700/1868 | loss=1.1699 | diff=0.5948 | kd=0.6240 | recon=0.5126 | t=55s
  Ep 137 | step 0750/1868 | loss=0.9988 | diff=0.5955 | kd=0.4429 | recon=0.3590 | t=58s
  Ep 137 | step 0800/1868 | loss=0.9861 | diff=0.5924 | kd=0.2675 | recon=0.3670 | t=62s
  Ep 137 | step 0850/1868 | loss=1.0363 | diff=0.5914 | kd=0.5186 | recon=0.3931 | t=66s
  Ep 137 | step 0900/1868 | loss=1.0260 | diff=0.5930 | kd=0.4529 | recon=0.3876 | t=70s
  Ep 137 | step 0950/1868 | loss=1.0588 | diff=0.5977 | kd=0.4564 | recon=0.4154 | t=74s
  Ep 137 | step 1000/1868 | loss=1.0617 | diff=0.5947 | kd=0.9145 | recon=0.3755 | t=77s
  Ep 137 | step 1050/1868 | loss=1.0721 | diff=0.5972 | kd=0.4940 | recon=0.4254 | t=81s
  Ep 137 | step 1100/1868 | loss=1.0411 | diff=0.5925 | kd=0.4433 | recon=0.4042 | t=85s
  Ep 137 | step 1150/1868 | loss=1.0679 | diff=0.5895 | kd=0.4760 | recon=0.4308 | t=89s
  Ep 137 | step 1200/1868 | loss=1.0807 | diff=0.5922 | kd=0.7051 | recon=0.4179 | t=93s
  Ep 137 | step 1250/1868 | loss=1.0574 | diff=0.5993 | kd=0.7197 | recon=0.3862 | t=97s
  Ep 137 | step 1300/1868 | loss=1.0432 | diff=0.5955 | kd=0.4563 | recon=0.4021 | t=101s
  Ep 137 | step 1350/1868 | loss=1.0622 | diff=0.5950 | kd=0.5159 | recon=0.4156 | t=105s
  Ep 137 | step 1400/1868 | loss=1.0812 | diff=0.5950 | kd=0.4339 | recon=0.4428 | t=109s
  Ep 137 | step 1450/1868 | loss=0.9649 | diff=0.5911 | kd=0.2639 | recon=0.3474 | t=113s
  Ep 137 | step 1500/1868 | loss=1.0038 | diff=0.5914 | kd=0.3482 | recon=0.3776 | t=116s
  Ep 137 | step 1550/1868 | loss=1.0200 | diff=0.5943 | kd=0.5127 | recon=0.3745 | t=120s
  Ep 137 | step 1600/1868 | loss=1.1312 | diff=0.5960 | kd=0.5171 | recon=0.4835 | t=124s
  Ep 137 | step 1650/1868 | loss=1.1504 | diff=0.5934 | kd=0.5154 | recon=0.5054 | t=128s
  Ep 137 | step 1700/1868 | loss=1.0391 | diff=0.5932 | kd=0.4195 | recon=0.4039 | t=132s
  Ep 137 | step 1750/1868 | loss=0.9765 | diff=0.5911 | kd=0.4859 | recon=0.3369 | t=136s
  Ep 137 | step 1800/1868 | loss=1.0218 | diff=0.5896 | kd=0.3577 | recon=0.3964 | t=140s
  Ep 137 | step 1850/1868 | loss=1.1384 | diff=0.6007 | kd=0.4289 | recon=0.4949 | t=144s

  ── Epoch 137/200 (188s) ──────────────────────
  Train  loss=1.0450  diff=0.5961  kd=0.4361  recon=0.4053
  Val    loss=1.0437  RMSE=0.4895  MAE=0.4050  lr=2.33e-05

  Ep 138 | step 0000/1868 | loss=0.9771 | diff=0.5974 | kd=0.3519 | recon=0.3445 | t=1s
  Ep 138 | step 0050/1868 | loss=1.0194 | diff=0.5931 | kd=0.3959 | recon=0.3867 | t=5s
  Ep 138 | step 0100/1868 | loss=1.1480 | diff=0.5948 | kd=0.3586 | recon=0.5173 | t=8s
  Ep 138 | step 0150/1868 | loss=0.9800 | diff=0.6124 | kd=0.3963 | recon=0.3280 | t=12s
  Ep 138 | step 0200/1868 | loss=1.0340 | diff=0.5936 | kd=0.3314 | recon=0.4073 | t=16s
  Ep 138 | step 0250/1868 | loss=1.1013 | diff=0.5968 | kd=0.5388 | recon=0.4506 | t=20s
  Ep 138 | step 0300/1868 | loss=1.0510 | diff=0.5928 | kd=0.3690 | recon=0.4212 | t=24s
  Ep 138 | step 0350/1868 | loss=1.0132 | diff=0.5962 | kd=0.4765 | recon=0.3694 | t=28s
  Ep 138 | step 0400/1868 | loss=1.1063 | diff=0.5921 | kd=0.4174 | recon=0.4725 | t=32s
  Ep 138 | step 0450/1868 | loss=1.1132 | diff=0.5938 | kd=0.4488 | recon=0.4745 | t=36s
  Ep 138 | step 0500/1868 | loss=0.9608 | diff=0.5953 | kd=0.3708 | recon=0.3285 | t=40s
  Ep 138 | step 0550/1868 | loss=0.9789 | diff=0.5939 | kd=0.3991 | recon=0.3450 | t=43s
  Ep 138 | step 0600/1868 | loss=1.0448 | diff=0.5947 | kd=0.3816 | recon=0.4119 | t=47s
  Ep 138 | step 0650/1868 | loss=1.0320 | diff=0.5904 | kd=0.4707 | recon=0.3945 | t=51s
  Ep 138 | step 0700/1868 | loss=1.0939 | diff=0.6001 | kd=0.7161 | recon=0.4221 | t=55s
  Ep 138 | step 0750/1868 | loss=1.0545 | diff=0.6018 | kd=0.3768 | recon=0.4150 | t=59s
  Ep 138 | step 0800/1868 | loss=1.0807 | diff=0.6088 | kd=0.5242 | recon=0.4195 | t=63s
  Ep 138 | step 0850/1868 | loss=1.0860 | diff=0.5923 | kd=0.6926 | recon=0.4245 | t=67s
  Ep 138 | step 0900/1868 | loss=1.0429 | diff=0.5951 | kd=0.4287 | recon=0.4049 | t=71s
  Ep 138 | step 0950/1868 | loss=0.9890 | diff=0.5909 | kd=0.4077 | recon=0.3574 | t=75s
  Ep 138 | step 1000/1868 | loss=1.0441 | diff=0.5937 | kd=0.2571 | recon=0.4247 | t=78s
  Ep 138 | step 1050/1868 | loss=0.9907 | diff=0.5938 | kd=0.3790 | recon=0.3590 | t=82s
  Ep 138 | step 1100/1868 | loss=1.1195 | diff=0.5992 | kd=0.4365 | recon=0.4766 | t=86s
  Ep 138 | step 1150/1868 | loss=1.0594 | diff=0.5930 | kd=0.4109 | recon=0.4253 | t=90s
  Ep 138 | step 1200/1868 | loss=1.0237 | diff=0.5958 | kd=0.5018 | recon=0.3777 | t=94s
  Ep 138 | step 1250/1868 | loss=0.9932 | diff=0.6008 | kd=0.2997 | recon=0.3624 | t=98s
  Ep 138 | step 1300/1868 | loss=1.0863 | diff=0.5924 | kd=0.4855 | recon=0.4453 | t=102s
  Ep 138 | step 1350/1868 | loss=0.9355 | diff=0.5920 | kd=0.3886 | recon=0.3047 | t=106s
  Ep 138 | step 1400/1868 | loss=1.0656 | diff=0.5921 | kd=0.2948 | recon=0.4440 | t=110s
  Ep 138 | step 1450/1868 | loss=0.9839 | diff=0.5923 | kd=0.3000 | recon=0.3617 | t=114s
  Ep 138 | step 1500/1868 | loss=1.0986 | diff=0.5945 | kd=0.4744 | recon=0.4567 | t=118s
  Ep 138 | step 1550/1868 | loss=1.0663 | diff=0.6225 | kd=0.3735 | recon=0.4064 | t=121s
  Ep 138 | step 1600/1868 | loss=1.0315 | diff=0.5960 | kd=0.4825 | recon=0.3873 | t=125s
  Ep 138 | step 1650/1868 | loss=0.9755 | diff=0.5921 | kd=0.3119 | recon=0.3522 | t=129s
  Ep 138 | step 1700/1868 | loss=0.9794 | diff=0.5924 | kd=0.4361 | recon=0.3435 | t=133s
  Ep 138 | step 1750/1868 | loss=1.0668 | diff=0.5941 | kd=0.4599 | recon=0.4267 | t=137s
  Ep 138 | step 1800/1868 | loss=0.9922 | diff=0.5900 | kd=0.4211 | recon=0.3601 | t=141s
  Ep 138 | step 1850/1868 | loss=1.0709 | diff=0.5956 | kd=0.2959 | recon=0.4456 | t=145s

  ── Epoch 138/200 (189s) ──────────────────────
  Train  loss=1.0437  diff=0.5954  kd=0.4291  recon=0.4054
  Val    loss=1.0415  RMSE=0.4895  MAE=0.4050  lr=2.27e-05

  Ep 139 | step 0000/1868 | loss=0.9598 | diff=0.5923 | kd=0.2689 | recon=0.3407 | t=1s
  Ep 139 | step 0050/1868 | loss=1.1480 | diff=0.5896 | kd=0.3714 | recon=0.5212 | t=4s
  Ep 139 | step 0100/1868 | loss=1.0632 | diff=0.5920 | kd=0.4283 | recon=0.4284 | t=8s
  Ep 139 | step 0150/1868 | loss=1.0048 | diff=0.5984 | kd=0.4920 | recon=0.3572 | t=12s
  Ep 139 | step 0200/1868 | loss=0.9717 | diff=0.5933 | kd=0.2794 | recon=0.3505 | t=16s
  Ep 139 | step 0250/1868 | loss=1.0654 | diff=0.5939 | kd=0.2678 | recon=0.4447 | t=20s
  Ep 139 | step 0300/1868 | loss=1.0349 | diff=0.5947 | kd=0.7117 | recon=0.3690 | t=24s
  Ep 139 | step 0350/1868 | loss=0.9611 | diff=0.5957 | kd=0.2654 | recon=0.3389 | t=28s
  Ep 139 | step 0400/1868 | loss=1.0062 | diff=0.5914 | kd=0.5156 | recon=0.3633 | t=32s
  Ep 139 | step 0450/1868 | loss=1.0436 | diff=0.5904 | kd=0.5520 | recon=0.3980 | t=36s
  Ep 139 | step 0500/1868 | loss=1.0063 | diff=0.5974 | kd=0.2953 | recon=0.3793 | t=40s
  Ep 139 | step 0550/1868 | loss=0.9846 | diff=0.5949 | kd=0.3641 | recon=0.3532 | t=43s
  Ep 139 | step 0600/1868 | loss=0.9948 | diff=0.5975 | kd=0.3748 | recon=0.3599 | t=47s
  Ep 139 | step 0650/1868 | loss=1.0160 | diff=0.5964 | kd=0.3502 | recon=0.3845 | t=51s
  Ep 139 | step 0700/1868 | loss=1.0037 | diff=0.5929 | kd=0.4008 | recon=0.3708 | t=55s
  Ep 139 | step 0750/1868 | loss=1.1632 | diff=0.5907 | kd=0.4208 | recon=0.5305 | t=59s
  Ep 139 | step 0800/1868 | loss=1.0281 | diff=0.5944 | kd=0.4220 | recon=0.3915 | t=63s
  Ep 139 | step 0850/1868 | loss=0.9539 | diff=0.5911 | kd=0.4490 | recon=0.3179 | t=67s
  Ep 139 | step 0900/1868 | loss=1.0087 | diff=0.5927 | kd=0.3419 | recon=0.3819 | t=71s
  Ep 139 | step 0950/1868 | loss=0.9902 | diff=0.5957 | kd=0.3115 | recon=0.3633 | t=75s
  Ep 139 | step 1000/1868 | loss=1.0535 | diff=0.5944 | kd=0.3610 | recon=0.4231 | t=78s
  Ep 139 | step 1050/1868 | loss=1.0327 | diff=0.5949 | kd=0.4594 | recon=0.3919 | t=82s
  Ep 139 | step 1100/1868 | loss=1.0995 | diff=0.5915 | kd=0.3083 | recon=0.4772 | t=86s
  Ep 139 | step 1150/1868 | loss=1.1124 | diff=0.6206 | kd=0.5241 | recon=0.4393 | t=90s
  Ep 139 | step 1200/1868 | loss=1.0060 | diff=0.5956 | kd=0.3206 | recon=0.3784 | t=94s
  Ep 139 | step 1250/1868 | loss=1.0296 | diff=0.5949 | kd=0.3274 | recon=0.4020 | t=98s
  Ep 139 | step 1300/1868 | loss=0.9966 | diff=0.5962 | kd=0.3688 | recon=0.3636 | t=102s
  Ep 139 | step 1350/1868 | loss=1.0217 | diff=0.6014 | kd=0.3406 | recon=0.3863 | t=106s
  Ep 139 | step 1400/1868 | loss=1.0823 | diff=0.5926 | kd=0.3326 | recon=0.4565 | t=110s
  Ep 139 | step 1450/1868 | loss=1.0615 | diff=0.5954 | kd=0.4013 | recon=0.4259 | t=113s
  Ep 139 | step 1500/1868 | loss=1.0828 | diff=0.5921 | kd=0.3652 | recon=0.4542 | t=117s
  Ep 139 | step 1550/1868 | loss=0.9585 | diff=0.5912 | kd=0.3522 | recon=0.3320 | t=121s
  Ep 139 | step 1600/1868 | loss=1.0821 | diff=0.5920 | kd=0.3897 | recon=0.4512 | t=125s
  Ep 139 | step 1650/1868 | loss=1.0286 | diff=0.5915 | kd=0.3465 | recon=0.4024 | t=129s
  Ep 139 | step 1700/1868 | loss=1.0760 | diff=0.5938 | kd=0.4555 | recon=0.4366 | t=133s
  Ep 139 | step 1750/1868 | loss=1.0442 | diff=0.5906 | kd=0.4846 | recon=0.4051 | t=137s
  Ep 139 | step 1800/1868 | loss=0.9803 | diff=0.5921 | kd=0.3060 | recon=0.3576 | t=141s
  Ep 139 | step 1850/1868 | loss=1.0266 | diff=0.5919 | kd=0.3416 | recon=0.4005 | t=144s

  ── Epoch 139/200 (189s) ──────────────────────
  Train  loss=1.0432  diff=0.5955  kd=0.4244  recon=0.4053
  Val    loss=1.0379  RMSE=0.4895  MAE=0.4050  lr=2.20e-05
  [BEST] Checkpoint saved → checkpoints/best_model.pth

  Ep 140 | step 0000/1868 | loss=1.0617 | diff=0.5932 | kd=0.3504 | recon=0.4335 | t=1s
  Ep 140 | step 0050/1868 | loss=1.0112 | diff=0.5916 | kd=0.3914 | recon=0.3805 | t=4s
  Ep 140 | step 0100/1868 | loss=1.0645 | diff=0.5915 | kd=0.4619 | recon=0.4269 | t=8s
  Ep 140 | step 0150/1868 | loss=1.0805 | diff=0.5882 | kd=0.4499 | recon=0.4473 | t=12s
  Ep 140 | step 0200/1868 | loss=0.9982 | diff=0.5960 | kd=0.3106 | recon=0.3711 | t=16s
  Ep 140 | step 0250/1868 | loss=1.0296 | diff=0.5943 | kd=0.5491 | recon=0.3803 | t=20s
  Ep 140 | step 0300/1868 | loss=1.0254 | diff=0.5917 | kd=0.5168 | recon=0.3821 | t=24s
  Ep 140 | step 0350/1868 | loss=1.0952 | diff=0.5906 | kd=0.3207 | recon=0.4725 | t=28s
  Ep 140 | step 0400/1868 | loss=1.0226 | diff=0.5928 | kd=0.3099 | recon=0.3988 | t=32s
  Ep 140 | step 0450/1868 | loss=1.0951 | diff=0.5990 | kd=0.3662 | recon=0.4595 | t=35s
  Ep 140 | step 0500/1868 | loss=0.9676 | diff=0.5916 | kd=0.3466 | recon=0.3413 | t=39s
  Ep 140 | step 0550/1868 | loss=0.9974 | diff=0.5958 | kd=0.4708 | recon=0.3545 | t=43s
  Ep 140 | step 0600/1868 | loss=0.9674 | diff=0.5921 | kd=0.2646 | recon=0.3488 | t=47s
  Ep 140 | step 0650/1868 | loss=1.0455 | diff=0.5937 | kd=0.6986 | recon=0.3819 | t=51s
  Ep 140 | step 0700/1868 | loss=1.1753 | diff=0.6263 | kd=0.3131 | recon=0.5177 | t=55s
  Ep 140 | step 0750/1868 | loss=1.0360 | diff=0.5951 | kd=0.3186 | recon=0.4091 | t=59s
  Ep 140 | step 0800/1868 | loss=1.1584 | diff=0.5945 | kd=0.3094 | recon=0.5330 | t=63s
  Ep 140 | step 0850/1868 | loss=0.9931 | diff=0.5941 | kd=0.4442 | recon=0.3546 | t=66s
  Ep 140 | step 0900/1868 | loss=1.2821 | diff=0.5966 | kd=0.3294 | recon=0.6525 | t=70s
  Ep 140 | step 0950/1868 | loss=1.0945 | diff=0.5921 | kd=0.6120 | recon=0.4412 | t=74s
  Ep 140 | step 1000/1868 | loss=1.0371 | diff=0.5949 | kd=0.4644 | recon=0.3957 | t=78s
  Ep 140 | step 1050/1868 | loss=0.9791 | diff=0.5960 | kd=0.3945 | recon=0.3437 | t=82s
  Ep 140 | step 1100/1868 | loss=1.0261 | diff=0.5973 | kd=0.3027 | recon=0.3986 | t=86s
  Ep 140 | step 1150/1868 | loss=1.1358 | diff=0.5896 | kd=0.6027 | recon=0.4859 | t=90s
  Ep 140 | step 1200/1868 | loss=1.0477 | diff=0.5901 | kd=0.4856 | recon=0.4090 | t=94s
  Ep 140 | step 1250/1868 | loss=1.0231 | diff=0.5975 | kd=0.3898 | recon=0.3866 | t=98s
  Ep 140 | step 1300/1868 | loss=0.9684 | diff=0.5946 | kd=0.3761 | recon=0.3362 | t=102s
  Ep 140 | step 1350/1868 | loss=0.9623 | diff=0.5938 | kd=0.3143 | recon=0.3370 | t=106s
  Ep 140 | step 1400/1868 | loss=0.9844 | diff=0.5928 | kd=0.4026 | recon=0.3514 | t=110s
  Ep 140 | step 1450/1868 | loss=1.0483 | diff=0.5929 | kd=0.4940 | recon=0.4061 | t=114s
  Ep 140 | step 1500/1868 | loss=1.1055 | diff=0.6082 | kd=0.7331 | recon=0.4240 | t=118s
  Ep 140 | step 1550/1868 | loss=1.0319 | diff=0.5914 | kd=0.4022 | recon=0.4003 | t=122s
  Ep 140 | step 1600/1868 | loss=1.0542 | diff=0.5909 | kd=0.4894 | recon=0.4144 | t=126s
  Ep 140 | step 1650/1868 | loss=1.0058 | diff=0.5933 | kd=0.5052 | recon=0.3619 | t=129s
  Ep 140 | step 1700/1868 | loss=1.0532 | diff=0.5957 | kd=0.4338 | recon=0.4140 | t=133s
  Ep 140 | step 1750/1868 | loss=1.0505 | diff=0.5983 | kd=0.3763 | recon=0.4146 | t=137s
  Ep 140 | step 1800/1868 | loss=1.0288 | diff=0.5926 | kd=0.3542 | recon=0.4008 | t=141s
  Ep 140 | step 1850/1868 | loss=1.0304 | diff=0.6276 | kd=0.2659 | recon=0.3762 | t=145s

  ── Epoch 140/200 (189s) ──────────────────────
  Train  loss=1.0434  diff=0.5955  kd=0.4258  recon=0.4053
  Val    loss=1.0394  RMSE=0.4895  MAE=0.4050  lr=2.14e-05
  [EP140] Checkpoint saved → checkpoints/epoch_140.pth

  Ep 141 | step 0000/1868 | loss=1.0067 | diff=0.5885 | kd=0.4535 | recon=0.3729 | t=0s
  Ep 141 | step 0050/1868 | loss=1.0568 | diff=0.5945 | kd=0.4099 | recon=0.4213 | t=4s
  Ep 141 | step 0100/1868 | loss=1.0806 | diff=0.5926 | kd=0.3922 | recon=0.4488 | t=8s
  Ep 141 | step 0150/1868 | loss=0.9858 | diff=0.5931 | kd=0.4196 | recon=0.3507 | t=12s
  Ep 141 | step 0200/1868 | loss=1.1210 | diff=0.5975 | kd=0.4502 | recon=0.4784 | t=16s
  Ep 141 | step 0250/1868 | loss=1.0612 | diff=0.5929 | kd=0.5896 | recon=0.4094 | t=20s
  Ep 141 | step 0300/1868 | loss=1.0220 | diff=0.5917 | kd=0.3385 | recon=0.3965 | t=24s
  Ep 141 | step 0350/1868 | loss=1.0261 | diff=0.5925 | kd=0.3453 | recon=0.3990 | t=28s
  Ep 141 | step 0400/1868 | loss=1.0402 | diff=0.5940 | kd=0.3944 | recon=0.4067 | t=32s
  Ep 141 | step 0450/1868 | loss=1.1172 | diff=0.5953 | kd=0.3027 | recon=0.4916 | t=35s
  Ep 141 | step 0500/1868 | loss=1.0678 | diff=0.6011 | kd=0.5180 | recon=0.4149 | t=39s
  Ep 141 | step 0550/1868 | loss=1.0379 | diff=0.6216 | kd=0.3736 | recon=0.3789 | t=43s
  Ep 141 | step 0600/1868 | loss=1.0347 | diff=0.5911 | kd=0.4143 | recon=0.4021 | t=47s
  Ep 141 | step 0650/1868 | loss=1.0267 | diff=0.5925 | kd=0.4103 | recon=0.3932 | t=51s
  Ep 141 | step 0700/1868 | loss=0.9905 | diff=0.5926 | kd=0.4217 | recon=0.3558 | t=55s
  Ep 141 | step 0750/1868 | loss=0.9870 | diff=0.5923 | kd=0.3011 | recon=0.3645 | t=59s
  Ep 141 | step 0800/1868 | loss=0.9528 | diff=0.5950 | kd=0.3544 | recon=0.3224 | t=63s
  Ep 141 | step 0850/1868 | loss=1.0357 | diff=0.5921 | kd=0.4640 | recon=0.3971 | t=67s
  Ep 141 | step 0900/1868 | loss=0.9777 | diff=0.5924 | kd=0.3225 | recon=0.3531 | t=70s
  Ep 141 | step 0950/1868 | loss=1.0361 | diff=0.5898 | kd=0.2854 | recon=0.4177 | t=74s
  Ep 141 | step 1000/1868 | loss=1.0165 | diff=0.5936 | kd=0.3318 | recon=0.3898 | t=78s
  Ep 141 | step 1050/1868 | loss=1.1007 | diff=0.5899 | kd=0.4495 | recon=0.4659 | t=82s
  Ep 141 | step 1100/1868 | loss=1.1533 | diff=0.6040 | kd=0.8101 | recon=0.4683 | t=86s
  Ep 141 | step 1150/1868 | loss=1.0082 | diff=0.5908 | kd=0.4299 | recon=0.3744 | t=90s
  Ep 141 | step 1200/1868 | loss=0.9856 | diff=0.5964 | kd=0.3561 | recon=0.3535 | t=94s
  Ep 141 | step 1250/1868 | loss=1.0351 | diff=0.5938 | kd=0.3965 | recon=0.4017 | t=98s
  Ep 141 | step 1300/1868 | loss=1.0355 | diff=0.5925 | kd=0.3562 | recon=0.4073 | t=102s
  Ep 141 | step 1350/1868 | loss=1.0637 | diff=0.5957 | kd=0.4666 | recon=0.4214 | t=105s
  Ep 141 | step 1400/1868 | loss=1.0514 | diff=0.5909 | kd=0.3604 | recon=0.4244 | t=109s
  Ep 141 | step 1450/1868 | loss=1.0049 | diff=0.5912 | kd=0.2840 | recon=0.3853 | t=113s
  Ep 141 | step 1500/1868 | loss=1.1025 | diff=0.5941 | kd=0.4256 | recon=0.4658 | t=117s
  Ep 141 | step 1550/1868 | loss=1.0055 | diff=0.5922 | kd=0.3984 | recon=0.3734 | t=121s
  Ep 141 | step 1600/1868 | loss=1.0051 | diff=0.5899 | kd=0.3629 | recon=0.3789 | t=125s
  Ep 141 | step 1650/1868 | loss=1.0587 | diff=0.5922 | kd=0.2584 | recon=0.4407 | t=129s
  Ep 141 | step 1700/1868 | loss=0.9829 | diff=0.5920 | kd=0.4198 | recon=0.3489 | t=133s
  Ep 141 | step 1750/1868 | loss=1.0060 | diff=0.5947 | kd=0.3341 | recon=0.3779 | t=136s
  Ep 141 | step 1800/1868 | loss=1.0180 | diff=0.5950 | kd=0.4131 | recon=0.3817 | t=140s
  Ep 141 | step 1850/1868 | loss=1.0685 | diff=0.5966 | kd=0.3945 | recon=0.4325 | t=144s

  ── Epoch 141/200 (188s) ──────────────────────
  Train  loss=1.0417  diff=0.5942  kd=0.4229  recon=0.4053
  Val    loss=1.0379  RMSE=0.4895  MAE=0.4050  lr=2.08e-05
  [BEST] Checkpoint saved → checkpoints/best_model.pth

  Ep 142 | step 0000/1868 | loss=1.0780 | diff=0.5954 | kd=0.6347 | recon=0.4191 | t=1s
  Ep 142 | step 0050/1868 | loss=1.0672 | diff=0.5997 | kd=0.4242 | recon=0.4251 | t=4s
  Ep 142 | step 0100/1868 | loss=1.0694 | diff=0.5931 | kd=0.3257 | recon=0.4436 | t=8s
  Ep 142 | step 0150/1868 | loss=1.1837 | diff=0.5916 | kd=0.4288 | recon=0.5493 | t=12s
  Ep 142 | step 0200/1868 | loss=1.0492 | diff=0.5920 | kd=0.4415 | recon=0.4130 | t=16s
  Ep 142 | step 0250/1868 | loss=1.0402 | diff=0.5929 | kd=0.4110 | recon=0.4062 | t=20s
  Ep 142 | step 0300/1868 | loss=1.1083 | diff=0.5959 | kd=0.5706 | recon=0.4554 | t=24s
  Ep 142 | step 0350/1868 | loss=1.1433 | diff=0.5955 | kd=0.6790 | recon=0.4798 | t=28s
  Ep 142 | step 0400/1868 | loss=1.0060 | diff=0.5919 | kd=0.4644 | recon=0.3677 | t=32s
  Ep 142 | step 0450/1868 | loss=0.9628 | diff=0.5943 | kd=0.2898 | recon=0.3396 | t=36s
  Ep 142 | step 0500/1868 | loss=1.1495 | diff=0.5907 | kd=0.4533 | recon=0.5135 | t=39s
  Ep 142 | step 0550/1868 | loss=0.9619 | diff=0.5905 | kd=0.3948 | recon=0.3319 | t=43s
  Ep 142 | step 0600/1868 | loss=1.0574 | diff=0.5943 | kd=0.5067 | recon=0.4124 | t=47s
  Ep 142 | step 0650/1868 | loss=1.0837 | diff=0.5936 | kd=0.4380 | recon=0.4463 | t=51s
  Ep 142 | step 0700/1868 | loss=1.0196 | diff=0.5921 | kd=0.3218 | recon=0.3953 | t=55s
  Ep 142 | step 0750/1868 | loss=0.9976 | diff=0.5975 | kd=0.3981 | recon=0.3603 | t=59s
  Ep 142 | step 0800/1868 | loss=1.0706 | diff=0.5937 | kd=0.4346 | recon=0.4334 | t=63s
  Ep 142 | step 0850/1868 | loss=1.1732 | diff=0.5939 | kd=0.5579 | recon=0.5235 | t=67s
  Ep 142 | step 0900/1868 | loss=1.0936 | diff=0.6004 | kd=0.5231 | recon=0.4409 | t=70s
  Ep 142 | step 0950/1868 | loss=1.0592 | diff=0.5960 | kd=0.4921 | recon=0.4140 | t=74s
  Ep 142 | step 1000/1868 | loss=0.9950 | diff=0.5935 | kd=0.6846 | recon=0.3330 | t=78s
  Ep 142 | step 1050/1868 | loss=1.0113 | diff=0.5951 | kd=0.4067 | recon=0.3755 | t=82s
  Ep 142 | step 1100/1868 | loss=0.9836 | diff=0.5918 | kd=0.3434 | recon=0.3575 | t=86s
  Ep 142 | step 1150/1868 | loss=0.9944 | diff=0.5976 | kd=0.3256 | recon=0.3642 | t=90s
  Ep 142 | step 1200/1868 | loss=1.0326 | diff=0.5945 | kd=0.3817 | recon=0.4000 | t=94s
  Ep 142 | step 1250/1868 | loss=1.0644 | diff=0.5879 | kd=0.5591 | recon=0.4206 | t=98s
  Ep 142 | step 1300/1868 | loss=1.0606 | diff=0.5940 | kd=0.4720 | recon=0.4194 | t=102s
  Ep 142 | step 1350/1868 | loss=1.0185 | diff=0.5929 | kd=0.5033 | recon=0.3752 | t=105s
  Ep 142 | step 1400/1868 | loss=1.0512 | diff=0.6041 | kd=0.3114 | recon=0.4159 | t=109s
  Ep 142 | step 1450/1868 | loss=1.1449 | diff=0.5957 | kd=1.1189 | recon=0.4373 | t=113s
  Ep 142 | step 1500/1868 | loss=0.9582 | diff=0.5954 | kd=0.3406 | recon=0.3288 | t=117s
  Ep 142 | step 1550/1868 | loss=1.1184 | diff=0.6352 | kd=0.4340 | recon=0.4398 | t=121s
  Ep 142 | step 1600/1868 | loss=1.0076 | diff=0.5981 | kd=0.4199 | recon=0.3675 | t=125s
  Ep 142 | step 1650/1868 | loss=1.0822 | diff=0.5927 | kd=0.4333 | recon=0.4462 | t=129s
  Ep 142 | step 1700/1868 | loss=1.0405 | diff=0.5904 | kd=0.3107 | recon=0.4191 | t=133s
  Ep 142 | step 1750/1868 | loss=1.0420 | diff=0.5934 | kd=0.2807 | recon=0.4205 | t=137s
  Ep 142 | step 1800/1868 | loss=1.0212 | diff=0.5965 | kd=0.5582 | recon=0.3689 | t=140s
  Ep 142 | step 1850/1868 | loss=1.0792 | diff=0.5908 | kd=0.5821 | recon=0.4302 | t=144s

  ── Epoch 142/200 (188s) ──────────────────────
  Train  loss=1.0419  diff=0.5945  kd=0.4196  recon=0.4054
  Val    loss=1.0379  RMSE=0.4895  MAE=0.4050  lr=2.02e-05

  Ep 143 | step 0000/1868 | loss=1.0664 | diff=0.5932 | kd=0.4798 | recon=0.4253 | t=1s
  Ep 143 | step 0050/1868 | loss=1.0515 | diff=0.5964 | kd=0.5173 | recon=0.4034 | t=4s
  Ep 143 | step 0100/1868 | loss=1.0356 | diff=0.5952 | kd=0.3841 | recon=0.4020 | t=8s
  Ep 143 | step 0150/1868 | loss=0.9996 | diff=0.5940 | kd=0.3789 | recon=0.3677 | t=12s
  Ep 143 | step 0200/1868 | loss=1.0632 | diff=0.5992 | kd=0.3994 | recon=0.4241 | t=16s
  Ep 143 | step 0250/1868 | loss=1.0674 | diff=0.5927 | kd=0.6553 | recon=0.4092 | t=20s
  Ep 143 | step 0300/1868 | loss=1.0092 | diff=0.5916 | kd=0.3271 | recon=0.3848 | t=24s
  Ep 143 | step 0350/1868 | loss=0.9837 | diff=0.5912 | kd=0.3931 | recon=0.3531 | t=28s
  Ep 143 | step 0400/1868 | loss=1.0416 | diff=0.5934 | kd=0.4191 | recon=0.4063 | t=32s
  Ep 143 | step 0450/1868 | loss=1.0511 | diff=0.5908 | kd=0.2928 | recon=0.4310 | t=36s
  Ep 143 | step 0500/1868 | loss=1.1164 | diff=0.5880 | kd=0.5031 | recon=0.4780 | t=40s
  Ep 143 | step 0550/1868 | loss=1.0754 | diff=0.5912 | kd=0.3650 | recon=0.4476 | t=43s
  Ep 143 | step 0600/1868 | loss=1.0574 | diff=0.5919 | kd=0.4244 | recon=0.4230 | t=47s
  Ep 143 | step 0650/1868 | loss=1.0878 | diff=0.5927 | kd=0.4161 | recon=0.4535 | t=51s
  Ep 143 | step 0700/1868 | loss=0.9966 | diff=0.5957 | kd=0.3794 | recon=0.3630 | t=55s
  Ep 143 | step 0750/1868 | loss=1.0686 | diff=0.5969 | kd=0.3309 | recon=0.4386 | t=59s
  Ep 143 | step 0800/1868 | loss=1.0791 | diff=0.5973 | kd=0.8409 | recon=0.3977 | t=63s
  Ep 143 | step 0850/1868 | loss=0.9949 | diff=0.5917 | kd=0.4285 | recon=0.3603 | t=67s
  Ep 143 | step 0900/1868 | loss=1.0203 | diff=0.5948 | kd=0.3791 | recon=0.3875 | t=71s
  Ep 143 | step 0950/1868 | loss=0.9846 | diff=0.5923 | kd=0.4387 | recon=0.3484 | t=74s
  Ep 143 | step 1000/1868 | loss=1.0688 | diff=0.5962 | kd=0.3813 | recon=0.4345 | t=78s
  Ep 143 | step 1050/1868 | loss=1.0002 | diff=0.5945 | kd=0.3946 | recon=0.3663 | t=82s
  Ep 143 | step 1100/1868 | loss=1.0067 | diff=0.5985 | kd=0.3837 | recon=0.3699 | t=86s
  Ep 143 | step 1150/1868 | loss=1.0397 | diff=0.6055 | kd=0.3811 | recon=0.3961 | t=90s
  Ep 143 | step 1200/1868 | loss=0.9757 | diff=0.5923 | kd=0.4204 | recon=0.3414 | t=94s
  Ep 143 | step 1250/1868 | loss=1.0632 | diff=0.5951 | kd=0.5429 | recon=0.4137 | t=98s
  Ep 143 | step 1300/1868 | loss=1.0576 | diff=0.5968 | kd=0.3991 | recon=0.4209 | t=102s
  Ep 143 | step 1350/1868 | loss=1.0161 | diff=0.6096 | kd=0.4625 | recon=0.3603 | t=106s
  Ep 143 | step 1400/1868 | loss=1.0326 | diff=0.5980 | kd=0.3058 | recon=0.4041 | t=109s
  Ep 143 | step 1450/1868 | loss=1.0360 | diff=0.5935 | kd=0.4177 | recon=0.4007 | t=113s
  Ep 143 | step 1500/1868 | loss=1.1144 | diff=0.5984 | kd=0.6376 | recon=0.4522 | t=117s
  Ep 143 | step 1550/1868 | loss=0.9737 | diff=0.5929 | kd=0.3785 | recon=0.3429 | t=121s
  Ep 143 | step 1600/1868 | loss=1.0240 | diff=0.5944 | kd=0.4478 | recon=0.3848 | t=125s
  Ep 143 | step 1650/1868 | loss=1.1446 | diff=0.5919 | kd=0.3192 | recon=0.5207 | t=129s
  Ep 143 | step 1700/1868 | loss=1.0569 | diff=0.5930 | kd=0.4398 | recon=0.4199 | t=133s
  Ep 143 | step 1750/1868 | loss=1.0051 | diff=0.5912 | kd=0.4362 | recon=0.3702 | t=137s
  Ep 143 | step 1800/1868 | loss=1.0375 | diff=0.5969 | kd=0.3057 | recon=0.4100 | t=141s
  Ep 143 | step 1850/1868 | loss=1.0033 | diff=0.5971 | kd=0.3814 | recon=0.3681 | t=145s

  ── Epoch 143/200 (189s) ──────────────────────
  Train  loss=1.0420  diff=0.5947  kd=0.4198  recon=0.4053
  Val    loss=1.0384  RMSE=0.4895  MAE=0.4050  lr=1.96e-05

  Ep 144 | step 0000/1868 | loss=1.0655 | diff=0.5885 | kd=0.4153 | recon=0.4355 | t=1s
  Ep 144 | step 0050/1868 | loss=1.0058 | diff=0.5946 | kd=0.5533 | recon=0.3559 | t=4s
  Ep 144 | step 0100/1868 | loss=1.1153 | diff=0.5975 | kd=0.3276 | recon=0.4850 | t=8s
  Ep 144 | step 0150/1868 | loss=1.0886 | diff=0.5944 | kd=0.4932 | recon=0.4449 | t=12s
  Ep 144 | step 0200/1868 | loss=0.9804 | diff=0.5920 | kd=0.3301 | recon=0.3554 | t=16s
  Ep 144 | step 0250/1868 | loss=1.0663 | diff=0.5959 | kd=0.4873 | recon=0.4216 | t=20s
  Ep 144 | step 0300/1868 | loss=0.9919 | diff=0.5981 | kd=0.4199 | recon=0.3518 | t=24s
  Ep 144 | step 0350/1868 | loss=1.0073 | diff=0.5950 | kd=0.4176 | recon=0.3705 | t=28s
  Ep 144 | step 0400/1868 | loss=1.0145 | diff=0.5927 | kd=0.4139 | recon=0.3805 | t=32s
  Ep 144 | step 0450/1868 | loss=0.9759 | diff=0.5934 | kd=0.4654 | recon=0.3360 | t=36s
  Ep 144 | step 0500/1868 | loss=0.9433 | diff=0.5934 | kd=0.3984 | recon=0.3100 | t=40s
  Ep 144 | step 0550/1868 | loss=1.0152 | diff=0.5926 | kd=0.5445 | recon=0.3681 | t=44s
  Ep 144 | step 0600/1868 | loss=1.0115 | diff=0.5883 | kd=0.2952 | recon=0.3937 | t=47s
  Ep 144 | step 0650/1868 | loss=1.1230 | diff=0.5957 | kd=0.5185 | recon=0.4755 | t=51s
  Ep 144 | step 0700/1868 | loss=1.0215 | diff=0.5954 | kd=0.3705 | recon=0.3890 | t=55s
  Ep 144 | step 0750/1868 | loss=1.0025 | diff=0.5924 | kd=0.3425 | recon=0.3759 | t=59s
  Ep 144 | step 0800/1868 | loss=1.0271 | diff=0.5956 | kd=0.4718 | recon=0.3843 | t=63s
  Ep 144 | step 0850/1868 | loss=1.0949 | diff=0.5910 | kd=0.4455 | recon=0.4594 | t=67s
  Ep 144 | step 0900/1868 | loss=0.9725 | diff=0.5877 | kd=0.3373 | recon=0.3510 | t=71s
  Ep 144 | step 0950/1868 | loss=1.0436 | diff=0.5948 | kd=0.4736 | recon=0.4014 | t=75s
  Ep 144 | step 1000/1868 | loss=0.9622 | diff=0.5933 | kd=0.3184 | recon=0.3371 | t=79s
  Ep 144 | step 1050/1868 | loss=1.0876 | diff=0.5946 | kd=0.3461 | recon=0.4584 | t=83s
  Ep 144 | step 1100/1868 | loss=0.9376 | diff=0.5922 | kd=0.2996 | recon=0.3154 | t=86s
  Ep 144 | step 1150/1868 | loss=1.0766 | diff=0.5926 | kd=0.3602 | recon=0.4481 | t=90s
  Ep 144 | step 1200/1868 | loss=1.1178 | diff=0.6018 | kd=0.5591 | recon=0.4600 | t=94s
  Ep 144 | step 1250/1868 | loss=1.0707 | diff=0.5932 | kd=0.5731 | recon=0.4201 | t=98s
  Ep 144 | step 1300/1868 | loss=1.0611 | diff=0.6288 | kd=0.3600 | recon=0.3963 | t=102s
  Ep 144 | step 1350/1868 | loss=1.1285 | diff=0.5882 | kd=0.5190 | recon=0.4884 | t=106s
  Ep 144 | step 1400/1868 | loss=0.9929 | diff=0.5920 | kd=0.4612 | recon=0.3548 | t=110s
  Ep 144 | step 1450/1868 | loss=1.0212 | diff=0.5951 | kd=0.4729 | recon=0.3788 | t=114s
  Ep 144 | step 1500/1868 | loss=1.1138 | diff=0.5931 | kd=0.3458 | recon=0.4861 | t=118s
  Ep 144 | step 1550/1868 | loss=0.9810 | diff=0.5948 | kd=0.3849 | recon=0.3477 | t=122s
  Ep 144 | step 1600/1868 | loss=1.0366 | diff=0.5918 | kd=0.3514 | recon=0.4097 | t=126s
  Ep 144 | step 1650/1868 | loss=1.0519 | diff=0.5981 | kd=0.3005 | recon=0.4238 | t=129s
  Ep 144 | step 1700/1868 | loss=1.0253 | diff=0.5901 | kd=0.3853 | recon=0.3966 | t=133s
  Ep 144 | step 1750/1868 | loss=1.0944 | diff=0.6106 | kd=0.3398 | recon=0.4498 | t=137s
  Ep 144 | step 1800/1868 | loss=1.0424 | diff=0.5889 | kd=0.3556 | recon=0.4179 | t=141s
  Ep 144 | step 1850/1868 | loss=1.1011 | diff=0.5930 | kd=0.4376 | recon=0.4644 | t=145s

  ── Epoch 144/200 (190s) ──────────────────────
  Train  loss=1.0420  diff=0.5949  kd=0.4169  recon=0.4053
  Val    loss=1.0379  RMSE=0.4895  MAE=0.4050  lr=1.89e-05
  [BEST] Checkpoint saved → checkpoints/best_model.pth

  Ep 145 | step 0000/1868 | loss=1.0738 | diff=0.5909 | kd=0.4637 | recon=0.4364 | t=1s
  Ep 145 | step 0050/1868 | loss=1.0566 | diff=0.5889 | kd=0.4576 | recon=0.4219 | t=5s
  Ep 145 | step 0100/1868 | loss=1.0369 | diff=0.5918 | kd=0.5097 | recon=0.3941 | t=8s
  Ep 145 | step 0150/1868 | loss=0.9598 | diff=0.5882 | kd=0.2671 | recon=0.3449 | t=12s
  Ep 145 | step 0200/1868 | loss=1.0501 | diff=0.5960 | kd=0.5578 | recon=0.3984 | t=16s
  Ep 145 | step 0250/1868 | loss=1.0279 | diff=0.5906 | kd=0.2826 | recon=0.4091 | t=20s
  Ep 145 | step 0300/1868 | loss=1.0941 | diff=0.5907 | kd=0.4113 | recon=0.4623 | t=24s
  Ep 145 | step 0350/1868 | loss=0.9911 | diff=0.5949 | kd=0.4026 | recon=0.3559 | t=28s
  Ep 145 | step 0400/1868 | loss=0.9843 | diff=0.5940 | kd=0.3857 | recon=0.3517 | t=32s
  Ep 145 | step 0450/1868 | loss=1.1816 | diff=0.5899 | kd=0.7997 | recon=0.5117 | t=36s
  Ep 145 | step 0500/1868 | loss=1.0509 | diff=0.5914 | kd=0.4176 | recon=0.4177 | t=40s
  Ep 145 | step 0550/1868 | loss=1.0827 | diff=0.5920 | kd=0.4285 | recon=0.4478 | t=43s
  Ep 145 | step 0600/1868 | loss=1.1189 | diff=0.5940 | kd=0.2956 | recon=0.4954 | t=47s
  Ep 145 | step 0650/1868 | loss=1.0779 | diff=0.5950 | kd=0.4313 | recon=0.4397 | t=51s
  Ep 145 | step 0700/1868 | loss=1.1018 | diff=0.5933 | kd=0.7057 | recon=0.4380 | t=55s
  Ep 145 | step 0750/1868 | loss=1.1124 | diff=0.5929 | kd=0.3746 | recon=0.4820 | t=59s
  Ep 145 | step 0800/1868 | loss=1.0003 | diff=0.5917 | kd=0.2775 | recon=0.3808 | t=63s
  Ep 145 | step 0850/1868 | loss=1.0303 | diff=0.5954 | kd=0.4056 | recon=0.3944 | t=67s
  Ep 145 | step 0900/1868 | loss=1.0548 | diff=0.5928 | kd=0.4081 | recon=0.4212 | t=71s
  Ep 145 | step 0950/1868 | loss=1.0944 | diff=0.5932 | kd=0.4961 | recon=0.4516 | t=74s
  Ep 145 | step 1000/1868 | loss=1.0569 | diff=0.5964 | kd=0.4433 | recon=0.4162 | t=78s
  Ep 145 | step 1050/1868 | loss=1.0158 | diff=0.5952 | kd=0.5548 | recon=0.3651 | t=82s
  Ep 145 | step 1100/1868 | loss=1.0710 | diff=0.5970 | kd=0.4103 | recon=0.4330 | t=86s
  Ep 145 | step 1150/1868 | loss=1.0259 | diff=0.5957 | kd=0.3692 | recon=0.3933 | t=90s
  Ep 145 | step 1200/1868 | loss=1.0783 | diff=0.5952 | kd=0.3591 | recon=0.4471 | t=94s
  Ep 145 | step 1250/1868 | loss=1.0009 | diff=0.5942 | kd=0.2919 | recon=0.3774 | t=98s
  Ep 145 | step 1300/1868 | loss=1.0162 | diff=0.5961 | kd=0.2474 | recon=0.3953 | t=102s
  Ep 145 | step 1350/1868 | loss=1.0107 | diff=0.5921 | kd=0.3296 | recon=0.3856 | t=106s
  Ep 145 | step 1400/1868 | loss=1.0468 | diff=0.5929 | kd=0.3131 | recon=0.4225 | t=110s
  Ep 145 | step 1450/1868 | loss=1.0171 | diff=0.5907 | kd=0.3304 | recon=0.3934 | t=113s
  Ep 145 | step 1500/1868 | loss=1.0102 | diff=0.5938 | kd=0.5239 | recon=0.3640 | t=117s
  Ep 145 | step 1550/1868 | loss=1.0531 | diff=0.5949 | kd=0.3047 | recon=0.4277 | t=121s
  Ep 145 | step 1600/1868 | loss=1.0844 | diff=0.5946 | kd=0.3397 | recon=0.4559 | t=125s
  Ep 145 | step 1650/1868 | loss=0.9960 | diff=0.5955 | kd=0.5411 | recon=0.3465 | t=129s
  Ep 145 | step 1700/1868 | loss=0.9879 | diff=0.5900 | kd=0.3128 | recon=0.3666 | t=133s
  Ep 145 | step 1750/1868 | loss=1.0415 | diff=0.5918 | kd=0.3621 | recon=0.4135 | t=137s
  Ep 145 | step 1800/1868 | loss=1.0404 | diff=0.5908 | kd=0.3486 | recon=0.4148 | t=141s
  Ep 145 | step 1850/1868 | loss=1.0287 | diff=0.5932 | kd=0.5003 | recon=0.3854 | t=145s

  ── Epoch 145/200 (189s) ──────────────────────
  Train  loss=1.0414  diff=0.5945  kd=0.4162  recon=0.4053
  Val    loss=1.0391  RMSE=0.4895  MAE=0.4050  lr=1.84e-05

  Ep 146 | step 0000/1868 | loss=1.0305 | diff=0.5924 | kd=0.4941 | recon=0.3888 | t=1s
  Ep 146 | step 0050/1868 | loss=1.0714 | diff=0.5913 | kd=0.4480 | recon=0.4353 | t=4s
  Ep 146 | step 0100/1868 | loss=1.0262 | diff=0.5921 | kd=0.4496 | recon=0.3892 | t=8s
  Ep 146 | step 0150/1868 | loss=1.0471 | diff=0.5975 | kd=0.6818 | recon=0.3815 | t=12s
  Ep 146 | step 0200/1868 | loss=0.9595 | diff=0.5965 | kd=0.4067 | recon=0.3223 | t=16s
  Ep 146 | step 0250/1868 | loss=1.0283 | diff=0.5911 | kd=0.3055 | recon=0.4066 | t=20s
  Ep 146 | step 0300/1868 | loss=1.0228 | diff=0.5971 | kd=0.3431 | recon=0.3915 | t=24s
  Ep 146 | step 0350/1868 | loss=1.1152 | diff=0.5920 | kd=0.4067 | recon=0.4825 | t=28s
  Ep 146 | step 0400/1868 | loss=0.9913 | diff=0.5939 | kd=0.3339 | recon=0.3640 | t=32s
  Ep 146 | step 0450/1868 | loss=1.0101 | diff=0.5898 | kd=0.3222 | recon=0.3881 | t=36s
  Ep 146 | step 0500/1868 | loss=0.9777 | diff=0.5937 | kd=0.3566 | recon=0.3484 | t=40s
  Ep 146 | step 0550/1868 | loss=1.0818 | diff=0.5966 | kd=0.7714 | recon=0.4080 | t=44s
  Ep 146 | step 0600/1868 | loss=0.9896 | diff=0.5902 | kd=0.3759 | recon=0.3618 | t=48s
  Ep 146 | step 0650/1868 | loss=1.0826 | diff=0.5959 | kd=0.3716 | recon=0.4495 | t=51s
  Ep 146 | step 0700/1868 | loss=1.0154 | diff=0.5964 | kd=0.4757 | recon=0.3715 | t=55s
  Ep 146 | step 0750/1868 | loss=0.9573 | diff=0.5966 | kd=0.2360 | recon=0.3372 | t=59s
  Ep 146 | step 0800/1868 | loss=1.1049 | diff=0.5906 | kd=0.6043 | recon=0.4539 | t=63s
  Ep 146 | step 0850/1868 | loss=1.0635 | diff=0.5937 | kd=0.3966 | recon=0.4301 | t=67s
  Ep 146 | step 0900/1868 | loss=1.1053 | diff=0.5926 | kd=0.4672 | recon=0.4660 | t=71s
  Ep 146 | step 0950/1868 | loss=1.0200 | diff=0.5941 | kd=0.3403 | recon=0.3919 | t=75s
  Ep 146 | step 1000/1868 | loss=0.9876 | diff=0.5933 | kd=0.3507 | recon=0.3592 | t=79s
  Ep 146 | step 1050/1868 | loss=1.0666 | diff=0.5959 | kd=0.3387 | recon=0.4368 | t=83s
  Ep 146 | step 1100/1868 | loss=1.0663 | diff=0.5895 | kd=0.4749 | recon=0.4293 | t=87s
  Ep 146 | step 1150/1868 | loss=1.0404 | diff=0.5901 | kd=0.2821 | recon=0.4221 | t=91s
  Ep 146 | step 1200/1868 | loss=1.0946 | diff=0.5927 | kd=0.5479 | recon=0.4471 | t=95s
  Ep 146 | step 1250/1868 | loss=1.0285 | diff=0.5928 | kd=0.4527 | recon=0.3905 | t=99s
  Ep 146 | step 1300/1868 | loss=1.0587 | diff=0.5962 | kd=0.3882 | recon=0.4237 | t=103s
  Ep 146 | step 1350/1868 | loss=1.1406 | diff=0.5909 | kd=0.6489 | recon=0.4848 | t=106s
  Ep 146 | step 1400/1868 | loss=1.1451 | diff=0.5919 | kd=0.3312 | recon=0.5200 | t=110s
  Ep 146 | step 1450/1868 | loss=1.0192 | diff=0.5936 | kd=0.3560 | recon=0.3900 | t=114s
  Ep 146 | step 1500/1868 | loss=1.0313 | diff=0.6392 | kd=0.2605 | recon=0.3660 | t=118s
  Ep 146 | step 1550/1868 | loss=1.0552 | diff=0.5918 | kd=0.4515 | recon=0.4182 | t=122s
  Ep 146 | step 1600/1868 | loss=1.1235 | diff=0.5963 | kd=0.4034 | recon=0.4868 | t=126s
  Ep 146 | step 1650/1868 | loss=1.0423 | diff=0.5936 | kd=0.5637 | recon=0.3923 | t=130s
  Ep 146 | step 1700/1868 | loss=1.0388 | diff=0.5896 | kd=0.2917 | recon=0.4200 | t=134s
  Ep 146 | step 1750/1868 | loss=0.9392 | diff=0.5932 | kd=0.3202 | recon=0.3140 | t=138s
  Ep 146 | step 1800/1868 | loss=0.9907 | diff=0.5953 | kd=0.3953 | recon=0.3559 | t=142s
  Ep 146 | step 1850/1868 | loss=1.0142 | diff=0.5952 | kd=0.2678 | recon=0.3922 | t=146s

  ── Epoch 146/200 (190s) ──────────────────────
  Train  loss=1.0413  diff=0.5944  kd=0.4165  recon=0.4053
  Val    loss=1.0388  RMSE=0.4895  MAE=0.4050  lr=1.78e-05

  Ep 147 | step 0000/1868 | loss=1.1025 | diff=0.5929 | kd=0.4187 | recon=0.4677 | t=0s
  Ep 147 | step 0050/1868 | loss=1.0371 | diff=0.5945 | kd=0.3324 | recon=0.4094 | t=4s
  Ep 147 | step 0100/1868 | loss=0.9905 | diff=0.5946 | kd=0.4218 | recon=0.3537 | t=8s
  Ep 147 | step 0150/1868 | loss=1.0926 | diff=0.5947 | kd=0.5726 | recon=0.4407 | t=12s
  Ep 147 | step 0200/1868 | loss=1.0160 | diff=0.5925 | kd=0.5467 | recon=0.3688 | t=16s
  Ep 147 | step 0250/1868 | loss=1.1345 | diff=0.5929 | kd=0.3740 | recon=0.5042 | t=20s
  Ep 147 | step 0300/1868 | loss=1.0820 | diff=0.5952 | kd=0.5843 | recon=0.4284 | t=24s
  Ep 147 | step 0350/1868 | loss=0.9758 | diff=0.5953 | kd=0.3149 | recon=0.3491 | t=28s
  Ep 147 | step 0400/1868 | loss=0.9932 | diff=0.5927 | kd=0.3550 | recon=0.3650 | t=32s
  Ep 147 | step 0450/1868 | loss=1.0157 | diff=0.5936 | kd=0.4861 | recon=0.3735 | t=36s
  Ep 147 | step 0500/1868 | loss=1.0723 | diff=0.5933 | kd=0.3956 | recon=0.4394 | t=40s
  Ep 147 | step 0550/1868 | loss=1.1032 | diff=0.5911 | kd=0.9609 | recon=0.4160 | t=44s
  Ep 147 | step 0600/1868 | loss=0.9904 | diff=0.5947 | kd=0.3028 | recon=0.3654 | t=48s
  Ep 147 | step 0650/1868 | loss=0.9806 | diff=0.5940 | kd=0.4962 | recon=0.3369 | t=51s
  Ep 147 | step 0700/1868 | loss=1.0095 | diff=0.5927 | kd=0.4938 | recon=0.3675 | t=55s
  Ep 147 | step 0750/1868 | loss=1.0719 | diff=0.5950 | kd=0.4188 | recon=0.4351 | t=59s
  Ep 147 | step 0800/1868 | loss=1.0171 | diff=0.5937 | kd=0.3236 | recon=0.3910 | t=63s
  Ep 147 | step 0850/1868 | loss=1.1217 | diff=0.5949 | kd=0.4175 | recon=0.4851 | t=67s
  Ep 147 | step 0900/1868 | loss=1.1072 | diff=0.5962 | kd=0.5739 | recon=0.4536 | t=71s
  Ep 147 | step 0950/1868 | loss=1.0157 | diff=0.5962 | kd=0.3946 | recon=0.3800 | t=75s
  Ep 147 | step 1000/1868 | loss=1.1315 | diff=0.5919 | kd=0.3257 | recon=0.5070 | t=79s
  Ep 147 | step 1050/1868 | loss=1.0600 | diff=0.5919 | kd=0.3524 | recon=0.4328 | t=83s
  Ep 147 | step 1100/1868 | loss=0.9875 | diff=0.5887 | kd=0.3186 | recon=0.3670 | t=87s
  Ep 147 | step 1150/1868 | loss=1.0025 | diff=0.5932 | kd=0.3653 | recon=0.3728 | t=91s
  Ep 147 | step 1200/1868 | loss=1.0789 | diff=0.5957 | kd=0.5880 | recon=0.4244 | t=95s
  Ep 147 | step 1250/1868 | loss=1.0291 | diff=0.5946 | kd=0.4798 | recon=0.3865 | t=98s
  Ep 147 | step 1300/1868 | loss=1.1036 | diff=0.5957 | kd=0.7809 | recon=0.4298 | t=102s
  Ep 147 | step 1350/1868 | loss=1.0127 | diff=0.5940 | kd=0.2610 | recon=0.3926 | t=106s
  Ep 147 | step 1400/1868 | loss=0.9772 | diff=0.5938 | kd=0.4916 | recon=0.3342 | t=110s
  Ep 147 | step 1450/1868 | loss=1.1234 | diff=0.5922 | kd=0.5768 | recon=0.4735 | t=114s
  Ep 147 | step 1500/1868 | loss=1.0717 | diff=0.5979 | kd=0.3436 | recon=0.4394 | t=118s
  Ep 147 | step 1550/1868 | loss=1.0618 | diff=0.5946 | kd=0.5342 | recon=0.4138 | t=122s
  Ep 147 | step 1600/1868 | loss=1.0696 | diff=0.5941 | kd=0.5172 | recon=0.4237 | t=126s
  Ep 147 | step 1650/1868 | loss=0.9903 | diff=0.5957 | kd=0.4344 | recon=0.3511 | t=130s
  Ep 147 | step 1700/1868 | loss=1.0257 | diff=0.5923 | kd=0.5725 | recon=0.3761 | t=134s
  Ep 147 | step 1750/1868 | loss=1.0054 | diff=0.5921 | kd=0.3091 | recon=0.3824 | t=137s
  Ep 147 | step 1800/1868 | loss=1.0475 | diff=0.5914 | kd=0.3266 | recon=0.4234 | t=141s
  Ep 147 | step 1850/1868 | loss=1.0466 | diff=0.5946 | kd=0.2905 | recon=0.4230 | t=145s

  ── Epoch 147/200 (190s) ──────────────────────
  Train  loss=1.0407  diff=0.5939  kd=0.4153  recon=0.4053
  Val    loss=1.0394  RMSE=0.4895  MAE=0.4050  lr=1.72e-05

  Ep 148 | step 0000/1868 | loss=0.9820 | diff=0.5928 | kd=0.2754 | recon=0.3616 | t=1s
  Ep 148 | step 0050/1868 | loss=0.9832 | diff=0.5958 | kd=0.2513 | recon=0.3623 | t=5s
  Ep 148 | step 0100/1868 | loss=1.0726 | diff=0.5922 | kd=0.4057 | recon=0.4398 | t=9s
  Ep 148 | step 0150/1868 | loss=1.0947 | diff=0.6418 | kd=0.3815 | recon=0.4148 | t=12s
  Ep 148 | step 0200/1868 | loss=1.0148 | diff=0.5934 | kd=0.2556 | recon=0.3958 | t=16s
  Ep 148 | step 0250/1868 | loss=1.0501 | diff=0.5937 | kd=0.4398 | recon=0.4124 | t=20s
  Ep 148 | step 0300/1868 | loss=1.0802 | diff=0.5894 | kd=0.4400 | recon=0.4468 | t=24s
  Ep 148 | step 0350/1868 | loss=0.9882 | diff=0.5918 | kd=0.3168 | recon=0.3647 | t=28s
  Ep 148 | step 0400/1868 | loss=0.9958 | diff=0.5923 | kd=0.3601 | recon=0.3675 | t=32s
  Ep 148 | step 0450/1868 | loss=1.1460 | diff=0.5925 | kd=0.3675 | recon=0.5168 | t=36s
  Ep 148 | step 0500/1868 | loss=1.1131 | diff=0.5902 | kd=0.5907 | recon=0.4638 | t=40s
  Ep 148 | step 0550/1868 | loss=1.0598 | diff=0.5899 | kd=0.7785 | recon=0.3920 | t=44s
  Ep 148 | step 0600/1868 | loss=1.0323 | diff=0.5958 | kd=0.5016 | recon=0.3864 | t=48s
  Ep 148 | step 0650/1868 | loss=1.0560 | diff=0.5929 | kd=0.3907 | recon=0.4240 | t=52s
  Ep 148 | step 0700/1868 | loss=1.0093 | diff=0.6014 | kd=0.4077 | recon=0.3671 | t=56s
  Ep 148 | step 0750/1868 | loss=1.0172 | diff=0.5914 | kd=0.3294 | recon=0.3928 | t=60s
  Ep 148 | step 0800/1868 | loss=1.0162 | diff=0.5948 | kd=0.2825 | recon=0.3932 | t=64s
  Ep 148 | step 0850/1868 | loss=1.0113 | diff=0.5975 | kd=0.3918 | recon=0.3746 | t=68s
  Ep 148 | step 0900/1868 | loss=1.1436 | diff=0.5903 | kd=0.3619 | recon=0.5171 | t=72s
  Ep 148 | step 0950/1868 | loss=1.0307 | diff=0.5953 | kd=0.5603 | recon=0.3793 | t=76s
  Ep 148 | step 1000/1868 | loss=1.0550 | diff=0.5908 | kd=0.3968 | recon=0.4245 | t=80s
  Ep 148 | step 1050/1868 | loss=1.0296 | diff=0.5938 | kd=0.4228 | recon=0.3935 | t=84s
  Ep 148 | step 1100/1868 | loss=1.0714 | diff=0.5931 | kd=0.3062 | recon=0.4477 | t=87s
  Ep 148 | step 1150/1868 | loss=1.1048 | diff=0.5886 | kd=0.5510 | recon=0.4611 | t=91s
  Ep 148 | step 1200/1868 | loss=1.1475 | diff=0.6571 | kd=0.3350 | recon=0.4569 | t=95s
  Ep 148 | step 1250/1868 | loss=0.9574 | diff=0.5968 | kd=0.3829 | recon=0.3223 | t=99s
  Ep 148 | step 1300/1868 | loss=1.0223 | diff=0.5947 | kd=0.5285 | recon=0.3747 | t=103s
  Ep 148 | step 1350/1868 | loss=1.1205 | diff=0.5930 | kd=0.3608 | recon=0.4914 | t=107s
  Ep 148 | step 1400/1868 | loss=1.0069 | diff=0.5914 | kd=0.3938 | recon=0.3762 | t=111s
  Ep 148 | step 1450/1868 | loss=1.0371 | diff=0.5932 | kd=0.4473 | recon=0.3992 | t=115s
  Ep 148 | step 1500/1868 | loss=1.0506 | diff=0.5949 | kd=0.6614 | recon=0.3896 | t=119s
  Ep 148 | step 1550/1868 | loss=1.0154 | diff=0.5919 | kd=0.3650 | recon=0.3870 | t=123s
  Ep 148 | step 1600/1868 | loss=1.0412 | diff=0.6320 | kd=0.3992 | recon=0.3693 | t=127s
  Ep 148 | step 1650/1868 | loss=1.1027 | diff=0.5935 | kd=0.5114 | recon=0.4581 | t=131s
  Ep 148 | step 1700/1868 | loss=0.9976 | diff=0.5929 | kd=0.5669 | recon=0.3480 | t=135s
  Ep 148 | step 1750/1868 | loss=0.9514 | diff=0.5955 | kd=0.3430 | recon=0.3217 | t=139s
  Ep 148 | step 1800/1868 | loss=0.9855 | diff=0.5926 | kd=0.3442 | recon=0.3585 | t=143s
  Ep 148 | step 1850/1868 | loss=1.0187 | diff=0.5945 | kd=0.3230 | recon=0.3919 | t=147s

  ── Epoch 148/200 (191s) ──────────────────────
  Train  loss=1.0412  diff=0.5945  kd=0.4132  recon=0.4053
  Val    loss=1.0376  RMSE=0.4895  MAE=0.4050  lr=1.66e-05
  [BEST] Checkpoint saved → checkpoints/best_model.pth

  Ep 149 | step 0000/1868 | loss=1.1377 | diff=0.5930 | kd=0.3538 | recon=0.5094 | t=1s
  Ep 149 | step 0050/1868 | loss=1.0909 | diff=0.5948 | kd=0.5648 | recon=0.4396 | t=5s
  Ep 149 | step 0100/1868 | loss=1.1062 | diff=0.5902 | kd=0.7294 | recon=0.4430 | t=8s
  Ep 149 | step 0150/1868 | loss=1.0936 | diff=0.5919 | kd=0.4270 | recon=0.4590 | t=12s
  Ep 149 | step 0200/1868 | loss=1.1224 | diff=0.5908 | kd=0.5736 | recon=0.4743 | t=16s
  Ep 149 | step 0250/1868 | loss=1.0258 | diff=0.5913 | kd=0.2809 | recon=0.4064 | t=20s
  Ep 149 | step 0300/1868 | loss=0.9804 | diff=0.5918 | kd=0.2855 | recon=0.3601 | t=24s
  Ep 149 | step 0350/1868 | loss=1.0193 | diff=0.5922 | kd=0.4028 | recon=0.3868 | t=28s
  Ep 149 | step 0400/1868 | loss=1.0045 | diff=0.5937 | kd=0.3698 | recon=0.3738 | t=32s
  Ep 149 | step 0450/1868 | loss=1.0429 | diff=0.5921 | kd=0.2857 | recon=0.4223 | t=36s
  Ep 149 | step 0500/1868 | loss=1.0822 | diff=0.5928 | kd=0.4348 | recon=0.4458 | t=40s
  Ep 149 | step 0550/1868 | loss=1.0071 | diff=0.5952 | kd=0.3150 | recon=0.3804 | t=44s
  Ep 149 | step 0600/1868 | loss=1.0057 | diff=0.5978 | kd=0.3693 | recon=0.3710 | t=48s
  Ep 149 | step 0650/1868 | loss=1.0364 | diff=0.5938 | kd=0.4268 | recon=0.3999 | t=52s
  Ep 149 | step 0700/1868 | loss=1.0185 | diff=0.5984 | kd=0.4940 | recon=0.3707 | t=56s
  Ep 149 | step 0750/1868 | loss=0.9815 | diff=0.5939 | kd=0.5032 | recon=0.3373 | t=59s
  Ep 149 | step 0800/1868 | loss=1.0088 | diff=0.5999 | kd=0.2613 | recon=0.3828 | t=63s
  Ep 149 | step 0850/1868 | loss=1.0191 | diff=0.5976 | kd=0.3559 | recon=0.3859 | t=67s
  Ep 149 | step 0900/1868 | loss=1.0758 | diff=0.5922 | kd=0.2997 | recon=0.4537 | t=71s
  Ep 149 | step 0950/1868 | loss=1.0019 | diff=0.5919 | kd=0.3281 | recon=0.3773 | t=75s
  Ep 149 | step 1000/1868 | loss=0.9542 | diff=0.5942 | kd=0.3221 | recon=0.3278 | t=79s
  Ep 149 | step 1050/1868 | loss=1.0654 | diff=0.6067 | kd=0.5337 | recon=0.4053 | t=83s
  Ep 149 | step 1100/1868 | loss=1.0200 | diff=0.5973 | kd=0.3475 | recon=0.3880 | t=87s
  Ep 149 | step 1150/1868 | loss=1.0215 | diff=0.5931 | kd=0.2673 | recon=0.4017 | t=91s
  Ep 149 | step 1200/1868 | loss=1.0788 | diff=0.6613 | kd=0.2678 | recon=0.3908 | t=95s
  Ep 149 | step 1250/1868 | loss=0.9704 | diff=0.5937 | kd=0.3972 | recon=0.3370 | t=99s
  Ep 149 | step 1300/1868 | loss=1.0422 | diff=0.5901 | kd=0.5580 | recon=0.3964 | t=103s
  Ep 149 | step 1350/1868 | loss=1.0311 | diff=0.5916 | kd=0.4253 | recon=0.3970 | t=107s
  Ep 149 | step 1400/1868 | loss=1.1199 | diff=0.5906 | kd=0.3763 | recon=0.4917 | t=110s
  Ep 149 | step 1450/1868 | loss=1.0039 | diff=0.5922 | kd=0.3928 | recon=0.3724 | t=114s
  Ep 149 | step 1500/1868 | loss=1.1384 | diff=0.5994 | kd=0.4394 | recon=0.4951 | t=118s
  Ep 149 | step 1550/1868 | loss=0.9894 | diff=0.5934 | kd=0.5019 | recon=0.3458 | t=122s
  Ep 149 | step 1600/1868 | loss=1.1048 | diff=0.5943 | kd=0.3168 | recon=0.4788 | t=126s
  Ep 149 | step 1650/1868 | loss=1.0644 | diff=0.5938 | kd=0.4189 | recon=0.4288 | t=130s
  Ep 149 | step 1700/1868 | loss=1.0374 | diff=0.5926 | kd=0.3868 | recon=0.4061 | t=134s
  Ep 149 | step 1750/1868 | loss=0.9898 | diff=0.5922 | kd=0.3688 | recon=0.3608 | t=138s
  Ep 149 | step 1800/1868 | loss=1.0191 | diff=0.5909 | kd=0.3534 | recon=0.3928 | t=142s
  Ep 149 | step 1850/1868 | loss=1.0412 | diff=0.5939 | kd=0.4539 | recon=0.4019 | t=146s

  ── Epoch 149/200 (190s) ──────────────────────
  Train  loss=1.0409  diff=0.5944  kd=0.4123  recon=0.4053
  Val    loss=1.0377  RMSE=0.4895  MAE=0.4050  lr=1.61e-05

  Ep 150 | step 0000/1868 | loss=1.0098 | diff=0.5936 | kd=0.5141 | recon=0.3648 | t=1s
  Ep 150 | step 0050/1868 | loss=1.0239 | diff=0.5925 | kd=0.3566 | recon=0.3958 | t=5s
  Ep 150 | step 0100/1868 | loss=1.0848 | diff=0.5933 | kd=0.3893 | recon=0.4525 | t=8s
  Ep 150 | step 0150/1868 | loss=1.0557 | diff=0.5966 | kd=0.3660 | recon=0.4225 | t=12s
  Ep 150 | step 0200/1868 | loss=1.0657 | diff=0.5935 | kd=0.5617 | recon=0.4161 | t=16s
  Ep 150 | step 0250/1868 | loss=0.9823 | diff=0.5906 | kd=0.4363 | recon=0.3481 | t=20s
  Ep 150 | step 0300/1868 | loss=1.0175 | diff=0.5913 | kd=0.3512 | recon=0.3911 | t=24s
  Ep 150 | step 0350/1868 | loss=0.9929 | diff=0.5949 | kd=0.2903 | recon=0.3690 | t=28s
  Ep 150 | step 0400/1868 | loss=0.9948 | diff=0.5938 | kd=0.3000 | recon=0.3710 | t=32s
  Ep 150 | step 0450/1868 | loss=1.0527 | diff=0.5944 | kd=0.7832 | recon=0.3800 | t=36s
  Ep 150 | step 0500/1868 | loss=1.0325 | diff=0.5930 | kd=0.5367 | recon=0.3859 | t=40s
  Ep 150 | step 0550/1868 | loss=1.0103 | diff=0.5900 | kd=0.3305 | recon=0.3872 | t=44s
  Ep 150 | step 0600/1868 | loss=1.0328 | diff=0.5893 | kd=0.3095 | recon=0.4125 | t=47s
  Ep 150 | step 0650/1868 | loss=0.9845 | diff=0.5913 | kd=0.2933 | recon=0.3638 | t=51s
  Ep 150 | step 0700/1868 | loss=1.0237 | diff=0.5930 | kd=0.3392 | recon=0.3969 | t=55s
  Ep 150 | step 0750/1868 | loss=1.0192 | diff=0.5909 | kd=0.3417 | recon=0.3942 | t=59s
  Ep 150 | step 0800/1868 | loss=0.9930 | diff=0.5943 | kd=0.3486 | recon=0.3638 | t=63s
  Ep 150 | step 0850/1868 | loss=1.0474 | diff=0.5934 | kd=0.3533 | recon=0.4187 | t=67s
  Ep 150 | step 0900/1868 | loss=1.0851 | diff=0.5919 | kd=0.4222 | recon=0.4510 | t=71s
  Ep 150 | step 0950/1868 | loss=1.0318 | diff=0.5900 | kd=0.3512 | recon=0.4067 | t=75s
  Ep 150 | step 1000/1868 | loss=1.1161 | diff=0.5941 | kd=0.5208 | recon=0.4699 | t=78s
  Ep 150 | step 1050/1868 | loss=1.0871 | diff=0.5928 | kd=0.6197 | recon=0.4324 | t=82s
  Ep 150 | step 1100/1868 | loss=1.1101 | diff=0.5913 | kd=0.3156 | recon=0.4872 | t=86s
  Ep 150 | step 1150/1868 | loss=1.0180 | diff=0.5913 | kd=0.3575 | recon=0.3910 | t=90s
  Ep 150 | step 1200/1868 | loss=1.0218 | diff=0.5959 | kd=0.3422 | recon=0.3917 | t=94s
  Ep 150 | step 1250/1868 | loss=0.9799 | diff=0.5905 | kd=0.3564 | recon=0.3537 | t=98s
  Ep 150 | step 1300/1868 | loss=1.1022 | diff=0.5902 | kd=0.3115 | recon=0.4808 | t=102s
  Ep 150 | step 1350/1868 | loss=1.0527 | diff=0.5923 | kd=0.6540 | recon=0.3949 | t=106s
  Ep 150 | step 1400/1868 | loss=1.1082 | diff=0.5935 | kd=0.5544 | recon=0.4593 | t=110s
  Ep 150 | step 1450/1868 | loss=1.1153 | diff=0.5956 | kd=0.4277 | recon=0.4770 | t=114s
  Ep 150 | step 1500/1868 | loss=1.0261 | diff=0.5938 | kd=0.5021 | recon=0.3821 | t=118s
  Ep 150 | step 1550/1868 | loss=0.9970 | diff=0.5868 | kd=0.3632 | recon=0.3738 | t=122s
  Ep 150 | step 1600/1868 | loss=1.1214 | diff=0.5926 | kd=0.5156 | recon=0.4772 | t=125s
  Ep 150 | step 1650/1868 | loss=1.0888 | diff=0.5912 | kd=0.6362 | recon=0.4340 | t=129s
  Ep 150 | step 1700/1868 | loss=1.0782 | diff=0.5900 | kd=0.4827 | recon=0.4399 | t=133s
  Ep 150 | step 1750/1868 | loss=1.1585 | diff=0.5922 | kd=0.7197 | recon=0.4943 | t=137s
  Ep 150 | step 1800/1868 | loss=0.9745 | diff=0.5906 | kd=0.3918 | recon=0.3446 | t=141s
  Ep 150 | step 1850/1868 | loss=1.0373 | diff=0.5889 | kd=0.5132 | recon=0.3970 | t=145s

  ── Epoch 150/200 (189s) ──────────────────────
  Train  loss=1.0403  diff=0.5938  kd=0.4125  recon=0.4053
  Val    loss=1.0368  RMSE=0.4895  MAE=0.4050  lr=1.55e-05
  [BEST] Checkpoint saved → checkpoints/best_model.pth
  [EP150] Checkpoint saved → checkpoints/epoch_150.pth

  Ep 151 | step 0000/1868 | loss=0.9887 | diff=0.5920 | kd=0.3556 | recon=0.3611 | t=1s
  Ep 151 | step 0050/1868 | loss=0.9831 | diff=0.5938 | kd=0.2702 | recon=0.3623 | t=4s
  Ep 151 | step 0100/1868 | loss=1.0077 | diff=0.5883 | kd=0.3189 | recon=0.3875 | t=8s
  Ep 151 | step 0150/1868 | loss=1.0693 | diff=0.5926 | kd=0.2978 | recon=0.4469 | t=12s
  Ep 151 | step 0200/1868 | loss=1.0696 | diff=0.5919 | kd=0.3412 | recon=0.4436 | t=16s
  Ep 151 | step 0250/1868 | loss=1.0301 | diff=0.6411 | kd=0.3492 | recon=0.3541 | t=20s
  Ep 151 | step 0300/1868 | loss=1.0243 | diff=0.5922 | kd=0.2969 | recon=0.4024 | t=24s
  Ep 151 | step 0350/1868 | loss=0.9805 | diff=0.5931 | kd=0.3241 | recon=0.3550 | t=28s
  Ep 151 | step 0400/1868 | loss=1.0328 | diff=0.5931 | kd=0.3512 | recon=0.4047 | t=31s
  Ep 151 | step 0450/1868 | loss=0.9998 | diff=0.5952 | kd=0.4080 | recon=0.3639 | t=35s
  Ep 151 | step 0500/1868 | loss=0.9553 | diff=0.5985 | kd=0.2692 | recon=0.3299 | t=39s
  Ep 151 | step 0550/1868 | loss=1.0341 | diff=0.5917 | kd=0.2995 | recon=0.4124 | t=43s
  Ep 151 | step 0600/1868 | loss=1.1077 | diff=0.5937 | kd=0.3324 | recon=0.4807 | t=47s
  Ep 151 | step 0650/1868 | loss=0.9548 | diff=0.5938 | kd=0.3217 | recon=0.3288 | t=51s
  Ep 151 | step 0700/1868 | loss=1.1013 | diff=0.5942 | kd=0.2585 | recon=0.4813 | t=55s
  Ep 151 | step 0750/1868 | loss=1.0549 | diff=0.5938 | kd=0.2513 | recon=0.4361 | t=59s
  Ep 151 | step 0800/1868 | loss=1.1177 | diff=0.5965 | kd=0.4693 | recon=0.4742 | t=63s
  Ep 151 | step 0850/1868 | loss=1.1757 | diff=0.5953 | kd=0.3852 | recon=0.5419 | t=66s
  Ep 151 | step 0900/1868 | loss=1.0309 | diff=0.5937 | kd=0.3074 | recon=0.4065 | t=70s
  Ep 151 | step 0950/1868 | loss=1.0266 | diff=0.5993 | kd=0.4281 | recon=0.3845 | t=74s
  Ep 151 | step 1000/1868 | loss=1.1640 | diff=0.5922 | kd=0.2767 | recon=0.5442 | t=78s
  Ep 151 | step 1050/1868 | loss=0.9893 | diff=0.5921 | kd=0.3208 | recon=0.3652 | t=82s
  Ep 151 | step 1100/1868 | loss=1.0241 | diff=0.5951 | kd=0.2923 | recon=0.3997 | t=86s
  Ep 151 | step 1150/1868 | loss=1.0166 | diff=0.5899 | kd=0.3157 | recon=0.3951 | t=90s
  Ep 151 | step 1200/1868 | loss=0.9690 | diff=0.6165 | kd=0.3216 | recon=0.3204 | t=94s
  Ep 151 | step 1250/1868 | loss=1.0010 | diff=0.5925 | kd=0.3750 | recon=0.3709 | t=98s
  Ep 151 | step 1300/1868 | loss=1.1626 | diff=0.5949 | kd=0.4002 | recon=0.5277 | t=101s
  Ep 151 | step 1350/1868 | loss=1.0622 | diff=0.5912 | kd=0.3773 | recon=0.4333 | t=105s
  Ep 151 | step 1400/1868 | loss=1.1026 | diff=0.5977 | kd=0.3321 | recon=0.4717 | t=109s
  Ep 151 | step 1450/1868 | loss=0.9988 | diff=0.6023 | kd=0.3679 | recon=0.3597 | t=113s
  Ep 151 | step 1500/1868 | loss=1.0410 | diff=0.5962 | kd=0.3940 | recon=0.4054 | t=117s
  Ep 151 | step 1550/1868 | loss=0.9943 | diff=0.5938 | kd=0.3538 | recon=0.3652 | t=121s
  Ep 151 | step 1600/1868 | loss=1.0476 | diff=0.5956 | kd=0.3100 | recon=0.4210 | t=125s
  Ep 151 | step 1650/1868 | loss=1.0435 | diff=0.5946 | kd=0.2965 | recon=0.4192 | t=129s
  Ep 151 | step 1700/1868 | loss=1.0705 | diff=0.5945 | kd=0.6336 | recon=0.4126 | t=132s
  Ep 151 | step 1750/1868 | loss=1.1017 | diff=0.5924 | kd=0.6916 | recon=0.4402 | t=136s
  Ep 151 | step 1800/1868 | loss=0.9683 | diff=0.5939 | kd=0.3282 | recon=0.3416 | t=140s
  Ep 151 | step 1850/1868 | loss=0.9883 | diff=0.5950 | kd=0.2808 | recon=0.3652 | t=144s

  ── Epoch 151/200 (188s) ──────────────────────
  Train  loss=1.0406  diff=0.5942  kd=0.4108  recon=0.4053
  Val    loss=1.0381  RMSE=0.4895  MAE=0.4050  lr=1.50e-05

  Ep 152 | step 0000/1868 | loss=1.0439 | diff=0.5913 | kd=0.3784 | recon=0.4147 | t=1s
  Ep 152 | step 0050/1868 | loss=1.0398 | diff=0.5907 | kd=0.4095 | recon=0.4081 | t=4s
  Ep 152 | step 0100/1868 | loss=1.1133 | diff=0.5964 | kd=0.3988 | recon=0.4770 | t=8s
  Ep 152 | step 0150/1868 | loss=1.0184 | diff=0.5891 | kd=0.3284 | recon=0.3965 | t=12s
  Ep 152 | step 0200/1868 | loss=1.0348 | diff=0.5931 | kd=0.3727 | recon=0.4045 | t=16s
  Ep 152 | step 0250/1868 | loss=0.9464 | diff=0.5940 | kd=0.2858 | recon=0.3238 | t=20s
  Ep 152 | step 0300/1868 | loss=0.9627 | diff=0.5918 | kd=0.3184 | recon=0.3391 | t=24s
  Ep 152 | step 0350/1868 | loss=1.0388 | diff=0.5949 | kd=0.4183 | recon=0.4021 | t=28s
  Ep 152 | step 0400/1868 | loss=1.0457 | diff=0.5952 | kd=0.3558 | recon=0.4150 | t=32s
  Ep 152 | step 0450/1868 | loss=1.0367 | diff=0.5908 | kd=0.2810 | recon=0.4178 | t=36s
  Ep 152 | step 0500/1868 | loss=1.0522 | diff=0.5938 | kd=0.3308 | recon=0.4254 | t=40s
  Ep 152 | step 0550/1868 | loss=1.0412 | diff=0.5885 | kd=0.3570 | recon=0.4170 | t=44s
  Ep 152 | step 0600/1868 | loss=1.0501 | diff=0.5961 | kd=0.4215 | recon=0.4119 | t=47s
  Ep 152 | step 0650/1868 | loss=1.1110 | diff=0.5915 | kd=0.5382 | recon=0.4656 | t=51s
  Ep 152 | step 0700/1868 | loss=1.0306 | diff=0.5947 | kd=0.3902 | recon=0.3969 | t=55s
  Ep 152 | step 0750/1868 | loss=1.1336 | diff=0.5869 | kd=0.3497 | recon=0.5118 | t=59s
  Ep 152 | step 0800/1868 | loss=1.0237 | diff=0.5931 | kd=0.4390 | recon=0.3867 | t=63s
  Ep 152 | step 0850/1868 | loss=0.9697 | diff=0.5931 | kd=0.3226 | recon=0.3443 | t=67s
  Ep 152 | step 0900/1868 | loss=1.1985 | diff=0.5945 | kd=0.3308 | recon=0.5709 | t=71s
  Ep 152 | step 0950/1868 | loss=1.0587 | diff=0.5901 | kd=0.4603 | recon=0.4226 | t=75s
  Ep 152 | step 1000/1868 | loss=1.0832 | diff=0.5932 | kd=0.5879 | recon=0.4312 | t=79s
  Ep 152 | step 1050/1868 | loss=1.1042 | diff=0.5933 | kd=0.4560 | recon=0.4652 | t=82s
  Ep 152 | step 1100/1868 | loss=1.0193 | diff=0.5965 | kd=0.3271 | recon=0.3900 | t=86s
  Ep 152 | step 1150/1868 | loss=0.9619 | diff=0.5921 | kd=0.3524 | recon=0.3346 | t=90s
  Ep 152 | step 1200/1868 | loss=1.0272 | diff=0.5904 | kd=0.2966 | recon=0.4071 | t=94s
  Ep 152 | step 1250/1868 | loss=1.0218 | diff=0.5946 | kd=0.3056 | recon=0.3966 | t=98s
  Ep 152 | step 1300/1868 | loss=0.9588 | diff=0.5952 | kd=0.3289 | recon=0.3308 | t=102s
  Ep 152 | step 1350/1868 | loss=0.9948 | diff=0.5899 | kd=0.4221 | recon=0.3627 | t=106s
  Ep 152 | step 1400/1868 | loss=1.0380 | diff=0.5907 | kd=0.6352 | recon=0.3838 | t=110s
  Ep 152 | step 1450/1868 | loss=1.0106 | diff=0.5949 | kd=0.3326 | recon=0.3824 | t=113s
  Ep 152 | step 1500/1868 | loss=1.0166 | diff=0.5934 | kd=0.4263 | recon=0.3806 | t=117s
  Ep 152 | step 1550/1868 | loss=1.0224 | diff=0.5912 | kd=0.3661 | recon=0.3946 | t=121s
  Ep 152 | step 1600/1868 | loss=0.9752 | diff=0.5903 | kd=0.2823 | recon=0.3567 | t=125s
  Ep 152 | step 1650/1868 | loss=1.0680 | diff=0.5927 | kd=0.2925 | recon=0.4460 | t=129s
  Ep 152 | step 1700/1868 | loss=1.0141 | diff=0.5915 | kd=0.3985 | recon=0.3827 | t=133s
  Ep 152 | step 1750/1868 | loss=1.0060 | diff=0.5941 | kd=0.3344 | recon=0.3784 | t=137s
  Ep 152 | step 1800/1868 | loss=1.0243 | diff=0.6005 | kd=0.2984 | recon=0.3939 | t=141s
  Ep 152 | step 1850/1868 | loss=1.0759 | diff=0.5907 | kd=0.5539 | recon=0.4298 | t=145s

  ── Epoch 152/200 (189s) ──────────────────────
  Train  loss=1.0399  diff=0.5935  kd=0.4113  recon=0.4053
  Val    loss=1.0363  RMSE=0.4895  MAE=0.4050  lr=1.44e-05
  [BEST] Checkpoint saved → checkpoints/best_model.pth

  Ep 153 | step 0000/1868 | loss=1.0362 | diff=0.5930 | kd=0.3156 | recon=0.4116 | t=1s
  Ep 153 | step 0050/1868 | loss=0.9872 | diff=0.5907 | kd=0.2794 | recon=0.3686 | t=4s
  Ep 153 | step 0100/1868 | loss=1.0809 | diff=0.5954 | kd=0.3267 | recon=0.4527 | t=8s
  Ep 153 | step 0150/1868 | loss=1.0244 | diff=0.5958 | kd=0.2820 | recon=0.4003 | t=12s
  Ep 153 | step 0200/1868 | loss=1.0201 | diff=0.5925 | kd=0.4086 | recon=0.3867 | t=16s
  Ep 153 | step 0250/1868 | loss=1.0313 | diff=0.6045 | kd=0.4252 | recon=0.3843 | t=20s
  Ep 153 | step 0300/1868 | loss=0.9285 | diff=0.5923 | kd=0.3262 | recon=0.3036 | t=24s
  Ep 153 | step 0350/1868 | loss=1.1149 | diff=0.5945 | kd=0.3884 | recon=0.4816 | t=28s
  Ep 153 | step 0400/1868 | loss=1.1037 | diff=0.5916 | kd=0.4494 | recon=0.4672 | t=32s
  Ep 153 | step 0450/1868 | loss=0.9761 | diff=0.5944 | kd=0.3539 | recon=0.3464 | t=35s
  Ep 153 | step 0500/1868 | loss=1.0236 | diff=0.5959 | kd=0.3446 | recon=0.3933 | t=39s
  Ep 153 | step 0550/1868 | loss=1.0666 | diff=0.5969 | kd=0.5719 | recon=0.4125 | t=43s
  Ep 153 | step 0600/1868 | loss=1.0755 | diff=0.5920 | kd=0.3071 | recon=0.4527 | t=47s
  Ep 153 | step 0650/1868 | loss=1.0572 | diff=0.5927 | kd=0.5373 | recon=0.4107 | t=51s
  Ep 153 | step 0700/1868 | loss=0.9720 | diff=0.5937 | kd=0.2460 | recon=0.3537 | t=55s
  Ep 153 | step 0750/1868 | loss=1.0205 | diff=0.5899 | kd=0.3979 | recon=0.3909 | t=59s
  Ep 153 | step 0800/1868 | loss=0.9804 | diff=0.5909 | kd=0.3138 | recon=0.3582 | t=63s
  Ep 153 | step 0850/1868 | loss=1.1707 | diff=0.5919 | kd=0.4349 | recon=0.5354 | t=67s
  Ep 153 | step 0900/1868 | loss=0.9967 | diff=0.5932 | kd=0.3928 | recon=0.3642 | t=71s
  Ep 153 | step 0950/1868 | loss=1.0762 | diff=0.5918 | kd=0.7657 | recon=0.4078 | t=74s
  Ep 153 | step 1000/1868 | loss=1.0725 | diff=0.5950 | kd=0.4408 | recon=0.4334 | t=78s
  Ep 153 | step 1050/1868 | loss=1.1763 | diff=0.5898 | kd=0.3401 | recon=0.5525 | t=82s
  Ep 153 | step 1100/1868 | loss=0.9878 | diff=0.5870 | kd=0.3467 | recon=0.3661 | t=86s
  Ep 153 | step 1150/1868 | loss=0.9981 | diff=0.5967 | kd=0.3663 | recon=0.3648 | t=90s
  Ep 153 | step 1200/1868 | loss=1.0815 | diff=0.5912 | kd=0.3848 | recon=0.4519 | t=94s
  Ep 153 | step 1250/1868 | loss=1.0912 | diff=0.5924 | kd=0.3802 | recon=0.4608 | t=98s
  Ep 153 | step 1300/1868 | loss=1.0856 | diff=0.5923 | kd=0.6553 | recon=0.4278 | t=102s
  Ep 153 | step 1350/1868 | loss=1.0308 | diff=0.5905 | kd=0.3139 | recon=0.4090 | t=105s
  Ep 153 | step 1400/1868 | loss=0.9521 | diff=0.6032 | kd=0.2725 | recon=0.3216 | t=109s
  Ep 153 | step 1450/1868 | loss=0.9930 | diff=0.5883 | kd=0.3846 | recon=0.3663 | t=113s
  Ep 153 | step 1500/1868 | loss=1.0523 | diff=0.5922 | kd=0.3651 | recon=0.4236 | t=117s
  Ep 153 | step 1550/1868 | loss=1.0925 | diff=0.5933 | kd=0.3848 | recon=0.4606 | t=121s
  Ep 153 | step 1600/1868 | loss=1.0113 | diff=0.5918 | kd=0.3379 | recon=0.3857 | t=125s
  Ep 153 | step 1650/1868 | loss=1.0703 | diff=0.5959 | kd=0.3408 | recon=0.4403 | t=129s
  Ep 153 | step 1700/1868 | loss=1.0026 | diff=0.5916 | kd=0.3969 | recon=0.3713 | t=132s
  Ep 153 | step 1750/1868 | loss=1.0661 | diff=0.5920 | kd=0.5623 | recon=0.4179 | t=136s
  Ep 153 | step 1800/1868 | loss=0.9929 | diff=0.5919 | kd=0.5513 | recon=0.3459 | t=140s
  Ep 153 | step 1850/1868 | loss=0.9949 | diff=0.5934 | kd=0.4113 | recon=0.3603 | t=144s

  ── Epoch 153/200 (188s) ──────────────────────
  Train  loss=1.0428  diff=0.5963  kd=0.4118  recon=0.4053
  Val    loss=1.0374  RMSE=0.4895  MAE=0.4050  lr=1.39e-05

  Ep 154 | step 0000/1868 | loss=1.0455 | diff=0.5909 | kd=0.4400 | recon=0.4106 | t=0s
  Ep 154 | step 0050/1868 | loss=1.0754 | diff=0.5943 | kd=0.4907 | recon=0.4321 | t=4s
  Ep 154 | step 0100/1868 | loss=1.0947 | diff=0.5943 | kd=0.5927 | recon=0.4412 | t=8s
  Ep 154 | step 0150/1868 | loss=1.1031 | diff=0.5931 | kd=0.6203 | recon=0.4480 | t=12s
  Ep 154 | step 0200/1868 | loss=0.9962 | diff=0.5910 | kd=0.4053 | recon=0.3646 | t=16s
  Ep 154 | step 0250/1868 | loss=0.9428 | diff=0.5946 | kd=0.3256 | recon=0.3156 | t=20s
  Ep 154 | step 0300/1868 | loss=1.0730 | diff=0.5964 | kd=0.2852 | recon=0.4481 | t=24s
  Ep 154 | step 0350/1868 | loss=1.0641 | diff=0.6030 | kd=0.3040 | recon=0.4308 | t=28s
  Ep 154 | step 0400/1868 | loss=1.0409 | diff=0.5933 | kd=0.4403 | recon=0.4036 | t=32s
  Ep 154 | step 0450/1868 | loss=1.0028 | diff=0.5885 | kd=0.3249 | recon=0.3818 | t=35s
  Ep 154 | step 0500/1868 | loss=1.0890 | diff=0.5938 | kd=0.7146 | recon=0.4237 | t=39s
  Ep 154 | step 0550/1868 | loss=1.0634 | diff=0.5966 | kd=0.3668 | recon=0.4302 | t=43s
  Ep 154 | step 0600/1868 | loss=1.0335 | diff=0.6041 | kd=0.3616 | recon=0.3933 | t=47s
  Ep 154 | step 0650/1868 | loss=1.0862 | diff=0.5951 | kd=0.3710 | recon=0.4540 | t=51s
  Ep 154 | step 0700/1868 | loss=1.0031 | diff=0.5940 | kd=0.4396 | recon=0.3651 | t=55s
  Ep 154 | step 0750/1868 | loss=1.1106 | diff=0.5950 | kd=0.6264 | recon=0.4529 | t=59s
  Ep 154 | step 0800/1868 | loss=1.0186 | diff=0.5917 | kd=0.3871 | recon=0.3882 | t=63s
  Ep 154 | step 0850/1868 | loss=1.0574 | diff=0.5929 | kd=0.8233 | recon=0.3821 | t=67s
  Ep 154 | step 0900/1868 | loss=1.0564 | diff=0.5947 | kd=0.4786 | recon=0.4138 | t=71s
  Ep 154 | step 0950/1868 | loss=1.0265 | diff=0.5949 | kd=0.3626 | recon=0.3954 | t=75s
  Ep 154 | step 1000/1868 | loss=1.0544 | diff=0.5936 | kd=0.6866 | recon=0.3922 | t=79s
  Ep 154 | step 1050/1868 | loss=1.1055 | diff=0.5929 | kd=0.5439 | recon=0.4581 | t=83s
  Ep 154 | step 1100/1868 | loss=1.0419 | diff=0.5945 | kd=0.5293 | recon=0.3945 | t=86s
  Ep 154 | step 1150/1868 | loss=1.0868 | diff=0.5944 | kd=0.4435 | recon=0.4480 | t=90s
  Ep 154 | step 1200/1868 | loss=1.0532 | diff=0.5934 | kd=0.5109 | recon=0.4087 | t=94s
  Ep 154 | step 1250/1868 | loss=1.0242 | diff=0.5966 | kd=0.3713 | recon=0.3904 | t=98s
  Ep 154 | step 1300/1868 | loss=1.0754 | diff=0.5949 | kd=0.4022 | recon=0.4403 | t=102s
  Ep 154 | step 1350/1868 | loss=1.0509 | diff=0.5968 | kd=0.2889 | recon=0.4252 | t=106s
  Ep 154 | step 1400/1868 | loss=0.9521 | diff=0.5917 | kd=0.2909 | recon=0.3312 | t=110s
  Ep 154 | step 1450/1868 | loss=1.0658 | diff=0.5915 | kd=0.7131 | recon=0.4029 | t=114s
  Ep 154 | step 1500/1868 | loss=1.0583 | diff=0.5940 | kd=0.2482 | recon=0.4395 | t=118s
  Ep 154 | step 1550/1868 | loss=0.9807 | diff=0.5933 | kd=0.4480 | recon=0.3426 | t=122s
  Ep 154 | step 1600/1868 | loss=1.0684 | diff=0.5898 | kd=0.5316 | recon=0.4254 | t=126s
  Ep 154 | step 1650/1868 | loss=1.0396 | diff=0.5916 | kd=0.3571 | recon=0.4123 | t=130s
  Ep 154 | step 1700/1868 | loss=1.0739 | diff=0.5942 | kd=0.4540 | recon=0.4343 | t=134s
  Ep 154 | step 1750/1868 | loss=1.0778 | diff=0.5929 | kd=0.9648 | recon=0.3884 | t=138s
  Ep 154 | step 1800/1868 | loss=1.0146 | diff=0.5936 | kd=0.5486 | recon=0.3662 | t=141s
  Ep 154 | step 1850/1868 | loss=1.1189 | diff=0.5930 | kd=0.5371 | recon=0.4722 | t=145s

  ── Epoch 154/200 (190s) ──────────────────────
  Train  loss=1.0413  diff=0.5948  kd=0.4118  recon=0.4053
  Val    loss=1.0367  RMSE=0.4895  MAE=0.4050  lr=1.34e-05

  Ep 155 | step 0000/1868 | loss=1.1030 | diff=0.5905 | kd=0.3932 | recon=0.4732 | t=1s
  Ep 155 | step 0050/1868 | loss=1.1445 | diff=0.5941 | kd=0.2958 | recon=0.5208 | t=5s
  Ep 155 | step 0100/1868 | loss=1.0245 | diff=0.5917 | kd=0.2816 | recon=0.4046 | t=9s
  Ep 155 | step 0150/1868 | loss=0.9729 | diff=0.5931 | kd=0.4012 | recon=0.3396 | t=12s
  Ep 155 | step 0200/1868 | loss=1.0755 | diff=0.5983 | kd=0.5216 | recon=0.4250 | t=16s
  Ep 155 | step 0250/1868 | loss=1.1130 | diff=0.5896 | kd=0.3473 | recon=0.4886 | t=20s
  Ep 155 | step 0300/1868 | loss=1.0498 | diff=0.5941 | kd=0.4612 | recon=0.4095 | t=24s
  Ep 155 | step 0350/1868 | loss=1.1335 | diff=0.5909 | kd=0.4274 | recon=0.4999 | t=28s
  Ep 155 | step 0400/1868 | loss=1.0673 | diff=0.5912 | kd=0.5262 | recon=0.4234 | t=32s
  Ep 155 | step 0450/1868 | loss=1.0833 | diff=0.5889 | kd=0.2912 | recon=0.4653 | t=36s
  Ep 155 | step 0500/1868 | loss=1.0434 | diff=0.5895 | kd=0.3698 | recon=0.4168 | t=40s
  Ep 155 | step 0550/1868 | loss=1.0678 | diff=0.5927 | kd=0.2532 | recon=0.4497 | t=44s
  Ep 155 | step 0600/1868 | loss=1.0881 | diff=0.5940 | kd=0.5220 | recon=0.4419 | t=47s
  Ep 155 | step 0650/1868 | loss=1.0298 | diff=0.5907 | kd=0.3111 | recon=0.4079 | t=51s
  Ep 155 | step 0700/1868 | loss=1.0473 | diff=0.5896 | kd=0.4930 | recon=0.4084 | t=55s
  Ep 155 | step 0750/1868 | loss=0.9598 | diff=0.5903 | kd=0.3556 | recon=0.3340 | t=59s
  Ep 155 | step 0800/1868 | loss=1.0656 | diff=0.5952 | kd=0.2442 | recon=0.4461 | t=63s
  Ep 155 | step 0850/1868 | loss=1.0196 | diff=0.5943 | kd=0.3810 | recon=0.3872 | t=67s
  Ep 155 | step 0900/1868 | loss=0.9926 | diff=0.5933 | kd=0.3803 | recon=0.3613 | t=71s
  Ep 155 | step 0950/1868 | loss=1.0717 | diff=0.5935 | kd=0.4218 | recon=0.4360 | t=75s
  Ep 155 | step 1000/1868 | loss=1.1273 | diff=0.5927 | kd=0.3459 | recon=0.5000 | t=79s
  Ep 155 | step 1050/1868 | loss=1.0564 | diff=0.5936 | kd=0.3827 | recon=0.4245 | t=83s
  Ep 155 | step 1100/1868 | loss=1.0151 | diff=0.5917 | kd=0.5384 | recon=0.3696 | t=86s
  Ep 155 | step 1150/1868 | loss=1.0037 | diff=0.5954 | kd=0.3631 | recon=0.3720 | t=90s
  Ep 155 | step 1200/1868 | loss=1.1171 | diff=0.5877 | kd=0.4710 | recon=0.4823 | t=94s
  Ep 155 | step 1250/1868 | loss=1.0502 | diff=0.5932 | kd=0.4836 | recon=0.4087 | t=98s
  Ep 155 | step 1300/1868 | loss=1.0049 | diff=0.5954 | kd=0.3313 | recon=0.3765 | t=102s
  Ep 155 | step 1350/1868 | loss=1.0239 | diff=0.5947 | kd=0.3822 | recon=0.3910 | t=106s
  Ep 155 | step 1400/1868 | loss=1.0327 | diff=0.5916 | kd=0.4972 | recon=0.3914 | t=110s
  Ep 155 | step 1450/1868 | loss=1.0816 | diff=0.5908 | kd=0.7067 | recon=0.4201 | t=114s
  Ep 155 | step 1500/1868 | loss=1.0417 | diff=0.5894 | kd=0.5419 | recon=0.3981 | t=117s
  Ep 155 | step 1550/1868 | loss=0.9613 | diff=0.5933 | kd=0.3097 | recon=0.3370 | t=121s
  Ep 155 | step 1600/1868 | loss=1.0039 | diff=0.5925 | kd=0.2956 | recon=0.3819 | t=125s
  Ep 155 | step 1650/1868 | loss=1.0308 | diff=0.6526 | kd=0.4544 | recon=0.3327 | t=129s
  Ep 155 | step 1700/1868 | loss=1.0358 | diff=0.5956 | kd=0.2901 | recon=0.4111 | t=133s
  Ep 155 | step 1750/1868 | loss=1.0638 | diff=0.5931 | kd=0.3313 | recon=0.4376 | t=137s
  Ep 155 | step 1800/1868 | loss=1.0307 | diff=0.5917 | kd=0.4365 | recon=0.3953 | t=141s
  Ep 155 | step 1850/1868 | loss=1.0005 | diff=0.5975 | kd=0.2615 | recon=0.3768 | t=145s

  ── Epoch 155/200 (189s) ──────────────────────
  Train  loss=1.0417  diff=0.5953  kd=0.4106  recon=0.4053
  Val    loss=1.0390  RMSE=0.4895  MAE=0.4050  lr=1.29e-05

  Ep 156 | step 0000/1868 | loss=1.0740 | diff=0.5968 | kd=0.5262 | recon=0.4246 | t=1s
  Ep 156 | step 0050/1868 | loss=1.0271 | diff=0.5948 | kd=0.3981 | recon=0.3924 | t=4s
  Ep 156 | step 0100/1868 | loss=1.0531 | diff=0.5918 | kd=0.5673 | recon=0.4045 | t=8s
  Ep 156 | step 0150/1868 | loss=1.0317 | diff=0.5926 | kd=0.4593 | recon=0.3932 | t=12s
  Ep 156 | step 0200/1868 | loss=1.0688 | diff=0.5928 | kd=0.2689 | recon=0.4491 | t=16s
  Ep 156 | step 0250/1868 | loss=1.1171 | diff=0.5970 | kd=0.5332 | recon=0.4668 | t=20s
  Ep 156 | step 0300/1868 | loss=1.0289 | diff=0.5931 | kd=0.2592 | recon=0.4099 | t=24s
  Ep 156 | step 0350/1868 | loss=1.0442 | diff=0.5957 | kd=0.3183 | recon=0.4166 | t=28s
  Ep 156 | step 0400/1868 | loss=1.0644 | diff=0.5878 | kd=0.5020 | recon=0.4264 | t=32s
  Ep 156 | step 0450/1868 | loss=1.0535 | diff=0.5915 | kd=0.3560 | recon=0.4263 | t=36s
  Ep 156 | step 0500/1868 | loss=1.0943 | diff=0.5923 | kd=0.3703 | recon=0.4649 | t=40s
  Ep 156 | step 0550/1868 | loss=1.0508 | diff=0.5956 | kd=0.3353 | recon=0.4217 | t=43s
  Ep 156 | step 0600/1868 | loss=1.0476 | diff=0.5933 | kd=0.3488 | recon=0.4194 | t=47s
  Ep 156 | step 0650/1868 | loss=1.0445 | diff=0.5898 | kd=0.4149 | recon=0.4132 | t=51s
  Ep 156 | step 0700/1868 | loss=1.0205 | diff=0.5925 | kd=0.3423 | recon=0.3938 | t=55s
  Ep 156 | step 0750/1868 | loss=1.0424 | diff=0.5928 | kd=0.3334 | recon=0.4162 | t=59s
  Ep 156 | step 0800/1868 | loss=1.0389 | diff=0.5896 | kd=0.4142 | recon=0.4079 | t=63s
  Ep 156 | step 0850/1868 | loss=1.0597 | diff=0.5897 | kd=0.7944 | recon=0.3906 | t=67s
  Ep 156 | step 0900/1868 | loss=1.0431 | diff=0.5913 | kd=0.3599 | recon=0.4158 | t=71s
  Ep 156 | step 0950/1868 | loss=1.0273 | diff=0.5902 | kd=0.4923 | recon=0.3879 | t=75s
  Ep 156 | step 1000/1868 | loss=1.0332 | diff=0.6140 | kd=0.3086 | recon=0.3884 | t=79s
  Ep 156 | step 1050/1868 | loss=1.0447 | diff=0.5902 | kd=0.4034 | recon=0.4141 | t=82s
  Ep 156 | step 1100/1868 | loss=0.9873 | diff=0.5934 | kd=0.3060 | recon=0.3633 | t=86s
  Ep 156 | step 1150/1868 | loss=1.1364 | diff=0.5925 | kd=0.5566 | recon=0.4883 | t=90s
  Ep 156 | step 1200/1868 | loss=1.0331 | diff=0.6245 | kd=0.3785 | recon=0.3707 | t=94s
  Ep 156 | step 1250/1868 | loss=0.9884 | diff=0.5969 | kd=0.3639 | recon=0.3552 | t=98s
  Ep 156 | step 1300/1868 | loss=0.9685 | diff=0.5913 | kd=0.3403 | recon=0.3431 | t=102s
  Ep 156 | step 1350/1868 | loss=1.0248 | diff=0.5948 | kd=0.5383 | recon=0.3762 | t=106s
  Ep 156 | step 1400/1868 | loss=1.0190 | diff=0.5938 | kd=0.3579 | recon=0.3894 | t=110s
  Ep 156 | step 1450/1868 | loss=1.0287 | diff=0.5915 | kd=0.3853 | recon=0.3987 | t=114s
  Ep 156 | step 1500/1868 | loss=1.0334 | diff=0.5918 | kd=0.3162 | recon=0.4100 | t=118s
  Ep 156 | step 1550/1868 | loss=1.0671 | diff=0.5949 | kd=0.3002 | recon=0.4422 | t=121s
  Ep 156 | step 1600/1868 | loss=1.0028 | diff=0.5908 | kd=0.3804 | recon=0.3740 | t=125s
  Ep 156 | step 1650/1868 | loss=0.9926 | diff=0.5932 | kd=0.3502 | recon=0.3644 | t=129s
  Ep 156 | step 1700/1868 | loss=1.0508 | diff=0.5957 | kd=0.3038 | recon=0.4247 | t=133s
  Ep 156 | step 1750/1868 | loss=1.0282 | diff=0.5937 | kd=0.4584 | recon=0.3886 | t=137s
  Ep 156 | step 1800/1868 | loss=0.9740 | diff=0.5929 | kd=0.2615 | recon=0.3549 | t=141s
  Ep 156 | step 1850/1868 | loss=1.0230 | diff=0.5940 | kd=0.3016 | recon=0.3989 | t=145s

  ── Epoch 156/200 (189s) ──────────────────────
  Train  loss=1.0413  diff=0.5949  kd=0.4112  recon=0.4053
  Val    loss=1.0367  RMSE=0.4895  MAE=0.4050  lr=1.24e-05

  Ep 157 | step 0000/1868 | loss=1.0727 | diff=0.5917 | kd=0.3667 | recon=0.4443 | t=1s
  Ep 157 | step 0050/1868 | loss=1.0247 | diff=0.5936 | kd=0.4183 | recon=0.3892 | t=4s
  Ep 157 | step 0100/1868 | loss=1.0550 | diff=0.5932 | kd=0.3962 | recon=0.4221 | t=8s
  Ep 157 | step 0150/1868 | loss=1.0318 | diff=0.5937 | kd=0.3468 | recon=0.4034 | t=12s
  Ep 157 | step 0200/1868 | loss=0.9942 | diff=0.5892 | kd=0.2449 | recon=0.3805 | t=16s
  Ep 157 | step 0250/1868 | loss=1.0490 | diff=0.5910 | kd=0.5950 | recon=0.3984 | t=20s
  Ep 157 | step 0300/1868 | loss=0.9858 | diff=0.5934 | kd=0.3193 | recon=0.3604 | t=24s
  Ep 157 | step 0350/1868 | loss=1.0889 | diff=0.5964 | kd=0.4267 | recon=0.4499 | t=28s
  Ep 157 | step 0400/1868 | loss=0.9624 | diff=0.5926 | kd=0.4061 | recon=0.3292 | t=32s
  Ep 157 | step 0450/1868 | loss=1.1886 | diff=0.6166 | kd=1.3578 | recon=0.4362 | t=36s
  Ep 157 | step 0500/1868 | loss=1.0028 | diff=0.5927 | kd=0.5022 | recon=0.3598 | t=40s
  Ep 157 | step 0550/1868 | loss=1.0514 | diff=0.5943 | kd=0.3449 | recon=0.4227 | t=43s
  Ep 157 | step 0600/1868 | loss=0.9913 | diff=0.5939 | kd=0.3186 | recon=0.3656 | t=47s
  Ep 157 | step 0650/1868 | loss=0.9759 | diff=0.5923 | kd=0.3281 | recon=0.3508 | t=51s
  Ep 157 | step 0700/1868 | loss=1.0331 | diff=0.5931 | kd=0.3899 | recon=0.4009 | t=55s
  Ep 157 | step 0750/1868 | loss=0.9789 | diff=0.5914 | kd=0.5450 | recon=0.3330 | t=59s
  Ep 157 | step 0800/1868 | loss=0.9161 | diff=0.5898 | kd=0.3405 | recon=0.2923 | t=63s
  Ep 157 | step 0850/1868 | loss=1.0424 | diff=0.5915 | kd=0.3766 | recon=0.4133 | t=67s
  Ep 157 | step 0900/1868 | loss=1.0674 | diff=0.5935 | kd=0.4275 | recon=0.4312 | t=71s
  Ep 157 | step 0950/1868 | loss=1.0210 | diff=0.5955 | kd=0.4766 | recon=0.3778 | t=75s
  Ep 157 | step 1000/1868 | loss=1.0534 | diff=0.5941 | kd=0.4380 | recon=0.4156 | t=79s
  Ep 157 | step 1050/1868 | loss=1.0655 | diff=0.5909 | kd=0.3352 | recon=0.4411 | t=82s
  Ep 157 | step 1100/1868 | loss=1.0248 | diff=0.5903 | kd=0.4295 | recon=0.3916 | t=86s
  Ep 157 | step 1150/1868 | loss=1.1316 | diff=0.5948 | kd=0.6875 | recon=0.4681 | t=90s
  Ep 157 | step 1200/1868 | loss=1.0540 | diff=0.5923 | kd=0.4316 | recon=0.4186 | t=94s
  Ep 157 | step 1250/1868 | loss=1.0832 | diff=0.6540 | kd=0.4504 | recon=0.3842 | t=98s
  Ep 157 | step 1300/1868 | loss=1.1778 | diff=0.6276 | kd=0.8120 | recon=0.4690 | t=102s
  Ep 157 | step 1350/1868 | loss=1.0446 | diff=0.5958 | kd=0.3203 | recon=0.4168 | t=106s
  Ep 157 | step 1400/1868 | loss=1.1217 | diff=0.5941 | kd=0.5239 | recon=0.4752 | t=110s
  Ep 157 | step 1450/1868 | loss=1.0441 | diff=0.5943 | kd=0.3338 | recon=0.4165 | t=114s
  Ep 157 | step 1500/1868 | loss=0.9893 | diff=0.5919 | kd=0.3041 | recon=0.3669 | t=117s
  Ep 157 | step 1550/1868 | loss=0.9899 | diff=0.5922 | kd=0.3191 | recon=0.3658 | t=121s
  Ep 157 | step 1600/1868 | loss=1.0795 | diff=0.5937 | kd=0.4001 | recon=0.4458 | t=125s
  Ep 157 | step 1650/1868 | loss=1.0857 | diff=0.5946 | kd=0.4911 | recon=0.4420 | t=129s
  Ep 157 | step 1700/1868 | loss=1.1050 | diff=0.5945 | kd=0.3786 | recon=0.4726 | t=133s
  Ep 157 | step 1750/1868 | loss=1.0127 | diff=0.5899 | kd=0.3369 | recon=0.3891 | t=137s
  Ep 157 | step 1800/1868 | loss=1.0713 | diff=0.5937 | kd=0.3299 | recon=0.4445 | t=141s
  Ep 157 | step 1850/1868 | loss=1.0443 | diff=0.5918 | kd=0.6319 | recon=0.3893 | t=145s

  ── Epoch 157/200 (189s) ──────────────────────
  Train  loss=1.0404  diff=0.5940  kd=0.4106  recon=0.4054
  Val    loss=1.0369  RMSE=0.4895  MAE=0.4050  lr=1.19e-05

  Ep 158 | step 0000/1868 | loss=1.0349 | diff=0.5967 | kd=0.3813 | recon=0.4001 | t=1s
  Ep 158 | step 0050/1868 | loss=1.0563 | diff=0.6099 | kd=0.4352 | recon=0.4028 | t=5s
  Ep 158 | step 0100/1868 | loss=1.0235 | diff=0.5924 | kd=0.3495 | recon=0.3961 | t=8s
  Ep 158 | step 0150/1868 | loss=1.0238 | diff=0.5938 | kd=0.5390 | recon=0.3761 | t=12s
  Ep 158 | step 0200/1868 | loss=0.9787 | diff=0.5907 | kd=0.4170 | recon=0.3463 | t=16s
  Ep 158 | step 0250/1868 | loss=1.0735 | diff=0.5950 | kd=0.4960 | recon=0.4289 | t=20s
  Ep 158 | step 0300/1868 | loss=1.0979 | diff=0.5923 | kd=1.0398 | recon=0.4016 | t=24s
  Ep 158 | step 0350/1868 | loss=1.0413 | diff=0.5921 | kd=0.4043 | recon=0.4088 | t=28s
  Ep 158 | step 0400/1868 | loss=1.0558 | diff=0.5932 | kd=0.3613 | recon=0.4264 | t=32s
  Ep 158 | step 0450/1868 | loss=0.9602 | diff=0.5920 | kd=0.2728 | recon=0.3409 | t=36s
  Ep 158 | step 0500/1868 | loss=1.0346 | diff=0.5955 | kd=0.4602 | recon=0.3931 | t=40s
  Ep 158 | step 0550/1868 | loss=0.9954 | diff=0.5907 | kd=0.3950 | recon=0.3652 | t=43s
  Ep 158 | step 0600/1868 | loss=1.0111 | diff=0.5958 | kd=0.4189 | recon=0.3733 | t=47s
  Ep 158 | step 0650/1868 | loss=1.0178 | diff=0.5888 | kd=0.3649 | recon=0.3924 | t=51s
  Ep 158 | step 0700/1868 | loss=0.9623 | diff=0.5890 | kd=0.3271 | recon=0.3406 | t=55s
  Ep 158 | step 0750/1868 | loss=0.9517 | diff=0.5933 | kd=0.4369 | recon=0.3148 | t=59s
  Ep 158 | step 0800/1868 | loss=1.0296 | diff=0.5890 | kd=0.2788 | recon=0.4127 | t=63s
  Ep 158 | step 0850/1868 | loss=0.9822 | diff=0.5975 | kd=0.3683 | recon=0.3478 | t=67s
  Ep 158 | step 0900/1868 | loss=0.9957 | diff=0.5933 | kd=0.3140 | recon=0.3710 | t=71s
  Ep 158 | step 0950/1868 | loss=0.9413 | diff=0.5938 | kd=0.3572 | recon=0.3118 | t=75s
  Ep 158 | step 1000/1868 | loss=1.0977 | diff=0.5865 | kd=0.8551 | recon=0.4257 | t=79s
  Ep 158 | step 1050/1868 | loss=1.0002 | diff=0.5932 | kd=0.3370 | recon=0.3734 | t=83s
  Ep 158 | step 1100/1868 | loss=1.1317 | diff=0.5988 | kd=0.4644 | recon=0.4864 | t=87s
  Ep 158 | step 1150/1868 | loss=1.0546 | diff=0.5913 | kd=0.3033 | recon=0.4330 | t=91s
  Ep 158 | step 1200/1868 | loss=0.9879 | diff=0.5910 | kd=0.4728 | recon=0.3496 | t=95s
  Ep 158 | step 1250/1868 | loss=1.0145 | diff=0.5916 | kd=0.3331 | recon=0.3896 | t=99s
  Ep 158 | step 1300/1868 | loss=1.0450 | diff=0.5918 | kd=0.7889 | recon=0.3743 | t=103s
  Ep 158 | step 1350/1868 | loss=0.9690 | diff=0.5925 | kd=0.3560 | recon=0.3409 | t=106s
  Ep 158 | step 1400/1868 | loss=1.0636 | diff=0.5925 | kd=0.4639 | recon=0.4247 | t=110s
  Ep 158 | step 1450/1868 | loss=0.9607 | diff=0.5941 | kd=0.3000 | recon=0.3367 | t=114s
  Ep 158 | step 1500/1868 | loss=1.0571 | diff=0.5912 | kd=0.2903 | recon=0.4368 | t=118s
  Ep 158 | step 1550/1868 | loss=1.0364 | diff=0.5885 | kd=0.3838 | recon=0.4095 | t=122s
  Ep 158 | step 1600/1868 | loss=1.0408 | diff=0.5912 | kd=0.4075 | recon=0.4089 | t=126s
  Ep 158 | step 1650/1868 | loss=1.0516 | diff=0.5922 | kd=0.3990 | recon=0.4195 | t=130s
  Ep 158 | step 1700/1868 | loss=1.0208 | diff=0.5914 | kd=0.4095 | recon=0.3884 | t=134s
  Ep 158 | step 1750/1868 | loss=0.9935 | diff=0.5980 | kd=0.3846 | recon=0.3570 | t=138s
  Ep 158 | step 1800/1868 | loss=0.9901 | diff=0.5907 | kd=0.3314 | recon=0.3663 | t=142s
  Ep 158 | step 1850/1868 | loss=0.9903 | diff=0.5897 | kd=0.2938 | recon=0.3712 | t=146s

  ── Epoch 158/200 (190s) ──────────────────────
  Train  loss=1.0399  diff=0.5934  kd=0.4123  recon=0.4053
  Val    loss=1.0378  RMSE=0.4895  MAE=0.4050  lr=1.14e-05

  Ep 159 | step 0000/1868 | loss=0.9954 | diff=0.5931 | kd=0.4642 | recon=0.3559 | t=1s
  Ep 159 | step 0050/1868 | loss=1.1386 | diff=0.5986 | kd=0.4511 | recon=0.4949 | t=5s
  Ep 159 | step 0100/1868 | loss=1.0524 | diff=0.5950 | kd=0.5937 | recon=0.3981 | t=9s
  Ep 159 | step 0150/1868 | loss=1.1140 | diff=0.5873 | kd=0.4488 | recon=0.4818 | t=13s
  Ep 159 | step 0200/1868 | loss=1.0750 | diff=0.5918 | kd=0.6972 | recon=0.4134 | t=16s
  Ep 159 | step 0250/1868 | loss=1.0282 | diff=0.5905 | kd=0.3307 | recon=0.4046 | t=20s
  Ep 159 | step 0300/1868 | loss=0.9982 | diff=0.5928 | kd=0.5166 | recon=0.3537 | t=24s
  Ep 159 | step 0350/1868 | loss=1.0220 | diff=0.5938 | kd=0.3332 | recon=0.3950 | t=28s
  Ep 159 | step 0400/1868 | loss=1.0185 | diff=0.5966 | kd=0.3819 | recon=0.3837 | t=32s
  Ep 159 | step 0450/1868 | loss=0.9990 | diff=0.5910 | kd=0.4311 | recon=0.3649 | t=36s
  Ep 159 | step 0500/1868 | loss=1.0909 | diff=0.5958 | kd=0.4708 | recon=0.4480 | t=40s
  Ep 159 | step 0550/1868 | loss=1.0788 | diff=0.5946 | kd=0.5578 | recon=0.4284 | t=44s
  Ep 159 | step 0600/1868 | loss=1.0139 | diff=0.5951 | kd=0.2975 | recon=0.3890 | t=48s
  Ep 159 | step 0650/1868 | loss=1.1371 | diff=0.5939 | kd=0.5780 | recon=0.4854 | t=52s
  Ep 159 | step 0700/1868 | loss=1.0120 | diff=0.5936 | kd=0.3512 | recon=0.3833 | t=56s
  Ep 159 | step 0750/1868 | loss=1.0358 | diff=0.5954 | kd=0.5209 | recon=0.3884 | t=60s
  Ep 159 | step 0800/1868 | loss=1.1186 | diff=0.5922 | kd=0.3520 | recon=0.4912 | t=64s
  Ep 159 | step 0850/1868 | loss=1.0718 | diff=0.5955 | kd=0.7821 | recon=0.3982 | t=68s
  Ep 159 | step 0900/1868 | loss=1.1171 | diff=0.5920 | kd=0.4507 | recon=0.4800 | t=72s
  Ep 159 | step 0950/1868 | loss=1.0215 | diff=0.5928 | kd=0.3571 | recon=0.3930 | t=76s
  Ep 159 | step 1000/1868 | loss=1.0704 | diff=0.5908 | kd=0.3193 | recon=0.4476 | t=80s
  Ep 159 | step 1050/1868 | loss=1.0167 | diff=0.5970 | kd=0.5112 | recon=0.3686 | t=84s
  Ep 159 | step 1100/1868 | loss=1.1263 | diff=0.5940 | kd=0.4376 | recon=0.4886 | t=87s
  Ep 159 | step 1150/1868 | loss=1.0889 | diff=0.5896 | kd=0.2650 | recon=0.4728 | t=91s
  Ep 159 | step 1200/1868 | loss=1.0016 | diff=0.5944 | kd=0.3947 | recon=0.3678 | t=95s
  Ep 159 | step 1250/1868 | loss=1.0081 | diff=0.5906 | kd=0.4282 | recon=0.3746 | t=99s
  Ep 159 | step 1300/1868 | loss=1.0861 | diff=0.5944 | kd=0.3636 | recon=0.4554 | t=103s
  Ep 159 | step 1350/1868 | loss=1.0189 | diff=0.5930 | kd=0.3134 | recon=0.3946 | t=107s
  Ep 159 | step 1400/1868 | loss=1.0295 | diff=0.5904 | kd=0.3115 | recon=0.4080 | t=111s
  Ep 159 | step 1450/1868 | loss=1.0604 | diff=0.5924 | kd=0.4044 | recon=0.4275 | t=115s
  Ep 159 | step 1500/1868 | loss=1.0713 | diff=0.5933 | kd=0.5101 | recon=0.4270 | t=119s
  Ep 159 | step 1550/1868 | loss=1.0331 | diff=0.5916 | kd=0.4368 | recon=0.3978 | t=123s
  Ep 159 | step 1600/1868 | loss=1.0302 | diff=0.5923 | kd=0.5614 | recon=0.3818 | t=127s
  Ep 159 | step 1650/1868 | loss=1.1374 | diff=0.5967 | kd=0.4828 | recon=0.4924 | t=131s
  Ep 159 | step 1700/1868 | loss=0.9471 | diff=0.5922 | kd=0.2479 | recon=0.3301 | t=135s
  Ep 159 | step 1750/1868 | loss=1.0812 | diff=0.5939 | kd=0.6103 | recon=0.4262 | t=139s
  Ep 159 | step 1800/1868 | loss=1.0388 | diff=0.5925 | kd=0.4654 | recon=0.3997 | t=143s
  Ep 159 | step 1850/1868 | loss=0.9790 | diff=0.5953 | kd=0.3645 | recon=0.3473 | t=147s

  ── Epoch 159/200 (191s) ──────────────────────
  Train  loss=1.0402  diff=0.5937  kd=0.4114  recon=0.4053
  Val    loss=1.0426  RMSE=0.4895  MAE=0.4050  lr=1.09e-05

  Ep 160 | step 0000/1868 | loss=1.1483 | diff=0.5930 | kd=0.8436 | recon=0.4710 | t=1s
  Ep 160 | step 0050/1868 | loss=1.0911 | diff=0.5923 | kd=0.4847 | recon=0.4504 | t=4s
  Ep 160 | step 0100/1868 | loss=1.0431 | diff=0.5932 | kd=0.4778 | recon=0.4021 | t=8s
  Ep 160 | step 0150/1868 | loss=1.0838 | diff=0.5939 | kd=0.3459 | recon=0.4553 | t=12s
  Ep 160 | step 0200/1868 | loss=0.9735 | diff=0.5922 | kd=0.3668 | recon=0.3446 | t=16s
  Ep 160 | step 0250/1868 | loss=1.0514 | diff=0.5937 | kd=0.3336 | recon=0.4243 | t=20s
  Ep 160 | step 0300/1868 | loss=1.0879 | diff=0.5891 | kd=0.3984 | recon=0.4589 | t=24s
  Ep 160 | step 0350/1868 | loss=1.0114 | diff=0.5907 | kd=0.2973 | recon=0.3910 | t=28s
  Ep 160 | step 0400/1868 | loss=1.0191 | diff=0.5932 | kd=0.2973 | recon=0.3962 | t=32s
  Ep 160 | step 0450/1868 | loss=0.9760 | diff=0.5932 | kd=0.2643 | recon=0.3564 | t=36s
  Ep 160 | step 0500/1868 | loss=1.0108 | diff=0.5963 | kd=0.4544 | recon=0.3690 | t=40s
  Ep 160 | step 0550/1868 | loss=1.0236 | diff=0.5959 | kd=0.3168 | recon=0.3959 | t=44s
  Ep 160 | step 0600/1868 | loss=0.9811 | diff=0.5910 | kd=0.3649 | recon=0.3536 | t=48s
  Ep 160 | step 0650/1868 | loss=1.1632 | diff=0.5937 | kd=0.3190 | recon=0.5376 | t=52s
  Ep 160 | step 0700/1868 | loss=1.1030 | diff=0.5932 | kd=0.6500 | recon=0.4448 | t=56s
  Ep 160 | step 0750/1868 | loss=1.0691 | diff=0.5925 | kd=0.4920 | recon=0.4274 | t=60s
  Ep 160 | step 0800/1868 | loss=1.0527 | diff=0.5933 | kd=0.3450 | recon=0.4249 | t=63s
  Ep 160 | step 0850/1868 | loss=1.0684 | diff=0.6102 | kd=0.6693 | recon=0.3912 | t=67s
  Ep 160 | step 0900/1868 | loss=1.0515 | diff=0.5909 | kd=0.5149 | recon=0.4092 | t=71s
  Ep 160 | step 0950/1868 | loss=1.0713 | diff=0.5898 | kd=0.6480 | recon=0.4167 | t=75s
  Ep 160 | step 1000/1868 | loss=1.0196 | diff=0.5897 | kd=0.2747 | recon=0.4024 | t=79s
  Ep 160 | step 1050/1868 | loss=1.1018 | diff=0.5906 | kd=0.4636 | recon=0.4648 | t=83s
  Ep 160 | step 1100/1868 | loss=1.0246 | diff=0.5916 | kd=0.3347 | recon=0.3996 | t=87s
  Ep 160 | step 1150/1868 | loss=1.1506 | diff=0.5923 | kd=0.3491 | recon=0.5234 | t=91s
  Ep 160 | step 1200/1868 | loss=1.0751 | diff=0.5922 | kd=0.5026 | recon=0.4327 | t=95s
  Ep 160 | step 1250/1868 | loss=1.0253 | diff=0.5915 | kd=0.5651 | recon=0.3773 | t=99s
  Ep 160 | step 1300/1868 | loss=0.9871 | diff=0.5962 | kd=0.3191 | recon=0.3590 | t=103s
  Ep 160 | step 1350/1868 | loss=1.0224 | diff=0.5962 | kd=0.4172 | recon=0.3844 | t=107s
  Ep 160 | step 1400/1868 | loss=1.0135 | diff=0.5953 | kd=0.3318 | recon=0.3851 | t=111s
  Ep 160 | step 1450/1868 | loss=1.0178 | diff=0.5909 | kd=0.3498 | recon=0.3919 | t=115s
  Ep 160 | step 1500/1868 | loss=1.0615 | diff=0.5911 | kd=0.3264 | recon=0.4377 | t=119s
  Ep 160 | step 1550/1868 | loss=0.9855 | diff=0.5926 | kd=0.3809 | recon=0.3548 | t=123s
  Ep 160 | step 1600/1868 | loss=1.0972 | diff=0.5937 | kd=0.3237 | recon=0.4711 | t=127s
  Ep 160 | step 1650/1868 | loss=1.0224 | diff=0.5905 | kd=0.2623 | recon=0.4057 | t=130s
  Ep 160 | step 1700/1868 | loss=1.0336 | diff=0.5910 | kd=0.3506 | recon=0.4075 | t=134s
  Ep 160 | step 1750/1868 | loss=1.0788 | diff=0.5891 | kd=0.6799 | recon=0.4217 | t=138s
  Ep 160 | step 1800/1868 | loss=1.0247 | diff=0.5938 | kd=0.3666 | recon=0.3942 | t=142s
  Ep 160 | step 1850/1868 | loss=1.0412 | diff=0.5921 | kd=0.3189 | recon=0.4172 | t=146s

  ── Epoch 160/200 (191s) ──────────────────────
  Train  loss=1.0398  diff=0.5935  kd=0.4103  recon=0.4053
  Val    loss=1.0363  RMSE=0.4895  MAE=0.4050  lr=1.05e-05
  [BEST] Checkpoint saved → checkpoints/best_model.pth
  [EP160] Checkpoint saved → checkpoints/epoch_160.pth

  Ep 161 | step 0000/1868 | loss=1.0966 | diff=0.5939 | kd=0.8135 | recon=0.4213 | t=1s
  Ep 161 | step 0050/1868 | loss=1.0381 | diff=0.5926 | kd=0.4470 | recon=0.4007 | t=4s
  Ep 161 | step 0100/1868 | loss=1.0716 | diff=0.5899 | kd=0.3148 | recon=0.4502 | t=8s
  Ep 161 | step 0150/1868 | loss=1.0258 | diff=0.5960 | kd=0.5115 | recon=0.3786 | t=12s
  Ep 161 | step 0200/1868 | loss=1.0884 | diff=0.5977 | kd=0.7153 | recon=0.4192 | t=16s
  Ep 161 | step 0250/1868 | loss=1.0467 | diff=0.5948 | kd=0.3700 | recon=0.4148 | t=20s
  Ep 161 | step 0300/1868 | loss=1.0097 | diff=0.5903 | kd=0.4633 | recon=0.3730 | t=24s
  Ep 161 | step 0350/1868 | loss=0.9857 | diff=0.5948 | kd=0.3138 | recon=0.3595 | t=28s
  Ep 161 | step 0400/1868 | loss=1.0376 | diff=0.5890 | kd=0.2980 | recon=0.4188 | t=32s
  Ep 161 | step 0450/1868 | loss=1.0120 | diff=0.5929 | kd=0.3788 | recon=0.3812 | t=36s
  Ep 161 | step 0500/1868 | loss=1.0447 | diff=0.5941 | kd=0.3714 | recon=0.4134 | t=40s
  Ep 161 | step 0550/1868 | loss=0.9878 | diff=0.5903 | kd=0.4174 | recon=0.3558 | t=44s
  Ep 161 | step 0600/1868 | loss=1.1426 | diff=0.5932 | kd=0.4224 | recon=0.5072 | t=48s
  Ep 161 | step 0650/1868 | loss=1.0570 | diff=0.5913 | kd=0.5483 | recon=0.4109 | t=52s
  Ep 161 | step 0700/1868 | loss=1.0286 | diff=0.5907 | kd=0.3432 | recon=0.4036 | t=56s
  Ep 161 | step 0750/1868 | loss=1.0144 | diff=0.5975 | kd=0.3491 | recon=0.3820 | t=60s
  Ep 161 | step 0800/1868 | loss=1.0115 | diff=0.5934 | kd=0.5123 | recon=0.3669 | t=64s
  Ep 161 | step 0850/1868 | loss=1.0350 | diff=0.5947 | kd=0.4097 | recon=0.3993 | t=67s
  Ep 161 | step 0900/1868 | loss=1.0082 | diff=0.5936 | kd=0.2785 | recon=0.3867 | t=71s
  Ep 161 | step 0950/1868 | loss=0.9764 | diff=0.5918 | kd=0.2540 | recon=0.3592 | t=75s
  Ep 161 | step 1000/1868 | loss=1.0752 | diff=0.5943 | kd=0.3504 | recon=0.4459 | t=79s
  Ep 161 | step 1050/1868 | loss=1.0032 | diff=0.5895 | kd=0.4234 | recon=0.3713 | t=83s
  Ep 161 | step 1100/1868 | loss=1.0653 | diff=0.5904 | kd=0.5312 | recon=0.4217 | t=87s
  Ep 161 | step 1150/1868 | loss=1.0596 | diff=0.5903 | kd=0.4894 | recon=0.4204 | t=91s
  Ep 161 | step 1200/1868 | loss=1.0562 | diff=0.5923 | kd=0.5096 | recon=0.4129 | t=95s
  Ep 161 | step 1250/1868 | loss=1.0422 | diff=0.5937 | kd=0.5283 | recon=0.3956 | t=99s
  Ep 161 | step 1300/1868 | loss=1.0354 | diff=0.5916 | kd=0.3394 | recon=0.4099 | t=103s
  Ep 161 | step 1350/1868 | loss=1.0888 | diff=0.5945 | kd=0.3788 | recon=0.4565 | t=107s
  Ep 161 | step 1400/1868 | loss=1.0886 | diff=0.5948 | kd=0.4266 | recon=0.4512 | t=111s
  Ep 161 | step 1450/1868 | loss=1.0975 | diff=0.5889 | kd=0.4323 | recon=0.4654 | t=115s
  Ep 161 | step 1500/1868 | loss=1.0957 | diff=0.5930 | kd=0.4362 | recon=0.4590 | t=119s
  Ep 161 | step 1550/1868 | loss=1.0106 | diff=0.5971 | kd=0.2796 | recon=0.3855 | t=122s
  Ep 161 | step 1600/1868 | loss=1.0017 | diff=0.5957 | kd=0.3045 | recon=0.3755 | t=126s
  Ep 161 | step 1650/1868 | loss=1.0190 | diff=0.5938 | kd=0.3578 | recon=0.3895 | t=130s
  Ep 161 | step 1700/1868 | loss=1.0278 | diff=0.5925 | kd=0.5161 | recon=0.3836 | t=134s
  Ep 161 | step 1750/1868 | loss=1.0953 | diff=0.5930 | kd=0.4681 | recon=0.4555 | t=138s
  Ep 161 | step 1800/1868 | loss=0.9979 | diff=0.5886 | kd=0.3091 | recon=0.3784 | t=142s
  Ep 161 | step 1850/1868 | loss=1.0019 | diff=0.5887 | kd=0.3970 | recon=0.3735 | t=146s

  ── Epoch 161/200 (191s) ──────────────────────
  Train  loss=1.0397  diff=0.5935  kd=0.4092  recon=0.4053
  Val    loss=1.0360  RMSE=0.4895  MAE=0.4050  lr=1.00e-05
  [BEST] Checkpoint saved → checkpoints/best_model.pth

  Ep 162 | step 0000/1868 | loss=1.1063 | diff=0.5920 | kd=0.6006 | recon=0.4543 | t=1s
  Ep 162 | step 0050/1868 | loss=1.0522 | diff=0.5936 | kd=0.2876 | recon=0.4299 | t=5s
  Ep 162 | step 0100/1868 | loss=1.0899 | diff=0.5923 | kd=0.5197 | recon=0.4457 | t=8s
  Ep 162 | step 0150/1868 | loss=1.0361 | diff=0.5920 | kd=0.4110 | recon=0.4030 | t=12s
  Ep 162 | step 0200/1868 | loss=1.0350 | diff=0.5932 | kd=0.3392 | recon=0.4079 | t=16s
  Ep 162 | step 0250/1868 | loss=1.0084 | diff=0.5911 | kd=0.2565 | recon=0.3916 | t=20s
  Ep 162 | step 0300/1868 | loss=1.1013 | diff=0.5946 | kd=0.4423 | recon=0.4624 | t=24s
  Ep 162 | step 0350/1868 | loss=1.0270 | diff=0.5938 | kd=0.3528 | recon=0.3980 | t=28s
  Ep 162 | step 0400/1868 | loss=0.9850 | diff=0.5919 | kd=0.3955 | recon=0.3535 | t=32s
  Ep 162 | step 0450/1868 | loss=1.0235 | diff=0.5934 | kd=0.3941 | recon=0.3907 | t=36s
  Ep 162 | step 0500/1868 | loss=1.0360 | diff=0.5900 | kd=0.3418 | recon=0.4117 | t=40s
  Ep 162 | step 0550/1868 | loss=1.0372 | diff=0.5911 | kd=0.3902 | recon=0.4070 | t=44s
  Ep 162 | step 0600/1868 | loss=1.0660 | diff=0.6046 | kd=0.4098 | recon=0.4204 | t=48s
  Ep 162 | step 0650/1868 | loss=0.9910 | diff=0.5944 | kd=0.3378 | recon=0.3628 | t=52s
  Ep 162 | step 0700/1868 | loss=1.0440 | diff=0.5949 | kd=0.3414 | recon=0.4149 | t=55s
  Ep 162 | step 0750/1868 | loss=0.9660 | diff=0.5956 | kd=0.2958 | recon=0.3409 | t=59s
  Ep 162 | step 0800/1868 | loss=1.0524 | diff=0.5957 | kd=0.4492 | recon=0.4119 | t=63s
  Ep 162 | step 0850/1868 | loss=1.0928 | diff=0.5920 | kd=0.3802 | recon=0.4628 | t=67s
  Ep 162 | step 0900/1868 | loss=1.0130 | diff=0.5936 | kd=0.3538 | recon=0.3840 | t=71s
  Ep 162 | step 0950/1868 | loss=1.0364 | diff=0.5921 | kd=0.4282 | recon=0.4015 | t=75s
  Ep 162 | step 1000/1868 | loss=1.0677 | diff=0.5902 | kd=0.5407 | recon=0.4234 | t=79s
  Ep 162 | step 1050/1868 | loss=1.0157 | diff=0.5960 | kd=0.2935 | recon=0.3903 | t=83s
  Ep 162 | step 1100/1868 | loss=1.0540 | diff=0.5924 | kd=0.6078 | recon=0.4008 | t=87s
  Ep 162 | step 1150/1868 | loss=0.9754 | diff=0.5882 | kd=0.2841 | recon=0.3588 | t=91s
  Ep 162 | step 1200/1868 | loss=1.0583 | diff=0.5929 | kd=0.3631 | recon=0.4291 | t=95s
  Ep 162 | step 1250/1868 | loss=1.0058 | diff=0.5937 | kd=0.2756 | recon=0.3846 | t=98s
  Ep 162 | step 1300/1868 | loss=1.0946 | diff=0.5943 | kd=0.3669 | recon=0.4637 | t=102s
  Ep 162 | step 1350/1868 | loss=1.0066 | diff=0.5945 | kd=0.3007 | recon=0.3821 | t=106s
  Ep 162 | step 1400/1868 | loss=1.0556 | diff=0.5913 | kd=0.6682 | recon=0.3974 | t=110s
  Ep 162 | step 1450/1868 | loss=1.0822 | diff=0.5911 | kd=0.4151 | recon=0.4497 | t=114s
  Ep 162 | step 1500/1868 | loss=1.0626 | diff=0.5953 | kd=0.3784 | recon=0.4294 | t=118s
  Ep 162 | step 1550/1868 | loss=1.0390 | diff=0.5929 | kd=0.4597 | recon=0.4001 | t=122s
  Ep 162 | step 1600/1868 | loss=0.9987 | diff=0.5962 | kd=0.3166 | recon=0.3708 | t=126s
  Ep 162 | step 1650/1868 | loss=1.0607 | diff=0.5875 | kd=0.2866 | recon=0.4446 | t=130s
  Ep 162 | step 1700/1868 | loss=0.9573 | diff=0.5921 | kd=0.3636 | recon=0.3288 | t=134s
  Ep 162 | step 1750/1868 | loss=1.0554 | diff=0.5939 | kd=0.3612 | recon=0.4253 | t=138s
  Ep 162 | step 1800/1868 | loss=1.1354 | diff=0.5926 | kd=0.4017 | recon=0.5026 | t=142s
  Ep 162 | step 1850/1868 | loss=0.9716 | diff=0.5934 | kd=0.3240 | recon=0.3458 | t=146s

  ── Epoch 162/200 (190s) ──────────────────────
  Train  loss=1.0397  diff=0.5935  kd=0.4083  recon=0.4053
  Val    loss=1.0396  RMSE=0.4895  MAE=0.4050  lr=9.56e-06

  Ep 163 | step 0000/1868 | loss=1.0358 | diff=0.5879 | kd=0.3405 | recon=0.4139 | t=1s
  Ep 163 | step 0050/1868 | loss=1.0820 | diff=0.5918 | kd=0.3588 | recon=0.4543 | t=5s
  Ep 163 | step 0100/1868 | loss=0.9876 | diff=0.5897 | kd=0.3447 | recon=0.3635 | t=8s
  Ep 163 | step 0150/1868 | loss=1.0994 | diff=0.6302 | kd=0.3291 | recon=0.4364 | t=12s
  Ep 163 | step 0200/1868 | loss=0.9308 | diff=0.5947 | kd=0.2454 | recon=0.3116 | t=16s
  Ep 163 | step 0250/1868 | loss=1.0114 | diff=0.5902 | kd=0.3430 | recon=0.3868 | t=20s
  Ep 163 | step 0300/1868 | loss=0.9831 | diff=0.5884 | kd=0.3826 | recon=0.3565 | t=24s
  Ep 163 | step 0350/1868 | loss=1.0224 | diff=0.5962 | kd=0.3865 | recon=0.3875 | t=28s
  Ep 163 | step 0400/1868 | loss=1.0299 | diff=0.5900 | kd=0.4873 | recon=0.3912 | t=32s
  Ep 163 | step 0450/1868 | loss=1.0209 | diff=0.5893 | kd=0.3864 | recon=0.3930 | t=36s
  Ep 163 | step 0500/1868 | loss=0.9968 | diff=0.5946 | kd=0.4114 | recon=0.3610 | t=40s
  Ep 163 | step 0550/1868 | loss=1.0507 | diff=0.5924 | kd=0.4077 | recon=0.4175 | t=44s
  Ep 163 | step 0600/1868 | loss=1.0431 | diff=0.5932 | kd=0.5042 | recon=0.3994 | t=48s
  Ep 163 | step 0650/1868 | loss=1.0663 | diff=0.5961 | kd=0.3249 | recon=0.4377 | t=52s
  Ep 163 | step 0700/1868 | loss=1.0613 | diff=0.5903 | kd=0.4789 | recon=0.4232 | t=56s
  Ep 163 | step 0750/1868 | loss=1.0153 | diff=0.5899 | kd=0.5262 | recon=0.3728 | t=60s
  Ep 163 | step 0800/1868 | loss=0.9959 | diff=0.5918 | kd=0.3198 | recon=0.3721 | t=64s
  Ep 163 | step 0850/1868 | loss=0.9928 | diff=0.5916 | kd=0.4081 | recon=0.3604 | t=67s
  Ep 163 | step 0900/1868 | loss=0.9514 | diff=0.5893 | kd=0.3218 | recon=0.3299 | t=71s
  Ep 163 | step 0950/1868 | loss=1.0819 | diff=0.5922 | kd=0.4089 | recon=0.4488 | t=75s
  Ep 163 | step 1000/1868 | loss=1.0950 | diff=0.5898 | kd=0.4397 | recon=0.4613 | t=79s
  Ep 163 | step 1050/1868 | loss=1.0444 | diff=0.5932 | kd=0.2662 | recon=0.4246 | t=83s
  Ep 163 | step 1100/1868 | loss=1.0757 | diff=0.5911 | kd=0.3598 | recon=0.4486 | t=87s
  Ep 163 | step 1150/1868 | loss=0.9815 | diff=0.5914 | kd=0.3001 | recon=0.3600 | t=91s
  Ep 163 | step 1200/1868 | loss=0.9324 | diff=0.5924 | kd=0.2776 | recon=0.3123 | t=95s
  Ep 163 | step 1250/1868 | loss=1.1191 | diff=0.5931 | kd=0.4365 | recon=0.4823 | t=99s
  Ep 163 | step 1300/1868 | loss=1.0466 | diff=0.5925 | kd=0.3817 | recon=0.4159 | t=103s
  Ep 163 | step 1350/1868 | loss=0.9926 | diff=0.5972 | kd=0.3628 | recon=0.3591 | t=107s
  Ep 163 | step 1400/1868 | loss=1.0855 | diff=0.5956 | kd=0.2991 | recon=0.4599 | t=111s
  Ep 163 | step 1450/1868 | loss=1.1073 | diff=0.5890 | kd=0.3847 | recon=0.4798 | t=115s
  Ep 163 | step 1500/1868 | loss=1.0218 | diff=0.5932 | kd=0.6276 | recon=0.3658 | t=118s
  Ep 163 | step 1550/1868 | loss=0.9641 | diff=0.5918 | kd=0.3230 | recon=0.3400 | t=122s
  Ep 163 | step 1600/1868 | loss=1.0448 | diff=0.5932 | kd=0.3644 | recon=0.4151 | t=126s
  Ep 163 | step 1650/1868 | loss=1.0848 | diff=0.5938 | kd=0.5365 | recon=0.4374 | t=130s
  Ep 163 | step 1700/1868 | loss=1.0189 | diff=0.5918 | kd=0.3074 | recon=0.3964 | t=134s
  Ep 163 | step 1750/1868 | loss=1.0107 | diff=0.5940 | kd=0.3625 | recon=0.3805 | t=138s
  Ep 163 | step 1800/1868 | loss=0.9903 | diff=0.5950 | kd=0.3923 | recon=0.3560 | t=142s
  Ep 163 | step 1850/1868 | loss=1.0298 | diff=0.5956 | kd=0.2662 | recon=0.4076 | t=146s

  ── Epoch 163/200 (190s) ──────────────────────
  Train  loss=1.0392  diff=0.5932  kd=0.4067  recon=0.4053
  Val    loss=1.0355  RMSE=0.4895  MAE=0.4050  lr=9.13e-06
  [BEST] Checkpoint saved → checkpoints/best_model.pth

  Ep 164 | step 0000/1868 | loss=1.0272 | diff=0.5929 | kd=0.3108 | recon=0.4032 | t=1s
  Ep 164 | step 0050/1868 | loss=0.9836 | diff=0.5934 | kd=0.4956 | recon=0.3407 | t=5s
  Ep 164 | step 0100/1868 | loss=1.0079 | diff=0.5925 | kd=0.4667 | recon=0.3687 | t=8s
  Ep 164 | step 0150/1868 | loss=1.0731 | diff=0.5950 | kd=0.4110 | recon=0.4370 | t=12s
  Ep 164 | step 0200/1868 | loss=1.0607 | diff=0.5890 | kd=0.3998 | recon=0.4317 | t=16s
  Ep 164 | step 0250/1868 | loss=1.0398 | diff=0.5949 | kd=0.6504 | recon=0.3799 | t=20s
  Ep 164 | step 0300/1868 | loss=1.0628 | diff=0.5922 | kd=0.3702 | recon=0.4336 | t=24s
  Ep 164 | step 0350/1868 | loss=1.0966 | diff=0.5903 | kd=0.4109 | recon=0.4651 | t=28s
  Ep 164 | step 0400/1868 | loss=1.0144 | diff=0.5940 | kd=0.3468 | recon=0.3857 | t=32s
  Ep 164 | step 0450/1868 | loss=1.0731 | diff=0.5925 | kd=0.5254 | recon=0.4281 | t=36s
  Ep 164 | step 0500/1868 | loss=0.9868 | diff=0.5927 | kd=0.4140 | recon=0.3526 | t=40s
  Ep 164 | step 0550/1868 | loss=1.0787 | diff=0.5933 | kd=0.4186 | recon=0.4435 | t=43s
  Ep 164 | step 0600/1868 | loss=0.9989 | diff=0.5943 | kd=0.3556 | recon=0.3690 | t=47s
  Ep 164 | step 0650/1868 | loss=1.0276 | diff=0.5910 | kd=0.4230 | recon=0.3943 | t=51s
  Ep 164 | step 0700/1868 | loss=0.9291 | diff=0.5905 | kd=0.2586 | recon=0.3128 | t=55s
  Ep 164 | step 0750/1868 | loss=1.0943 | diff=0.5888 | kd=0.3277 | recon=0.4728 | t=59s
  Ep 164 | step 0800/1868 | loss=1.0142 | diff=0.5903 | kd=0.5229 | recon=0.3716 | t=63s
  Ep 164 | step 0850/1868 | loss=0.9712 | diff=0.5929 | kd=0.3374 | recon=0.3446 | t=67s
  Ep 164 | step 0900/1868 | loss=1.0298 | diff=0.5960 | kd=0.3425 | recon=0.3995 | t=71s
  Ep 164 | step 0950/1868 | loss=1.0534 | diff=0.6282 | kd=0.4581 | recon=0.3794 | t=75s
  Ep 164 | step 1000/1868 | loss=0.9204 | diff=0.5931 | kd=0.3001 | recon=0.2973 | t=78s
  Ep 164 | step 1050/1868 | loss=1.0936 | diff=0.5938 | kd=0.3186 | recon=0.4679 | t=82s
  Ep 164 | step 1100/1868 | loss=0.9535 | diff=0.5948 | kd=0.4256 | recon=0.3161 | t=86s
  Ep 164 | step 1150/1868 | loss=1.0555 | diff=0.5929 | kd=0.3484 | recon=0.4278 | t=90s
  Ep 164 | step 1200/1868 | loss=1.0640 | diff=0.5957 | kd=0.5674 | recon=0.4116 | t=94s
  Ep 164 | step 1250/1868 | loss=1.0800 | diff=0.5904 | kd=0.5598 | recon=0.4336 | t=98s
  Ep 164 | step 1300/1868 | loss=1.0409 | diff=0.5912 | kd=0.3372 | recon=0.4160 | t=102s
  Ep 164 | step 1350/1868 | loss=1.1286 | diff=0.5944 | kd=0.4952 | recon=0.4846 | t=106s
  Ep 164 | step 1400/1868 | loss=1.1073 | diff=0.5932 | kd=0.3673 | recon=0.4773 | t=110s
  Ep 164 | step 1450/1868 | loss=0.9794 | diff=0.5929 | kd=0.2765 | recon=0.3589 | t=114s
  Ep 164 | step 1500/1868 | loss=1.0346 | diff=0.5923 | kd=0.3731 | recon=0.4049 | t=117s
  Ep 164 | step 1550/1868 | loss=1.0575 | diff=0.5908 | kd=0.3399 | recon=0.4328 | t=121s
  Ep 164 | step 1600/1868 | loss=0.9990 | diff=0.5932 | kd=0.3382 | recon=0.3720 | t=125s
  Ep 164 | step 1650/1868 | loss=0.9689 | diff=0.5941 | kd=0.4068 | recon=0.3341 | t=129s
  Ep 164 | step 1700/1868 | loss=1.0145 | diff=0.5936 | kd=0.3036 | recon=0.3906 | t=133s
  Ep 164 | step 1750/1868 | loss=1.0648 | diff=0.5925 | kd=0.4021 | recon=0.4321 | t=137s
  Ep 164 | step 1800/1868 | loss=1.0774 | diff=0.5913 | kd=0.7401 | recon=0.4121 | t=141s
  Ep 164 | step 1850/1868 | loss=0.9880 | diff=0.5923 | kd=0.3968 | recon=0.3560 | t=145s

  ── Epoch 164/200 (189s) ──────────────────────
  Train  loss=1.0390  diff=0.5932  kd=0.4053  recon=0.4053
  Val    loss=1.0354  RMSE=0.4895  MAE=0.4050  lr=8.71e-06
  [BEST] Checkpoint saved → checkpoints/best_model.pth

  Ep 165 | step 0000/1868 | loss=1.0425 | diff=0.5924 | kd=0.4222 | recon=0.4078 | t=1s
  Ep 165 | step 0050/1868 | loss=0.9893 | diff=0.5909 | kd=0.3736 | recon=0.3611 | t=4s
  Ep 165 | step 0100/1868 | loss=1.0738 | diff=0.5891 | kd=0.3398 | recon=0.4507 | t=8s
  Ep 165 | step 0150/1868 | loss=1.0947 | diff=0.5928 | kd=0.4683 | recon=0.4551 | t=12s
  Ep 165 | step 0200/1868 | loss=1.0767 | diff=0.5940 | kd=0.3681 | recon=0.4459 | t=16s
  Ep 165 | step 0250/1868 | loss=1.0285 | diff=0.5941 | kd=0.2891 | recon=0.4054 | t=20s
  Ep 165 | step 0300/1868 | loss=1.0153 | diff=0.5934 | kd=0.4045 | recon=0.3814 | t=24s
  Ep 165 | step 0350/1868 | loss=1.0959 | diff=0.5923 | kd=0.4367 | recon=0.4599 | t=28s
  Ep 165 | step 0400/1868 | loss=1.0299 | diff=0.5943 | kd=0.4507 | recon=0.3905 | t=32s
  Ep 165 | step 0450/1868 | loss=1.0017 | diff=0.5905 | kd=0.3735 | recon=0.3739 | t=35s
  Ep 165 | step 0500/1868 | loss=0.9866 | diff=0.5922 | kd=0.3034 | recon=0.3640 | t=39s
  Ep 165 | step 0550/1868 | loss=0.9371 | diff=0.5919 | kd=0.3526 | recon=0.3099 | t=43s
  Ep 165 | step 0600/1868 | loss=1.0449 | diff=0.5899 | kd=0.5064 | recon=0.4043 | t=47s
  Ep 165 | step 0650/1868 | loss=1.1582 | diff=0.5922 | kd=0.3894 | recon=0.5271 | t=51s
  Ep 165 | step 0700/1868 | loss=1.0572 | diff=0.5928 | kd=0.4954 | recon=0.4149 | t=55s
  Ep 165 | step 0750/1868 | loss=1.0120 | diff=0.5876 | kd=0.3472 | recon=0.3897 | t=59s
  Ep 165 | step 0800/1868 | loss=0.9951 | diff=0.5924 | kd=0.3740 | recon=0.3653 | t=63s
  Ep 165 | step 0850/1868 | loss=0.9927 | diff=0.5940 | kd=0.4183 | recon=0.3569 | t=67s
  Ep 165 | step 0900/1868 | loss=1.0215 | diff=0.5922 | kd=0.3220 | recon=0.3971 | t=70s
  Ep 165 | step 0950/1868 | loss=0.9387 | diff=0.5965 | kd=0.2656 | recon=0.3156 | t=74s
  Ep 165 | step 1000/1868 | loss=0.9802 | diff=0.5905 | kd=0.3383 | recon=0.3559 | t=78s
  Ep 165 | step 1050/1868 | loss=1.1241 | diff=0.5911 | kd=0.3712 | recon=0.4959 | t=82s
  Ep 165 | step 1100/1868 | loss=0.9909 | diff=0.5937 | kd=0.3099 | recon=0.3662 | t=86s
  Ep 165 | step 1150/1868 | loss=1.0581 | diff=0.5903 | kd=0.4244 | recon=0.4254 | t=90s
  Ep 165 | step 1200/1868 | loss=1.0380 | diff=0.5906 | kd=0.4623 | recon=0.4012 | t=94s
  Ep 165 | step 1250/1868 | loss=1.0973 | diff=0.5957 | kd=0.4369 | recon=0.4579 | t=98s
  Ep 165 | step 1300/1868 | loss=1.0248 | diff=0.5922 | kd=0.3406 | recon=0.3986 | t=102s
  Ep 165 | step 1350/1868 | loss=1.0168 | diff=0.5936 | kd=0.4107 | recon=0.3821 | t=105s
  Ep 165 | step 1400/1868 | loss=1.0392 | diff=0.5948 | kd=0.3408 | recon=0.4103 | t=109s
  Ep 165 | step 1450/1868 | loss=0.9706 | diff=0.5939 | kd=0.3314 | recon=0.3436 | t=113s
  Ep 165 | step 1500/1868 | loss=0.9877 | diff=0.5920 | kd=0.4403 | recon=0.3517 | t=117s
  Ep 165 | step 1550/1868 | loss=1.0183 | diff=0.5909 | kd=0.4475 | recon=0.3826 | t=121s
  Ep 165 | step 1600/1868 | loss=1.0700 | diff=0.5939 | kd=0.4637 | recon=0.4298 | t=125s
  Ep 165 | step 1650/1868 | loss=1.0226 | diff=0.5932 | kd=0.4210 | recon=0.3873 | t=129s
  Ep 165 | step 1700/1868 | loss=1.0824 | diff=0.5928 | kd=0.6735 | recon=0.4222 | t=133s
  Ep 165 | step 1750/1868 | loss=0.9996 | diff=0.5903 | kd=0.2637 | recon=0.3829 | t=136s
  Ep 165 | step 1800/1868 | loss=1.0547 | diff=0.5924 | kd=0.2882 | recon=0.4334 | t=140s
  Ep 165 | step 1850/1868 | loss=1.0341 | diff=0.5961 | kd=0.4121 | recon=0.3968 | t=144s

  ── Epoch 165/200 (189s) ──────────────────────
  Train  loss=1.0391  diff=0.5933  kd=0.4046  recon=0.4053
  Val    loss=1.0360  RMSE=0.4895  MAE=0.4050  lr=8.29e-06

  Ep 166 | step 0000/1868 | loss=1.0246 | diff=0.5923 | kd=0.2868 | recon=0.4036 | t=1s
  Ep 166 | step 0050/1868 | loss=1.0781 | diff=0.5916 | kd=0.4374 | recon=0.4428 | t=5s
  Ep 166 | step 0100/1868 | loss=1.1380 | diff=0.5945 | kd=0.3074 | recon=0.5128 | t=8s
  Ep 166 | step 0150/1868 | loss=0.9922 | diff=0.5909 | kd=0.2866 | recon=0.3726 | t=12s
  Ep 166 | step 0200/1868 | loss=0.9629 | diff=0.5926 | kd=0.4645 | recon=0.3238 | t=16s
  Ep 166 | step 0250/1868 | loss=1.0658 | diff=0.5924 | kd=0.5135 | recon=0.4220 | t=20s
  Ep 166 | step 0300/1868 | loss=1.0519 | diff=0.5926 | kd=0.4141 | recon=0.4180 | t=24s
  Ep 166 | step 0350/1868 | loss=0.9950 | diff=0.5925 | kd=0.2600 | recon=0.3765 | t=28s
  Ep 166 | step 0400/1868 | loss=1.0573 | diff=0.5974 | kd=0.2913 | recon=0.4308 | t=32s
  Ep 166 | step 0450/1868 | loss=1.0138 | diff=0.5936 | kd=0.3113 | recon=0.3890 | t=36s
  Ep 166 | step 0500/1868 | loss=1.0339 | diff=0.5883 | kd=0.3865 | recon=0.4069 | t=40s
  Ep 166 | step 0550/1868 | loss=1.0171 | diff=0.5911 | kd=0.3082 | recon=0.3952 | t=43s
  Ep 166 | step 0600/1868 | loss=1.0568 | diff=0.5881 | kd=0.4355 | recon=0.4251 | t=47s
  Ep 166 | step 0650/1868 | loss=1.0142 | diff=0.5941 | kd=0.3490 | recon=0.3852 | t=51s
  Ep 166 | step 0700/1868 | loss=1.1227 | diff=0.5899 | kd=0.3557 | recon=0.4972 | t=55s
  Ep 166 | step 0750/1868 | loss=1.1149 | diff=0.5942 | kd=0.3529 | recon=0.4854 | t=59s
  Ep 166 | step 0800/1868 | loss=1.0148 | diff=0.5897 | kd=0.4471 | recon=0.3805 | t=63s
  Ep 166 | step 0850/1868 | loss=1.0132 | diff=0.5942 | kd=0.3649 | recon=0.3825 | t=67s
  Ep 166 | step 0900/1868 | loss=1.0734 | diff=0.5928 | kd=0.4969 | recon=0.4309 | t=71s
  Ep 166 | step 0950/1868 | loss=1.1359 | diff=0.5913 | kd=0.4405 | recon=0.5006 | t=74s
  Ep 166 | step 1000/1868 | loss=0.9704 | diff=0.5965 | kd=0.5028 | recon=0.3236 | t=78s
  Ep 166 | step 1050/1868 | loss=0.9822 | diff=0.5872 | kd=0.4726 | recon=0.3477 | t=82s
  Ep 166 | step 1100/1868 | loss=1.0483 | diff=0.5959 | kd=0.3151 | recon=0.4210 | t=86s
  Ep 166 | step 1150/1868 | loss=1.0628 | diff=0.5953 | kd=0.3689 | recon=0.4306 | t=90s
  Ep 166 | step 1200/1868 | loss=1.0363 | diff=0.5937 | kd=0.3400 | recon=0.4086 | t=94s
  Ep 166 | step 1250/1868 | loss=1.0121 | diff=0.5951 | kd=0.2971 | recon=0.3873 | t=98s
  Ep 166 | step 1300/1868 | loss=1.1035 | diff=0.5941 | kd=0.2866 | recon=0.4808 | t=102s
  Ep 166 | step 1350/1868 | loss=1.0513 | diff=0.5912 | kd=0.3376 | recon=0.4263 | t=106s
  Ep 166 | step 1400/1868 | loss=0.9760 | diff=0.5902 | kd=0.3361 | recon=0.3521 | t=109s
  Ep 166 | step 1450/1868 | loss=1.0250 | diff=0.5897 | kd=0.4578 | recon=0.3895 | t=113s
  Ep 166 | step 1500/1868 | loss=0.9426 | diff=0.5932 | kd=0.3264 | recon=0.3168 | t=117s
  Ep 166 | step 1550/1868 | loss=1.0303 | diff=0.5949 | kd=0.4267 | recon=0.3928 | t=121s
  Ep 166 | step 1600/1868 | loss=1.0224 | diff=0.5927 | kd=0.4108 | recon=0.3886 | t=125s
  Ep 166 | step 1650/1868 | loss=1.0090 | diff=0.5952 | kd=0.5240 | recon=0.3614 | t=129s
  Ep 166 | step 1700/1868 | loss=1.0703 | diff=0.5943 | kd=0.2878 | recon=0.4472 | t=133s
  Ep 166 | step 1750/1868 | loss=0.9714 | diff=0.5909 | kd=0.3495 | recon=0.3455 | t=137s
  Ep 166 | step 1800/1868 | loss=1.0738 | diff=0.5926 | kd=0.4424 | recon=0.4370 | t=141s
  Ep 166 | step 1850/1868 | loss=0.9942 | diff=0.5938 | kd=0.3020 | recon=0.3702 | t=144s

  ── Epoch 166/200 (189s) ──────────────────────
  Train  loss=1.0388  diff=0.5929  kd=0.4048  recon=0.4054
  Val    loss=1.0356  RMSE=0.4895  MAE=0.4050  lr=7.89e-06

  Ep 167 | step 0000/1868 | loss=1.0214 | diff=0.5978 | kd=0.2620 | recon=0.3973 | t=1s
  Ep 167 | step 0050/1868 | loss=1.0328 | diff=0.5934 | kd=0.3905 | recon=0.4003 | t=4s
  Ep 167 | step 0100/1868 | loss=0.9999 | diff=0.5950 | kd=0.3960 | recon=0.3653 | t=8s
  Ep 167 | step 0150/1868 | loss=1.0041 | diff=0.5897 | kd=0.2865 | recon=0.3858 | t=12s
  Ep 167 | step 0200/1868 | loss=1.0100 | diff=0.5916 | kd=0.4537 | recon=0.3731 | t=16s
  Ep 167 | step 0250/1868 | loss=1.0141 | diff=0.5946 | kd=0.3492 | recon=0.3846 | t=20s
  Ep 167 | step 0300/1868 | loss=1.0698 | diff=0.5942 | kd=0.5910 | recon=0.4165 | t=24s
  Ep 167 | step 0350/1868 | loss=1.0658 | diff=0.5901 | kd=0.3249 | recon=0.4433 | t=28s
  Ep 167 | step 0400/1868 | loss=1.1171 | diff=0.5924 | kd=0.4308 | recon=0.4817 | t=32s
  Ep 167 | step 0450/1868 | loss=0.9806 | diff=0.5935 | kd=0.3606 | recon=0.3511 | t=36s
  Ep 167 | step 0500/1868 | loss=0.9800 | diff=0.6026 | kd=0.2829 | recon=0.3491 | t=39s
  Ep 167 | step 0550/1868 | loss=1.0150 | diff=0.5912 | kd=0.2733 | recon=0.3965 | t=43s
  Ep 167 | step 0600/1868 | loss=1.0481 | diff=0.5966 | kd=0.3932 | recon=0.4122 | t=47s
  Ep 167 | step 0650/1868 | loss=1.0115 | diff=0.5894 | kd=0.3911 | recon=0.3830 | t=51s
  Ep 167 | step 0700/1868 | loss=1.0533 | diff=0.5929 | kd=0.3215 | recon=0.4283 | t=55s
  Ep 167 | step 0750/1868 | loss=1.0260 | diff=0.5879 | kd=0.4354 | recon=0.3945 | t=59s
  Ep 167 | step 0800/1868 | loss=0.9744 | diff=0.5896 | kd=0.2873 | recon=0.3561 | t=63s
  Ep 167 | step 0850/1868 | loss=0.9767 | diff=0.5924 | kd=0.4444 | recon=0.3398 | t=67s
  Ep 167 | step 0900/1868 | loss=1.0584 | diff=0.5919 | kd=0.3253 | recon=0.4340 | t=71s
  Ep 167 | step 0950/1868 | loss=1.0662 | diff=0.5915 | kd=0.4647 | recon=0.4282 | t=74s
  Ep 167 | step 1000/1868 | loss=0.9911 | diff=0.5922 | kd=0.3636 | recon=0.3625 | t=78s
  Ep 167 | step 1050/1868 | loss=0.9956 | diff=0.5903 | kd=0.3234 | recon=0.3730 | t=82s
  Ep 167 | step 1100/1868 | loss=0.9484 | diff=0.5904 | kd=0.4423 | recon=0.3138 | t=86s
  Ep 167 | step 1150/1868 | loss=1.0347 | diff=0.5940 | kd=0.3829 | recon=0.4024 | t=90s
  Ep 167 | step 1200/1868 | loss=1.0143 | diff=0.6013 | kd=0.6918 | recon=0.3437 | t=94s
  Ep 167 | step 1250/1868 | loss=1.1491 | diff=0.5937 | kd=0.4163 | recon=0.5138 | t=98s
  Ep 167 | step 1300/1868 | loss=1.0585 | diff=0.5905 | kd=0.3124 | recon=0.4367 | t=102s
  Ep 167 | step 1350/1868 | loss=1.0925 | diff=0.5942 | kd=0.3395 | recon=0.4644 | t=105s
  Ep 167 | step 1400/1868 | loss=1.0467 | diff=0.5967 | kd=0.3681 | recon=0.4132 | t=109s
  Ep 167 | step 1450/1868 | loss=0.9770 | diff=0.5914 | kd=0.3020 | recon=0.3554 | t=113s
  Ep 167 | step 1500/1868 | loss=1.1473 | diff=0.5923 | kd=0.5278 | recon=0.5022 | t=117s
  Ep 167 | step 1550/1868 | loss=1.0146 | diff=0.5904 | kd=0.4414 | recon=0.3800 | t=121s
  Ep 167 | step 1600/1868 | loss=1.1085 | diff=0.5941 | kd=0.3403 | recon=0.4803 | t=125s
  Ep 167 | step 1650/1868 | loss=1.0361 | diff=0.5923 | kd=0.3813 | recon=0.4056 | t=129s
  Ep 167 | step 1700/1868 | loss=1.0458 | diff=0.5884 | kd=0.2839 | recon=0.4290 | t=133s
  Ep 167 | step 1750/1868 | loss=1.0694 | diff=0.5936 | kd=0.4159 | recon=0.4342 | t=136s
  Ep 167 | step 1800/1868 | loss=1.0497 | diff=0.5927 | kd=0.4652 | recon=0.4106 | t=140s
  Ep 167 | step 1850/1868 | loss=0.9791 | diff=0.5928 | kd=0.3166 | recon=0.3546 | t=144s

  ── Epoch 167/200 (188s) ──────────────────────
  Train  loss=1.0385  diff=0.5927  kd=0.4051  recon=0.4053
  Val    loss=1.0381  RMSE=0.4895  MAE=0.4050  lr=7.50e-06

  Ep 168 | step 0000/1868 | loss=1.0608 | diff=0.5951 | kd=0.6161 | recon=0.4041 | t=1s
  Ep 168 | step 0050/1868 | loss=1.0178 | diff=0.5893 | kd=0.4154 | recon=0.3870 | t=5s
  Ep 168 | step 0100/1868 | loss=1.0277 | diff=0.5879 | kd=0.4687 | recon=0.3929 | t=8s
  Ep 168 | step 0150/1868 | loss=0.9813 | diff=0.5935 | kd=0.2516 | recon=0.3627 | t=12s
  Ep 168 | step 0200/1868 | loss=1.0998 | diff=0.5929 | kd=0.4430 | recon=0.4626 | t=16s
  Ep 168 | step 0250/1868 | loss=1.0055 | diff=0.5869 | kd=0.3376 | recon=0.3848 | t=20s
  Ep 168 | step 0300/1868 | loss=1.1079 | diff=0.5921 | kd=0.3213 | recon=0.4837 | t=24s
  Ep 168 | step 0350/1868 | loss=1.0799 | diff=0.5936 | kd=0.3797 | recon=0.4483 | t=28s
  Ep 168 | step 0400/1868 | loss=1.0881 | diff=0.5950 | kd=0.4238 | recon=0.4507 | t=32s
  Ep 168 | step 0450/1868 | loss=1.0313 | diff=0.5936 | kd=0.2527 | recon=0.4124 | t=36s
  Ep 168 | step 0500/1868 | loss=1.0358 | diff=0.5914 | kd=0.4131 | recon=0.4031 | t=40s
  Ep 168 | step 0550/1868 | loss=1.1003 | diff=0.5927 | kd=0.3430 | recon=0.4733 | t=44s
  Ep 168 | step 0600/1868 | loss=0.9902 | diff=0.5880 | kd=0.3372 | recon=0.3686 | t=48s
  Ep 168 | step 0650/1868 | loss=1.0435 | diff=0.5915 | kd=0.6771 | recon=0.3843 | t=52s
  Ep 168 | step 0700/1868 | loss=1.0605 | diff=0.5936 | kd=0.3517 | recon=0.4317 | t=56s
  Ep 168 | step 0750/1868 | loss=1.0649 | diff=0.5903 | kd=0.4095 | recon=0.4336 | t=59s
  Ep 168 | step 0800/1868 | loss=1.0477 | diff=0.5914 | kd=0.4115 | recon=0.4151 | t=63s
  Ep 168 | step 0850/1868 | loss=1.0302 | diff=0.5891 | kd=0.4548 | recon=0.3956 | t=67s
  Ep 168 | step 0900/1868 | loss=1.0427 | diff=0.5877 | kd=0.3059 | recon=0.4245 | t=71s
  Ep 168 | step 0950/1868 | loss=0.9989 | diff=0.5905 | kd=0.4595 | recon=0.3625 | t=75s
  Ep 168 | step 1000/1868 | loss=1.0593 | diff=0.5953 | kd=0.4023 | recon=0.4238 | t=79s
  Ep 168 | step 1050/1868 | loss=1.0405 | diff=0.5940 | kd=0.5193 | recon=0.3945 | t=83s
  Ep 168 | step 1100/1868 | loss=1.0400 | diff=0.5866 | kd=0.5665 | recon=0.3968 | t=87s
  Ep 168 | step 1150/1868 | loss=0.9778 | diff=0.5890 | kd=0.2879 | recon=0.3601 | t=91s
  Ep 168 | step 1200/1868 | loss=1.0145 | diff=0.5952 | kd=0.4561 | recon=0.3737 | t=95s
  Ep 168 | step 1250/1868 | loss=0.9701 | diff=0.5950 | kd=0.2525 | recon=0.3499 | t=99s
  Ep 168 | step 1300/1868 | loss=1.1321 | diff=0.5910 | kd=0.5679 | recon=0.4843 | t=103s
  Ep 168 | step 1350/1868 | loss=0.9888 | diff=0.5904 | kd=0.3813 | recon=0.3603 | t=107s
  Ep 168 | step 1400/1868 | loss=1.0545 | diff=0.5894 | kd=0.7642 | recon=0.3886 | t=111s
  Ep 168 | step 1450/1868 | loss=1.0736 | diff=0.5921 | kd=0.5603 | recon=0.4254 | t=115s
  Ep 168 | step 1500/1868 | loss=1.0355 | diff=0.5933 | kd=0.5274 | recon=0.3895 | t=119s
  Ep 168 | step 1550/1868 | loss=0.9568 | diff=0.5898 | kd=0.2912 | recon=0.3378 | t=122s
  Ep 168 | step 1600/1868 | loss=1.0651 | diff=0.5929 | kd=0.5438 | recon=0.4178 | t=126s
  Ep 168 | step 1650/1868 | loss=1.0175 | diff=0.5895 | kd=0.3484 | recon=0.3932 | t=130s
  Ep 168 | step 1700/1868 | loss=1.1257 | diff=0.5908 | kd=0.2772 | recon=0.5071 | t=134s
  Ep 168 | step 1750/1868 | loss=0.9941 | diff=0.5936 | kd=0.2735 | recon=0.3732 | t=138s
  Ep 168 | step 1800/1868 | loss=1.0691 | diff=0.5999 | kd=0.7851 | recon=0.3906 | t=142s
  Ep 168 | step 1850/1868 | loss=1.0523 | diff=0.5972 | kd=0.3877 | recon=0.4164 | t=146s

  ── Epoch 168/200 (190s) ──────────────────────
  Train  loss=1.0387  diff=0.5930  kd=0.4033  recon=0.4053
  Val    loss=1.0356  RMSE=0.4895  MAE=0.4050  lr=7.12e-06

  Ep 169 | step 0000/1868 | loss=1.0091 | diff=0.5908 | kd=0.3729 | recon=0.3810 | t=1s
  Ep 169 | step 0050/1868 | loss=1.0579 | diff=0.5939 | kd=0.4052 | recon=0.4234 | t=5s
  Ep 169 | step 0100/1868 | loss=1.0190 | diff=0.5947 | kd=0.3694 | recon=0.3874 | t=8s
  Ep 169 | step 0150/1868 | loss=1.0047 | diff=0.5899 | kd=0.4421 | recon=0.3706 | t=12s
  Ep 169 | step 0200/1868 | loss=1.1158 | diff=0.5989 | kd=0.7642 | recon=0.4405 | t=16s
  Ep 169 | step 0250/1868 | loss=1.0554 | diff=0.5914 | kd=0.4097 | recon=0.4231 | t=20s
  Ep 169 | step 0300/1868 | loss=1.0357 | diff=0.5917 | kd=0.2749 | recon=0.4165 | t=24s
  Ep 169 | step 0350/1868 | loss=1.0092 | diff=0.5894 | kd=0.3469 | recon=0.3851 | t=28s
  Ep 169 | step 0400/1868 | loss=0.9862 | diff=0.5916 | kd=0.2618 | recon=0.3684 | t=32s
  Ep 169 | step 0450/1868 | loss=1.1199 | diff=0.5951 | kd=0.4106 | recon=0.4837 | t=36s
  Ep 169 | step 0500/1868 | loss=1.0682 | diff=0.5932 | kd=0.2781 | recon=0.4472 | t=40s
  Ep 169 | step 0550/1868 | loss=1.0302 | diff=0.5917 | kd=0.3083 | recon=0.4077 | t=44s
  Ep 169 | step 0600/1868 | loss=0.9199 | diff=0.5939 | kd=0.3029 | recon=0.2957 | t=48s
  Ep 169 | step 0650/1868 | loss=0.9750 | diff=0.5927 | kd=0.3426 | recon=0.3480 | t=52s
  Ep 169 | step 0700/1868 | loss=0.9564 | diff=0.5990 | kd=0.4626 | recon=0.3111 | t=56s
  Ep 169 | step 0750/1868 | loss=1.0627 | diff=0.5947 | kd=0.5542 | recon=0.4127 | t=60s
  Ep 169 | step 0800/1868 | loss=1.1344 | diff=0.5929 | kd=0.5169 | recon=0.4898 | t=63s
  Ep 169 | step 0850/1868 | loss=1.0220 | diff=0.5924 | kd=0.6050 | recon=0.3691 | t=67s
  Ep 169 | step 0900/1868 | loss=1.0370 | diff=0.5924 | kd=0.2972 | recon=0.4149 | t=71s
  Ep 169 | step 0950/1868 | loss=1.0051 | diff=0.5940 | kd=0.2852 | recon=0.3826 | t=75s
  Ep 169 | step 1000/1868 | loss=1.0212 | diff=0.5907 | kd=0.4261 | recon=0.3880 | t=79s
  Ep 169 | step 1050/1868 | loss=0.9944 | diff=0.5936 | kd=0.4003 | recon=0.3608 | t=83s
  Ep 169 | step 1100/1868 | loss=1.0503 | diff=0.5916 | kd=0.3444 | recon=0.4243 | t=87s
  Ep 169 | step 1150/1868 | loss=1.0335 | diff=0.5909 | kd=0.5922 | recon=0.3833 | t=91s
  Ep 169 | step 1200/1868 | loss=1.0251 | diff=0.5904 | kd=0.3171 | recon=0.4029 | t=95s
  Ep 169 | step 1250/1868 | loss=1.0003 | diff=0.5926 | kd=0.4653 | recon=0.3612 | t=99s
  Ep 169 | step 1300/1868 | loss=1.1061 | diff=0.5964 | kd=0.3707 | recon=0.4727 | t=102s
  Ep 169 | step 1350/1868 | loss=1.0851 | diff=0.5892 | kd=0.4635 | recon=0.4495 | t=106s
  Ep 169 | step 1400/1868 | loss=0.9893 | diff=0.5921 | kd=0.3181 | recon=0.3654 | t=110s
  Ep 169 | step 1450/1868 | loss=0.9985 | diff=0.5906 | kd=0.4758 | recon=0.3602 | t=114s
  Ep 169 | step 1500/1868 | loss=1.0150 | diff=0.5911 | kd=0.2628 | recon=0.3977 | t=118s
  Ep 169 | step 1550/1868 | loss=1.0243 | diff=0.5944 | kd=0.3551 | recon=0.3944 | t=122s
  Ep 169 | step 1600/1868 | loss=1.1040 | diff=0.5915 | kd=0.4591 | recon=0.4666 | t=126s
  Ep 169 | step 1650/1868 | loss=1.0171 | diff=0.6002 | kd=0.4919 | recon=0.3678 | t=130s
  Ep 169 | step 1700/1868 | loss=1.0420 | diff=0.5918 | kd=0.3528 | recon=0.4149 | t=134s
  Ep 169 | step 1750/1868 | loss=1.0712 | diff=0.5936 | kd=0.3444 | recon=0.4433 | t=137s
  Ep 169 | step 1800/1868 | loss=1.0349 | diff=0.5932 | kd=0.3664 | recon=0.4050 | t=141s
  Ep 169 | step 1850/1868 | loss=0.9515 | diff=0.5974 | kd=0.3257 | recon=0.3215 | t=145s

  ── Epoch 169/200 (189s) ──────────────────────
  Train  loss=1.0385  diff=0.5929  kd=0.4031  recon=0.4053
  Val    loss=1.0357  RMSE=0.4895  MAE=0.4050  lr=6.75e-06

  Ep 170 | step 0000/1868 | loss=1.0805 | diff=0.5905 | kd=0.4037 | recon=0.4497 | t=1s
  Ep 170 | step 0050/1868 | loss=1.0891 | diff=0.5934 | kd=0.3106 | recon=0.4646 | t=4s
  Ep 170 | step 0100/1868 | loss=1.1162 | diff=0.5892 | kd=0.4134 | recon=0.4856 | t=8s
  Ep 170 | step 0150/1868 | loss=1.0321 | diff=0.5945 | kd=0.3229 | recon=0.4053 | t=12s
  Ep 170 | step 0200/1868 | loss=1.0349 | diff=0.6057 | kd=0.4399 | recon=0.3853 | t=16s
  Ep 170 | step 0250/1868 | loss=1.0657 | diff=0.5915 | kd=0.4207 | recon=0.4321 | t=20s
  Ep 170 | step 0300/1868 | loss=1.0026 | diff=0.5921 | kd=0.3020 | recon=0.3803 | t=24s
  Ep 170 | step 0350/1868 | loss=1.0204 | diff=0.5932 | kd=0.3067 | recon=0.3965 | t=28s
  Ep 170 | step 0400/1868 | loss=1.0170 | diff=0.5898 | kd=0.2571 | recon=0.4016 | t=32s
  Ep 170 | step 0450/1868 | loss=1.0095 | diff=0.5921 | kd=0.4235 | recon=0.3751 | t=36s
  Ep 170 | step 0500/1868 | loss=0.9703 | diff=0.5914 | kd=0.2825 | recon=0.3507 | t=39s
  Ep 170 | step 0550/1868 | loss=1.0227 | diff=0.5917 | kd=0.3529 | recon=0.3957 | t=43s
  Ep 170 | step 0600/1868 | loss=1.0488 | diff=0.5917 | kd=0.4196 | recon=0.4151 | t=47s
  Ep 170 | step 0650/1868 | loss=1.0399 | diff=0.5913 | kd=0.4215 | recon=0.4064 | t=51s
  Ep 170 | step 0700/1868 | loss=1.0172 | diff=0.5889 | kd=0.3813 | recon=0.3902 | t=55s
  Ep 170 | step 0750/1868 | loss=1.0347 | diff=0.5884 | kd=0.2460 | recon=0.4218 | t=59s
  Ep 170 | step 0800/1868 | loss=1.0180 | diff=0.5883 | kd=0.3860 | recon=0.3911 | t=63s
  Ep 170 | step 0850/1868 | loss=1.0048 | diff=0.5899 | kd=0.3664 | recon=0.3782 | t=67s
  Ep 170 | step 0900/1868 | loss=1.1080 | diff=0.5928 | kd=0.5840 | recon=0.4567 | t=71s
  Ep 170 | step 0950/1868 | loss=0.9936 | diff=0.5933 | kd=0.4253 | recon=0.3577 | t=75s
  Ep 170 | step 1000/1868 | loss=1.0541 | diff=0.5875 | kd=0.4519 | recon=0.4214 | t=78s
  Ep 170 | step 1050/1868 | loss=0.9403 | diff=0.5908 | kd=0.3184 | recon=0.3177 | t=82s
  Ep 170 | step 1100/1868 | loss=1.0471 | diff=0.5936 | kd=0.3270 | recon=0.4209 | t=86s
  Ep 170 | step 1150/1868 | loss=1.0000 | diff=0.5962 | kd=0.4048 | recon=0.3632 | t=90s
  Ep 170 | step 1200/1868 | loss=0.9821 | diff=0.5915 | kd=0.3830 | recon=0.3524 | t=94s
  Ep 170 | step 1250/1868 | loss=1.0185 | diff=0.5942 | kd=0.3493 | recon=0.3894 | t=98s
  Ep 170 | step 1300/1868 | loss=1.0158 | diff=0.5916 | kd=0.6119 | recon=0.3630 | t=102s
  Ep 170 | step 1350/1868 | loss=0.9891 | diff=0.5927 | kd=0.3634 | recon=0.3601 | t=106s
  Ep 170 | step 1400/1868 | loss=1.1822 | diff=0.5915 | kd=0.9207 | recon=0.4987 | t=110s
  Ep 170 | step 1450/1868 | loss=1.0093 | diff=0.5940 | kd=0.5488 | recon=0.3605 | t=113s
  Ep 170 | step 1500/1868 | loss=1.1274 | diff=0.5993 | kd=0.3942 | recon=0.4887 | t=117s
  Ep 170 | step 1550/1868 | loss=0.9990 | diff=0.5930 | kd=0.2622 | recon=0.3798 | t=121s
  Ep 170 | step 1600/1868 | loss=1.0049 | diff=0.5924 | kd=0.4554 | recon=0.3670 | t=125s
  Ep 170 | step 1650/1868 | loss=1.0030 | diff=0.5915 | kd=0.3569 | recon=0.3759 | t=129s
  Ep 170 | step 1700/1868 | loss=1.0591 | diff=0.5927 | kd=0.4331 | recon=0.4230 | t=133s
  Ep 170 | step 1750/1868 | loss=1.0926 | diff=0.5942 | kd=0.4644 | recon=0.4520 | t=137s
  Ep 170 | step 1800/1868 | loss=1.0751 | diff=0.5936 | kd=0.3971 | recon=0.4418 | t=141s
  Ep 170 | step 1850/1868 | loss=1.0937 | diff=0.5948 | kd=0.3175 | recon=0.4672 | t=145s

  ── Epoch 170/200 (189s) ──────────────────────
  Train  loss=1.0382  diff=0.5927  kd=0.4024  recon=0.4053
  Val    loss=1.0353  RMSE=0.4895  MAE=0.4050  lr=6.40e-06
  [BEST] Checkpoint saved → checkpoints/best_model.pth
  [EP170] Checkpoint saved → checkpoints/epoch_170.pth

  Ep 171 | step 0000/1868 | loss=1.0035 | diff=0.5897 | kd=0.5608 | recon=0.3577 | t=0s
  Ep 171 | step 0050/1868 | loss=1.0148 | diff=0.5925 | kd=0.3130 | recon=0.3911 | t=4s
  Ep 171 | step 0100/1868 | loss=0.9496 | diff=0.5941 | kd=0.4105 | recon=0.3145 | t=8s
  Ep 171 | step 0150/1868 | loss=1.0304 | diff=0.5924 | kd=0.3288 | recon=0.4051 | t=12s
  Ep 171 | step 0200/1868 | loss=1.0059 | diff=0.5911 | kd=0.2972 | recon=0.3852 | t=16s
  Ep 171 | step 0250/1868 | loss=1.1367 | diff=0.5911 | kd=0.3191 | recon=0.5137 | t=20s
  Ep 171 | step 0300/1868 | loss=1.0557 | diff=0.5953 | kd=0.3803 | recon=0.4224 | t=24s
  Ep 171 | step 0350/1868 | loss=1.0260 | diff=0.5946 | kd=0.3852 | recon=0.3929 | t=28s
  Ep 171 | step 0400/1868 | loss=1.0066 | diff=0.5929 | kd=0.3443 | recon=0.3793 | t=32s
  Ep 171 | step 0450/1868 | loss=1.0389 | diff=0.5922 | kd=0.3531 | recon=0.4113 | t=36s
  Ep 171 | step 0500/1868 | loss=0.9523 | diff=0.5921 | kd=0.2254 | recon=0.3376 | t=39s
  Ep 171 | step 0550/1868 | loss=1.1040 | diff=0.5925 | kd=0.4757 | recon=0.4639 | t=43s
  Ep 171 | step 0600/1868 | loss=1.0559 | diff=0.5898 | kd=0.3409 | recon=0.4320 | t=47s
  Ep 171 | step 0650/1868 | loss=1.0080 | diff=0.5921 | kd=0.4727 | recon=0.3686 | t=51s
  Ep 171 | step 0700/1868 | loss=1.0525 | diff=0.5871 | kd=0.3507 | recon=0.4303 | t=55s
  Ep 171 | step 0750/1868 | loss=1.0459 | diff=0.5921 | kd=0.6054 | recon=0.3932 | t=59s
  Ep 171 | step 0800/1868 | loss=1.0150 | diff=0.5938 | kd=0.3244 | recon=0.3888 | t=63s
  Ep 171 | step 0850/1868 | loss=1.0278 | diff=0.5876 | kd=0.4825 | recon=0.3919 | t=67s
  Ep 171 | step 0900/1868 | loss=1.0377 | diff=0.5914 | kd=0.2850 | recon=0.4178 | t=70s
  Ep 171 | step 0950/1868 | loss=1.0618 | diff=0.5904 | kd=0.3789 | recon=0.4335 | t=74s
  Ep 171 | step 1000/1868 | loss=1.0647 | diff=0.5897 | kd=0.4655 | recon=0.4284 | t=78s
  Ep 171 | step 1050/1868 | loss=1.0518 | diff=0.5933 | kd=0.3530 | recon=0.4232 | t=82s
  Ep 171 | step 1100/1868 | loss=1.0548 | diff=0.5932 | kd=0.4030 | recon=0.4213 | t=86s
  Ep 171 | step 1150/1868 | loss=0.9615 | diff=0.5895 | kd=0.3790 | recon=0.3341 | t=90s
  Ep 171 | step 1200/1868 | loss=1.0380 | diff=0.5943 | kd=0.2941 | recon=0.4143 | t=94s
  Ep 171 | step 1250/1868 | loss=1.0951 | diff=0.6011 | kd=0.6404 | recon=0.4300 | t=98s
  Ep 171 | step 1300/1868 | loss=0.9823 | diff=0.5950 | kd=0.4509 | recon=0.3422 | t=101s
  Ep 171 | step 1350/1868 | loss=1.0350 | diff=0.5912 | kd=0.3744 | recon=0.4064 | t=105s
  Ep 171 | step 1400/1868 | loss=1.0215 | diff=0.5881 | kd=0.2754 | recon=0.4058 | t=109s
  Ep 171 | step 1450/1868 | loss=1.1005 | diff=0.5929 | kd=0.3756 | recon=0.4700 | t=113s
  Ep 171 | step 1500/1868 | loss=1.0174 | diff=0.5962 | kd=0.3051 | recon=0.3906 | t=117s
  Ep 171 | step 1550/1868 | loss=0.9806 | diff=0.5932 | kd=0.3930 | recon=0.3481 | t=121s
  Ep 171 | step 1600/1868 | loss=1.0341 | diff=0.5942 | kd=0.3327 | recon=0.4066 | t=125s
  Ep 171 | step 1650/1868 | loss=1.1069 | diff=0.5893 | kd=0.4838 | recon=0.4692 | t=129s
  Ep 171 | step 1700/1868 | loss=1.0894 | diff=0.5875 | kd=0.3249 | recon=0.4694 | t=132s
  Ep 171 | step 1750/1868 | loss=0.9749 | diff=0.5915 | kd=0.4428 | recon=0.3392 | t=136s
  Ep 171 | step 1800/1868 | loss=1.0517 | diff=0.5898 | kd=0.2969 | recon=0.4322 | t=140s
  Ep 171 | step 1850/1868 | loss=1.0268 | diff=0.5944 | kd=0.4863 | recon=0.3839 | t=144s

  ── Epoch 171/200 (188s) ──────────────────────
  Train  loss=1.0379  diff=0.5924  kd=0.4017  recon=0.4054
  Val    loss=1.0348  RMSE=0.4895  MAE=0.4050  lr=6.05e-06
  [BEST] Checkpoint saved → checkpoints/best_model.pth

  Ep 172 | step 0000/1868 | loss=1.0728 | diff=0.5898 | kd=0.3441 | recon=0.4486 | t=1s
  Ep 172 | step 0050/1868 | loss=1.0380 | diff=0.5913 | kd=0.3845 | recon=0.4083 | t=4s
  Ep 172 | step 0100/1868 | loss=1.0742 | diff=0.5935 | kd=0.5956 | recon=0.4212 | t=8s
  Ep 172 | step 0150/1868 | loss=1.0113 | diff=0.5974 | kd=0.4090 | recon=0.3730 | t=12s
  Ep 172 | step 0200/1868 | loss=1.0904 | diff=0.5908 | kd=0.5309 | recon=0.4464 | t=16s
  Ep 172 | step 0250/1868 | loss=1.0233 | diff=0.5923 | kd=0.3768 | recon=0.3933 | t=20s
  Ep 172 | step 0300/1868 | loss=1.0723 | diff=0.5858 | kd=0.4446 | recon=0.4421 | t=24s
  Ep 172 | step 0350/1868 | loss=1.0749 | diff=0.5898 | kd=0.2797 | recon=0.4571 | t=28s
  Ep 172 | step 0400/1868 | loss=1.0166 | diff=0.5931 | kd=0.3413 | recon=0.3894 | t=32s
  Ep 172 | step 0450/1868 | loss=1.0317 | diff=0.5924 | kd=0.3954 | recon=0.3998 | t=35s
  Ep 172 | step 0500/1868 | loss=1.0891 | diff=0.6296 | kd=0.5748 | recon=0.4021 | t=39s
  Ep 172 | step 0550/1868 | loss=1.1593 | diff=0.5916 | kd=0.4888 | recon=0.5187 | t=43s
  Ep 172 | step 0600/1868 | loss=1.0343 | diff=0.5935 | kd=0.3663 | recon=0.4041 | t=47s
  Ep 172 | step 0650/1868 | loss=1.0813 | diff=0.5938 | kd=0.3010 | recon=0.4574 | t=51s
  Ep 172 | step 0700/1868 | loss=1.0723 | diff=0.5921 | kd=0.4394 | recon=0.4363 | t=55s
  Ep 172 | step 0750/1868 | loss=0.9677 | diff=0.5905 | kd=0.3791 | recon=0.3393 | t=59s
  Ep 172 | step 0800/1868 | loss=1.0798 | diff=0.5923 | kd=0.2802 | recon=0.4594 | t=63s
  Ep 172 | step 0850/1868 | loss=1.0824 | diff=0.5933 | kd=0.3455 | recon=0.4545 | t=67s
  Ep 172 | step 0900/1868 | loss=0.9809 | diff=0.5901 | kd=0.3040 | recon=0.3604 | t=70s
  Ep 172 | step 0950/1868 | loss=1.0454 | diff=0.5893 | kd=0.3206 | recon=0.4240 | t=74s
  Ep 172 | step 1000/1868 | loss=1.0233 | diff=0.5917 | kd=0.4681 | recon=0.3847 | t=78s
  Ep 172 | step 1050/1868 | loss=1.0693 | diff=0.5938 | kd=0.4336 | recon=0.4321 | t=82s
  Ep 172 | step 1100/1868 | loss=1.0315 | diff=0.5913 | kd=0.3638 | recon=0.4038 | t=86s
  Ep 172 | step 1150/1868 | loss=1.0333 | diff=0.5915 | kd=0.5595 | recon=0.3859 | t=90s
  Ep 172 | step 1200/1868 | loss=1.0109 | diff=0.5919 | kd=0.2956 | recon=0.3894 | t=94s
  Ep 172 | step 1250/1868 | loss=0.9825 | diff=0.5918 | kd=0.3322 | recon=0.3575 | t=98s
  Ep 172 | step 1300/1868 | loss=1.0425 | diff=0.5918 | kd=0.5202 | recon=0.3987 | t=101s
  Ep 172 | step 1350/1868 | loss=1.0743 | diff=0.5956 | kd=0.5726 | recon=0.4215 | t=105s
  Ep 172 | step 1400/1868 | loss=0.9963 | diff=0.5977 | kd=0.3153 | recon=0.3671 | t=109s
  Ep 172 | step 1450/1868 | loss=0.9647 | diff=0.5867 | kd=0.4151 | recon=0.3365 | t=113s
  Ep 172 | step 1500/1868 | loss=1.0253 | diff=0.5954 | kd=0.4747 | recon=0.3825 | t=117s
  Ep 172 | step 1550/1868 | loss=0.9538 | diff=0.5915 | kd=0.4295 | recon=0.3193 | t=121s
  Ep 172 | step 1600/1868 | loss=1.0511 | diff=0.5894 | kd=0.3746 | recon=0.4242 | t=125s
  Ep 172 | step 1650/1868 | loss=1.0145 | diff=0.5886 | kd=0.3512 | recon=0.3908 | t=129s
  Ep 172 | step 1700/1868 | loss=0.9754 | diff=0.5892 | kd=0.2413 | recon=0.3621 | t=133s
  Ep 172 | step 1750/1868 | loss=1.0722 | diff=0.5903 | kd=0.2682 | recon=0.4551 | t=136s
  Ep 172 | step 1800/1868 | loss=1.0118 | diff=0.5896 | kd=0.2987 | recon=0.3923 | t=140s
  Ep 172 | step 1850/1868 | loss=1.0051 | diff=0.5896 | kd=0.3184 | recon=0.3837 | t=144s

  ── Epoch 172/200 (188s) ──────────────────────
  Train  loss=1.0380  diff=0.5925  kd=0.4011  recon=0.4053
  Val    loss=1.0376  RMSE=0.4895  MAE=0.4050  lr=5.71e-06

  Ep 173 | step 0000/1868 | loss=1.0172 | diff=0.5932 | kd=0.3098 | recon=0.3930 | t=1s
  Ep 173 | step 0050/1868 | loss=1.0897 | diff=0.5949 | kd=0.3028 | recon=0.4645 | t=4s
  Ep 173 | step 0100/1868 | loss=0.9735 | diff=0.5906 | kd=0.3597 | recon=0.3469 | t=8s
  Ep 173 | step 0150/1868 | loss=1.0772 | diff=0.5912 | kd=0.5780 | recon=0.4282 | t=12s
  Ep 173 | step 0200/1868 | loss=1.0268 | diff=0.5928 | kd=0.3487 | recon=0.3992 | t=16s
  Ep 173 | step 0250/1868 | loss=0.9575 | diff=0.5942 | kd=0.4187 | recon=0.3214 | t=20s
  Ep 173 | step 0300/1868 | loss=0.9968 | diff=0.5995 | kd=0.2971 | recon=0.3676 | t=24s
  Ep 173 | step 0350/1868 | loss=1.1038 | diff=0.5982 | kd=0.7290 | recon=0.4328 | t=28s
  Ep 173 | step 0400/1868 | loss=1.0171 | diff=0.5947 | kd=0.3707 | recon=0.3854 | t=32s
  Ep 173 | step 0450/1868 | loss=1.0070 | diff=0.5919 | kd=0.4739 | recon=0.3677 | t=36s
  Ep 173 | step 0500/1868 | loss=1.0198 | diff=0.5917 | kd=0.3280 | recon=0.3953 | t=39s
  Ep 173 | step 0550/1868 | loss=1.0805 | diff=0.5909 | kd=0.3569 | recon=0.4539 | t=43s
  Ep 173 | step 0600/1868 | loss=1.1179 | diff=0.5916 | kd=0.5335 | recon=0.4729 | t=47s
  Ep 173 | step 0650/1868 | loss=0.9896 | diff=0.5913 | kd=0.5505 | recon=0.3433 | t=51s
  Ep 173 | step 0700/1868 | loss=1.1302 | diff=0.5915 | kd=0.4910 | recon=0.4896 | t=55s
  Ep 173 | step 0750/1868 | loss=1.1329 | diff=0.5916 | kd=0.5282 | recon=0.4885 | t=59s
  Ep 173 | step 0800/1868 | loss=1.0434 | diff=0.5908 | kd=0.2374 | recon=0.4289 | t=63s
  Ep 173 | step 0850/1868 | loss=0.9729 | diff=0.5912 | kd=0.3004 | recon=0.3517 | t=67s
  Ep 173 | step 0900/1868 | loss=1.0803 | diff=0.5913 | kd=0.8152 | recon=0.4075 | t=71s
  Ep 173 | step 0950/1868 | loss=0.9993 | diff=0.5913 | kd=0.4905 | recon=0.3590 | t=75s
  Ep 173 | step 1000/1868 | loss=1.0706 | diff=0.5947 | kd=0.3527 | recon=0.4406 | t=79s
  Ep 173 | step 1050/1868 | loss=1.1029 | diff=0.5928 | kd=0.5508 | recon=0.4550 | t=83s
  Ep 173 | step 1100/1868 | loss=0.9702 | diff=0.5912 | kd=0.3878 | recon=0.3403 | t=87s
  Ep 173 | step 1150/1868 | loss=1.0135 | diff=0.5942 | kd=0.2916 | recon=0.3902 | t=91s
  Ep 173 | step 1200/1868 | loss=1.0000 | diff=0.5909 | kd=0.3892 | recon=0.3702 | t=95s
  Ep 173 | step 1250/1868 | loss=0.9826 | diff=0.5937 | kd=0.3891 | recon=0.3500 | t=98s
  Ep 173 | step 1300/1868 | loss=1.1002 | diff=0.5984 | kd=0.2733 | recon=0.4745 | t=102s
  Ep 173 | step 1350/1868 | loss=1.0038 | diff=0.5901 | kd=0.3657 | recon=0.3772 | t=106s
  Ep 173 | step 1400/1868 | loss=1.1272 | diff=0.5913 | kd=0.3581 | recon=0.5001 | t=110s
  Ep 173 | step 1450/1868 | loss=1.0087 | diff=0.5921 | kd=0.3083 | recon=0.3858 | t=114s
  Ep 173 | step 1500/1868 | loss=0.9729 | diff=0.5944 | kd=0.3638 | recon=0.3422 | t=118s
  Ep 173 | step 1550/1868 | loss=1.0055 | diff=0.5942 | kd=0.2779 | recon=0.3835 | t=122s
  Ep 173 | step 1600/1868 | loss=1.0027 | diff=0.5924 | kd=0.3737 | recon=0.3729 | t=126s
  Ep 173 | step 1650/1868 | loss=1.0265 | diff=0.5913 | kd=0.3336 | recon=0.4019 | t=130s
  Ep 173 | step 1700/1868 | loss=1.0844 | diff=0.5950 | kd=0.3241 | recon=0.4570 | t=133s
  Ep 173 | step 1750/1868 | loss=1.1144 | diff=0.5955 | kd=0.2826 | recon=0.4906 | t=137s
  Ep 173 | step 1800/1868 | loss=1.0499 | diff=0.5926 | kd=0.4274 | recon=0.4145 | t=141s
  Ep 173 | step 1850/1868 | loss=0.9350 | diff=0.5932 | kd=0.3452 | recon=0.3073 | t=145s

  ── Epoch 173/200 (189s) ──────────────────────
  Train  loss=1.0379  diff=0.5925  kd=0.4011  recon=0.4053
  Val    loss=1.0351  RMSE=0.4895  MAE=0.4050  lr=5.39e-06

  Ep 174 | step 0000/1868 | loss=1.0790 | diff=0.5916 | kd=0.6381 | recon=0.4236 | t=1s
  Ep 174 | step 0050/1868 | loss=1.1154 | diff=0.5894 | kd=0.5611 | recon=0.4699 | t=4s
  Ep 174 | step 0100/1868 | loss=1.0201 | diff=0.5918 | kd=0.6094 | recon=0.3674 | t=8s
  Ep 174 | step 0150/1868 | loss=0.9636 | diff=0.5929 | kd=0.3365 | recon=0.3371 | t=12s
  Ep 174 | step 0200/1868 | loss=1.0201 | diff=0.5951 | kd=0.4611 | recon=0.3789 | t=16s
  Ep 174 | step 0250/1868 | loss=1.0537 | diff=0.5935 | kd=0.4689 | recon=0.4134 | t=20s
  Ep 174 | step 0300/1868 | loss=1.0416 | diff=0.5944 | kd=0.3896 | recon=0.4082 | t=24s
  Ep 174 | step 0350/1868 | loss=0.9853 | diff=0.5924 | kd=0.2733 | recon=0.3655 | t=28s
  Ep 174 | step 0400/1868 | loss=1.0268 | diff=0.5902 | kd=0.3406 | recon=0.4025 | t=32s
  Ep 174 | step 0450/1868 | loss=1.0546 | diff=0.5907 | kd=0.4558 | recon=0.4184 | t=36s
  Ep 174 | step 0500/1868 | loss=0.9657 | diff=0.5957 | kd=0.2462 | recon=0.3454 | t=40s
  Ep 174 | step 0550/1868 | loss=1.1453 | diff=0.5940 | kd=0.2961 | recon=0.5217 | t=43s
  Ep 174 | step 0600/1868 | loss=1.0403 | diff=0.5958 | kd=0.3024 | recon=0.4143 | t=47s
  Ep 174 | step 0650/1868 | loss=1.0488 | diff=0.5943 | kd=0.3792 | recon=0.4166 | t=51s
  Ep 174 | step 0700/1868 | loss=1.1097 | diff=0.5941 | kd=0.6496 | recon=0.4506 | t=55s
  Ep 174 | step 0750/1868 | loss=0.9842 | diff=0.5916 | kd=0.4135 | recon=0.3513 | t=59s
  Ep 174 | step 0800/1868 | loss=1.0043 | diff=0.5929 | kd=0.2682 | recon=0.3845 | t=63s
  Ep 174 | step 0850/1868 | loss=1.0460 | diff=0.5953 | kd=0.4043 | recon=0.4103 | t=67s
  Ep 174 | step 0900/1868 | loss=0.9323 | diff=0.5903 | kd=0.3811 | recon=0.3039 | t=71s
  Ep 174 | step 0950/1868 | loss=1.0300 | diff=0.5914 | kd=0.6119 | recon=0.3775 | t=75s
  Ep 174 | step 1000/1868 | loss=1.0116 | diff=0.5900 | kd=0.3287 | recon=0.3887 | t=78s
  Ep 174 | step 1050/1868 | loss=1.0434 | diff=0.5943 | kd=0.3368 | recon=0.4154 | t=82s
  Ep 174 | step 1100/1868 | loss=1.0303 | diff=0.5869 | kd=0.3716 | recon=0.4062 | t=86s
  Ep 174 | step 1150/1868 | loss=1.0847 | diff=0.5962 | kd=0.3346 | recon=0.4550 | t=90s
  Ep 174 | step 1200/1868 | loss=0.9857 | diff=0.5946 | kd=0.2972 | recon=0.3614 | t=94s
  Ep 174 | step 1250/1868 | loss=1.0481 | diff=0.5903 | kd=0.3474 | recon=0.4231 | t=98s
  Ep 174 | step 1300/1868 | loss=1.0198 | diff=0.5972 | kd=0.4052 | recon=0.3820 | t=102s
  Ep 174 | step 1350/1868 | loss=1.0534 | diff=0.5935 | kd=0.3961 | recon=0.4202 | t=106s
  Ep 174 | step 1400/1868 | loss=1.0835 | diff=0.5944 | kd=0.5144 | recon=0.4377 | t=110s
  Ep 174 | step 1450/1868 | loss=0.9609 | diff=0.5898 | kd=0.3166 | recon=0.3395 | t=114s
  Ep 174 | step 1500/1868 | loss=1.0023 | diff=0.5904 | kd=0.5245 | recon=0.3594 | t=117s
  Ep 174 | step 1550/1868 | loss=0.9446 | diff=0.5892 | kd=0.2525 | recon=0.3302 | t=121s
  Ep 174 | step 1600/1868 | loss=0.9580 | diff=0.5921 | kd=0.3427 | recon=0.3316 | t=125s
  Ep 174 | step 1650/1868 | loss=0.9991 | diff=0.5917 | kd=0.4236 | recon=0.3651 | t=129s
  Ep 174 | step 1700/1868 | loss=1.0610 | diff=0.5903 | kd=0.5032 | recon=0.4204 | t=133s
  Ep 174 | step 1750/1868 | loss=1.0187 | diff=0.5911 | kd=0.3955 | recon=0.3881 | t=137s
  Ep 174 | step 1800/1868 | loss=0.9539 | diff=0.5932 | kd=0.2878 | recon=0.3319 | t=141s
  Ep 174 | step 1850/1868 | loss=1.0006 | diff=0.5917 | kd=0.2881 | recon=0.3800 | t=145s

  ── Epoch 174/200 (189s) ──────────────────────
  Train  loss=1.0379  diff=0.5925  kd=0.4008  recon=0.4053
  Val    loss=1.0352  RMSE=0.4895  MAE=0.4050  lr=5.07e-06

  Ep 175 | step 0000/1868 | loss=1.0059 | diff=0.5914 | kd=0.4030 | recon=0.3742 | t=1s
  Ep 175 | step 0050/1868 | loss=1.0258 | diff=0.5915 | kd=0.3737 | recon=0.3969 | t=5s
  Ep 175 | step 0100/1868 | loss=1.0473 | diff=0.5914 | kd=0.5014 | recon=0.4058 | t=8s
  Ep 175 | step 0150/1868 | loss=1.1085 | diff=0.5910 | kd=0.4738 | recon=0.4701 | t=12s
  Ep 175 | step 0200/1868 | loss=0.9753 | diff=0.5893 | kd=0.4193 | recon=0.3440 | t=16s
  Ep 175 | step 0250/1868 | loss=1.0658 | diff=0.5909 | kd=0.4083 | recon=0.4340 | t=20s
  Ep 175 | step 0300/1868 | loss=1.0389 | diff=0.5926 | kd=0.3253 | recon=0.4138 | t=24s
  Ep 175 | step 0350/1868 | loss=1.0895 | diff=0.5904 | kd=0.3908 | recon=0.4601 | t=28s
  Ep 175 | step 0400/1868 | loss=0.9872 | diff=0.5950 | kd=0.3273 | recon=0.3595 | t=32s
  Ep 175 | step 0450/1868 | loss=1.0857 | diff=0.5961 | kd=0.7079 | recon=0.4188 | t=36s
  Ep 175 | step 0500/1868 | loss=1.0363 | diff=0.5899 | kd=0.3569 | recon=0.4107 | t=40s
  Ep 175 | step 0550/1868 | loss=1.0047 | diff=0.5932 | kd=0.3796 | recon=0.3736 | t=43s
  Ep 175 | step 0600/1868 | loss=1.0161 | diff=0.5912 | kd=0.4459 | recon=0.3802 | t=47s
  Ep 175 | step 0650/1868 | loss=1.0469 | diff=0.5961 | kd=0.4690 | recon=0.4039 | t=51s
  Ep 175 | step 0700/1868 | loss=0.9772 | diff=0.5908 | kd=0.2493 | recon=0.3615 | t=55s
  Ep 175 | step 0750/1868 | loss=1.0238 | diff=0.5955 | kd=0.6025 | recon=0.3680 | t=59s
  Ep 175 | step 0800/1868 | loss=1.0646 | diff=0.5940 | kd=0.3564 | recon=0.4350 | t=63s
  Ep 175 | step 0850/1868 | loss=1.0239 | diff=0.6068 | kd=0.3310 | recon=0.3840 | t=66s
  Ep 175 | step 0900/1868 | loss=1.0043 | diff=0.5901 | kd=0.4214 | recon=0.3720 | t=70s
  Ep 175 | step 0950/1868 | loss=1.0188 | diff=0.5925 | kd=0.4612 | recon=0.3802 | t=74s
  Ep 175 | step 1000/1868 | loss=1.0121 | diff=0.5912 | kd=0.4280 | recon=0.3781 | t=78s
  Ep 175 | step 1050/1868 | loss=1.0074 | diff=0.5910 | kd=0.4792 | recon=0.3685 | t=82s
  Ep 175 | step 1100/1868 | loss=1.0383 | diff=0.5909 | kd=0.4223 | recon=0.4051 | t=86s
  Ep 175 | step 1150/1868 | loss=0.9802 | diff=0.5926 | kd=0.3254 | recon=0.3551 | t=90s
  Ep 175 | step 1200/1868 | loss=1.0276 | diff=0.5899 | kd=0.3887 | recon=0.3988 | t=94s
  Ep 175 | step 1250/1868 | loss=1.0109 | diff=0.5884 | kd=0.3542 | recon=0.3871 | t=97s
  Ep 175 | step 1300/1868 | loss=0.9541 | diff=0.5934 | kd=0.3335 | recon=0.3274 | t=101s
  Ep 175 | step 1350/1868 | loss=1.0088 | diff=0.5946 | kd=0.2976 | recon=0.3844 | t=105s
  Ep 175 | step 1400/1868 | loss=1.0078 | diff=0.5899 | kd=0.5049 | recon=0.3674 | t=109s
  Ep 175 | step 1450/1868 | loss=1.0306 | diff=0.5934 | kd=0.2879 | recon=0.4084 | t=113s
  Ep 175 | step 1500/1868 | loss=1.0070 | diff=0.5895 | kd=0.4188 | recon=0.3756 | t=117s
  Ep 175 | step 1550/1868 | loss=1.0856 | diff=0.5939 | kd=0.2613 | recon=0.4656 | t=121s
  Ep 175 | step 1600/1868 | loss=1.0414 | diff=0.5901 | kd=0.5115 | recon=0.4001 | t=125s
  Ep 175 | step 1650/1868 | loss=1.0373 | diff=0.5925 | kd=0.5652 | recon=0.3883 | t=129s
  Ep 175 | step 1700/1868 | loss=1.0308 | diff=0.5915 | kd=0.4463 | recon=0.3947 | t=133s
  Ep 175 | step 1750/1868 | loss=1.0138 | diff=0.5940 | kd=0.3206 | recon=0.3877 | t=137s
  Ep 175 | step 1800/1868 | loss=1.1256 | diff=0.5888 | kd=0.5871 | recon=0.4780 | t=141s
  Ep 175 | step 1850/1868 | loss=1.1808 | diff=0.5923 | kd=0.2876 | recon=0.5597 | t=145s

  ── Epoch 175/200 (189s) ──────────────────────
  Train  loss=1.0377  diff=0.5924  kd=0.4001  recon=0.4053
  Val    loss=1.0367  RMSE=0.4895  MAE=0.4050  lr=4.77e-06

  Ep 176 | step 0000/1868 | loss=0.9621 | diff=0.5894 | kd=0.3206 | recon=0.3407 | t=1s
  Ep 176 | step 0050/1868 | loss=1.0161 | diff=0.5933 | kd=0.3104 | recon=0.3917 | t=4s
  Ep 176 | step 0100/1868 | loss=1.0082 | diff=0.5948 | kd=0.4853 | recon=0.3649 | t=8s
  Ep 176 | step 0150/1868 | loss=0.9534 | diff=0.5911 | kd=0.2970 | recon=0.3326 | t=12s
  Ep 176 | step 0200/1868 | loss=0.9966 | diff=0.5912 | kd=0.2618 | recon=0.3792 | t=16s
  Ep 176 | step 0250/1868 | loss=1.0536 | diff=0.5963 | kd=0.4183 | recon=0.4155 | t=20s
  Ep 176 | step 0300/1868 | loss=0.9964 | diff=0.5966 | kd=0.3359 | recon=0.3662 | t=24s
  Ep 176 | step 0350/1868 | loss=1.0188 | diff=0.5918 | kd=0.3892 | recon=0.3881 | t=28s
  Ep 176 | step 0400/1868 | loss=0.9892 | diff=0.5877 | kd=0.3717 | recon=0.3644 | t=32s
  Ep 176 | step 0450/1868 | loss=0.9651 | diff=0.5939 | kd=0.3308 | recon=0.3381 | t=36s
  Ep 176 | step 0500/1868 | loss=1.1500 | diff=0.5934 | kd=0.3102 | recon=0.5256 | t=40s
  Ep 176 | step 0550/1868 | loss=1.0410 | diff=0.5892 | kd=0.4059 | recon=0.4112 | t=44s
  Ep 176 | step 0600/1868 | loss=1.0040 | diff=0.5946 | kd=0.4621 | recon=0.3632 | t=48s
  Ep 176 | step 0650/1868 | loss=1.0422 | diff=0.5942 | kd=0.3083 | recon=0.4171 | t=52s
  Ep 176 | step 0700/1868 | loss=0.9678 | diff=0.5925 | kd=0.2462 | recon=0.3506 | t=56s
  Ep 176 | step 0750/1868 | loss=1.0376 | diff=0.5932 | kd=0.3186 | recon=0.4126 | t=60s
  Ep 176 | step 0800/1868 | loss=0.9267 | diff=0.5957 | kd=0.3058 | recon=0.3004 | t=63s
  Ep 176 | step 0850/1868 | loss=0.9803 | diff=0.5932 | kd=0.3754 | recon=0.3495 | t=67s
  Ep 176 | step 0900/1868 | loss=1.0435 | diff=0.5903 | kd=0.3748 | recon=0.4157 | t=71s
  Ep 176 | step 0950/1868 | loss=0.9846 | diff=0.5910 | kd=0.4411 | recon=0.3494 | t=75s
  Ep 176 | step 1000/1868 | loss=1.0349 | diff=0.5945 | kd=0.5149 | recon=0.3889 | t=79s
  Ep 176 | step 1050/1868 | loss=0.9918 | diff=0.5915 | kd=0.3023 | recon=0.3701 | t=83s
  Ep 176 | step 1100/1868 | loss=0.9981 | diff=0.5891 | kd=0.4729 | recon=0.3617 | t=87s
  Ep 176 | step 1150/1868 | loss=0.9738 | diff=0.5893 | kd=0.2639 | recon=0.3581 | t=91s
  Ep 176 | step 1200/1868 | loss=1.1083 | diff=0.5931 | kd=0.3200 | recon=0.4832 | t=95s
  Ep 176 | step 1250/1868 | loss=1.0224 | diff=0.5912 | kd=0.5120 | recon=0.3800 | t=99s
  Ep 176 | step 1300/1868 | loss=1.0659 | diff=0.5936 | kd=0.3087 | recon=0.4414 | t=103s
  Ep 176 | step 1350/1868 | loss=1.0813 | diff=0.5903 | kd=0.3521 | recon=0.4558 | t=107s
  Ep 176 | step 1400/1868 | loss=1.0611 | diff=0.5896 | kd=0.4308 | recon=0.4283 | t=111s
  Ep 176 | step 1450/1868 | loss=1.0566 | diff=0.5892 | kd=0.3333 | recon=0.4341 | t=115s
  Ep 176 | step 1500/1868 | loss=0.9997 | diff=0.5926 | kd=0.3824 | recon=0.3689 | t=118s
  Ep 176 | step 1550/1868 | loss=1.0994 | diff=0.5890 | kd=0.3765 | recon=0.4728 | t=122s
  Ep 176 | step 1600/1868 | loss=0.9906 | diff=0.5909 | kd=0.3985 | recon=0.3598 | t=126s
  Ep 176 | step 1650/1868 | loss=1.0344 | diff=0.5911 | kd=0.4060 | recon=0.4027 | t=130s
  Ep 176 | step 1700/1868 | loss=1.0129 | diff=0.5935 | kd=0.3156 | recon=0.3878 | t=134s
  Ep 176 | step 1750/1868 | loss=1.0468 | diff=0.5911 | kd=0.4728 | recon=0.4085 | t=138s
  Ep 176 | step 1800/1868 | loss=0.9976 | diff=0.5944 | kd=0.2850 | recon=0.3747 | t=142s
  Ep 176 | step 1850/1868 | loss=1.1130 | diff=0.5945 | kd=0.3956 | recon=0.4789 | t=146s

  ── Epoch 176/200 (190s) ──────────────────────
  Train  loss=1.0377  diff=0.5923  kd=0.4003  recon=0.4053
  Val    loss=1.0347  RMSE=0.4895  MAE=0.4050  lr=4.48e-06
  [BEST] Checkpoint saved → checkpoints/best_model.pth

  Ep 177 | step 0000/1868 | loss=1.0041 | diff=0.5930 | kd=0.4749 | recon=0.3636 | t=1s
  Ep 177 | step 0050/1868 | loss=1.0131 | diff=0.5966 | kd=0.2895 | recon=0.3875 | t=5s
  Ep 177 | step 0100/1868 | loss=0.9687 | diff=0.5898 | kd=0.3927 | recon=0.3397 | t=8s
  Ep 177 | step 0150/1868 | loss=1.0322 | diff=0.5960 | kd=0.3040 | recon=0.4059 | t=12s
  Ep 177 | step 0200/1868 | loss=1.1530 | diff=0.5922 | kd=0.3848 | recon=0.5223 | t=16s
  Ep 177 | step 0250/1868 | loss=1.0095 | diff=0.5925 | kd=0.3395 | recon=0.3831 | t=20s
  Ep 177 | step 0300/1868 | loss=1.0690 | diff=0.5921 | kd=0.4179 | recon=0.4352 | t=24s
  Ep 177 | step 0350/1868 | loss=1.0143 | diff=0.5947 | kd=0.3045 | recon=0.3892 | t=28s
  Ep 177 | step 0400/1868 | loss=1.1021 | diff=0.5944 | kd=0.4012 | recon=0.4676 | t=32s
  Ep 177 | step 0450/1868 | loss=1.1204 | diff=0.5952 | kd=0.2636 | recon=0.4988 | t=36s
  Ep 177 | step 0500/1868 | loss=1.0447 | diff=0.5928 | kd=0.4228 | recon=0.4096 | t=40s
  Ep 177 | step 0550/1868 | loss=1.0063 | diff=0.5918 | kd=0.5178 | recon=0.3627 | t=43s
  Ep 177 | step 0600/1868 | loss=0.9908 | diff=0.5895 | kd=0.5087 | recon=0.3504 | t=47s
  Ep 177 | step 0650/1868 | loss=0.9870 | diff=0.5910 | kd=0.2702 | recon=0.3690 | t=51s
  Ep 177 | step 0700/1868 | loss=1.0129 | diff=0.5957 | kd=0.3604 | recon=0.3812 | t=55s
  Ep 177 | step 0750/1868 | loss=1.0757 | diff=0.5894 | kd=0.4966 | recon=0.4366 | t=59s
  Ep 177 | step 0800/1868 | loss=1.0174 | diff=0.5916 | kd=0.6539 | recon=0.3605 | t=63s
  Ep 177 | step 0850/1868 | loss=0.9995 | diff=0.5924 | kd=0.4165 | recon=0.3654 | t=67s
  Ep 177 | step 0900/1868 | loss=1.0725 | diff=0.5932 | kd=0.2621 | recon=0.4531 | t=71s
  Ep 177 | step 0950/1868 | loss=0.9996 | diff=0.5905 | kd=0.3709 | recon=0.3720 | t=75s
  Ep 177 | step 1000/1868 | loss=0.9662 | diff=0.5942 | kd=0.4349 | recon=0.3285 | t=78s
  Ep 177 | step 1050/1868 | loss=1.0934 | diff=0.5914 | kd=0.2939 | recon=0.4726 | t=82s
  Ep 177 | step 1100/1868 | loss=1.0660 | diff=0.5969 | kd=0.2980 | recon=0.4393 | t=86s
  Ep 177 | step 1150/1868 | loss=1.1564 | diff=0.5938 | kd=0.3370 | recon=0.5290 | t=90s
  Ep 177 | step 1200/1868 | loss=1.0569 | diff=0.5915 | kd=0.4068 | recon=0.4247 | t=94s
  Ep 177 | step 1250/1868 | loss=0.9780 | diff=0.5909 | kd=0.3178 | recon=0.3554 | t=98s
  Ep 177 | step 1300/1868 | loss=0.9766 | diff=0.5926 | kd=0.2565 | recon=0.3584 | t=102s
  Ep 177 | step 1350/1868 | loss=1.0848 | diff=0.5924 | kd=0.4057 | recon=0.4519 | t=106s
  Ep 177 | step 1400/1868 | loss=1.0400 | diff=0.5920 | kd=0.4750 | recon=0.4005 | t=109s
  Ep 177 | step 1450/1868 | loss=1.0413 | diff=0.5932 | kd=0.4046 | recon=0.4076 | t=113s
  Ep 177 | step 1500/1868 | loss=0.9993 | diff=0.5910 | kd=0.3429 | recon=0.3740 | t=117s
  Ep 177 | step 1550/1868 | loss=1.0583 | diff=0.5925 | kd=0.5070 | recon=0.4151 | t=121s
  Ep 177 | step 1600/1868 | loss=1.0887 | diff=0.5926 | kd=0.5672 | recon=0.4394 | t=125s
  Ep 177 | step 1650/1868 | loss=1.0152 | diff=0.5959 | kd=0.4252 | recon=0.3768 | t=129s
  Ep 177 | step 1700/1868 | loss=0.9234 | diff=0.5920 | kd=0.2608 | recon=0.3053 | t=133s
  Ep 177 | step 1750/1868 | loss=0.9879 | diff=0.5913 | kd=0.4843 | recon=0.3482 | t=137s
  Ep 177 | step 1800/1868 | loss=1.0154 | diff=0.5936 | kd=0.3983 | recon=0.3819 | t=140s
  Ep 177 | step 1850/1868 | loss=1.0442 | diff=0.5955 | kd=0.2848 | recon=0.4202 | t=144s

  ── Epoch 177/200 (189s) ──────────────────────
  Train  loss=1.0374  diff=0.5922  kd=0.3998  recon=0.4053
  Val    loss=1.0345  RMSE=0.4895  MAE=0.4050  lr=4.20e-06
  [BEST] Checkpoint saved → checkpoints/best_model.pth

  Ep 178 | step 0000/1868 | loss=1.1141 | diff=0.5916 | kd=0.4230 | recon=0.4802 | t=1s
  Ep 178 | step 0050/1868 | loss=1.0408 | diff=0.5884 | kd=0.3541 | recon=0.4169 | t=5s
  Ep 178 | step 0100/1868 | loss=1.0348 | diff=0.5911 | kd=0.3882 | recon=0.4049 | t=8s
  Ep 178 | step 0150/1868 | loss=1.0261 | diff=0.5916 | kd=0.2226 | recon=0.4123 | t=12s
  Ep 178 | step 0200/1868 | loss=1.0179 | diff=0.5940 | kd=0.2424 | recon=0.3997 | t=16s
  Ep 178 | step 0250/1868 | loss=0.9670 | diff=0.5943 | kd=0.2630 | recon=0.3464 | t=20s
  Ep 178 | step 0300/1868 | loss=1.0490 | diff=0.5945 | kd=0.3505 | recon=0.4194 | t=24s
  Ep 178 | step 0350/1868 | loss=1.0065 | diff=0.5899 | kd=0.3653 | recon=0.3800 | t=28s
  Ep 178 | step 0400/1868 | loss=1.0372 | diff=0.5942 | kd=0.4063 | recon=0.4024 | t=32s
  Ep 178 | step 0450/1868 | loss=1.0729 | diff=0.5925 | kd=0.2989 | recon=0.4505 | t=36s
  Ep 178 | step 0500/1868 | loss=1.0800 | diff=0.5953 | kd=0.3577 | recon=0.4489 | t=40s
  Ep 178 | step 0550/1868 | loss=1.0050 | diff=0.5895 | kd=0.2998 | recon=0.3856 | t=43s
  Ep 178 | step 0600/1868 | loss=1.0303 | diff=0.5943 | kd=0.2605 | recon=0.4100 | t=47s
  Ep 178 | step 0650/1868 | loss=1.0049 | diff=0.5921 | kd=0.3655 | recon=0.3763 | t=51s
  Ep 178 | step 0700/1868 | loss=1.0645 | diff=0.5924 | kd=0.4273 | recon=0.4293 | t=55s
  Ep 178 | step 0750/1868 | loss=0.9523 | diff=0.5913 | kd=0.3443 | recon=0.3266 | t=59s
  Ep 178 | step 0800/1868 | loss=0.9508 | diff=0.5891 | kd=0.4337 | recon=0.3183 | t=63s
  Ep 178 | step 0850/1868 | loss=1.0308 | diff=0.5915 | kd=0.3399 | recon=0.4053 | t=67s
  Ep 178 | step 0900/1868 | loss=0.9798 | diff=0.5933 | kd=0.2704 | recon=0.3595 | t=71s
  Ep 178 | step 0950/1868 | loss=1.0624 | diff=0.5935 | kd=0.3603 | recon=0.4328 | t=74s
  Ep 178 | step 1000/1868 | loss=1.0729 | diff=0.5904 | kd=0.6096 | recon=0.4215 | t=78s
  Ep 178 | step 1050/1868 | loss=1.1597 | diff=0.5933 | kd=0.2919 | recon=0.5372 | t=82s
  Ep 178 | step 1100/1868 | loss=1.0811 | diff=0.6165 | kd=0.3973 | recon=0.4249 | t=86s
  Ep 178 | step 1150/1868 | loss=1.0059 | diff=0.5914 | kd=0.4691 | recon=0.3676 | t=90s
  Ep 178 | step 1200/1868 | loss=0.9939 | diff=0.5897 | kd=0.2795 | recon=0.3763 | t=94s
  Ep 178 | step 1250/1868 | loss=1.0570 | diff=0.5897 | kd=0.5821 | recon=0.4091 | t=98s
  Ep 178 | step 1300/1868 | loss=1.0522 | diff=0.5909 | kd=0.3818 | recon=0.4231 | t=102s
  Ep 178 | step 1350/1868 | loss=1.0037 | diff=0.5934 | kd=0.3735 | recon=0.3729 | t=106s
  Ep 178 | step 1400/1868 | loss=1.0867 | diff=0.5943 | kd=0.2773 | recon=0.4646 | t=109s
  Ep 178 | step 1450/1868 | loss=0.9981 | diff=0.5930 | kd=0.5251 | recon=0.3526 | t=113s
  Ep 178 | step 1500/1868 | loss=1.0389 | diff=0.5933 | kd=0.5497 | recon=0.3907 | t=117s
  Ep 178 | step 1550/1868 | loss=1.0060 | diff=0.5910 | kd=0.5327 | recon=0.3618 | t=121s
  Ep 178 | step 1600/1868 | loss=1.0632 | diff=0.5904 | kd=0.3210 | recon=0.4407 | t=125s
  Ep 178 | step 1650/1868 | loss=0.9989 | diff=0.5893 | kd=0.3712 | recon=0.3725 | t=129s
  Ep 178 | step 1700/1868 | loss=0.9427 | diff=0.5925 | kd=0.2372 | recon=0.3265 | t=133s
  Ep 178 | step 1750/1868 | loss=1.0743 | diff=0.5911 | kd=0.4620 | recon=0.4370 | t=137s
  Ep 178 | step 1800/1868 | loss=1.0399 | diff=0.5897 | kd=0.4832 | recon=0.4019 | t=141s
  Ep 178 | step 1850/1868 | loss=1.0706 | diff=0.5932 | kd=0.3983 | recon=0.4376 | t=144s

  ── Epoch 178/200 (189s) ──────────────────────
  Train  loss=1.0378  diff=0.5926  kd=0.3990  recon=0.4053
  Val    loss=1.0347  RMSE=0.4895  MAE=0.4050  lr=3.93e-06

  Ep 179 | step 0000/1868 | loss=1.0601 | diff=0.5947 | kd=0.3774 | recon=0.4277 | t=1s
  Ep 179 | step 0050/1868 | loss=1.0580 | diff=0.5936 | kd=0.4537 | recon=0.4191 | t=5s
  Ep 179 | step 0100/1868 | loss=1.0069 | diff=0.5941 | kd=0.5037 | recon=0.3625 | t=8s
  Ep 179 | step 0150/1868 | loss=1.0099 | diff=0.5952 | kd=0.2916 | recon=0.3855 | t=12s
  Ep 179 | step 0200/1868 | loss=1.0019 | diff=0.5892 | kd=0.3364 | recon=0.3790 | t=16s
  Ep 179 | step 0250/1868 | loss=1.0084 | diff=0.5893 | kd=0.4313 | recon=0.3760 | t=20s
  Ep 179 | step 0300/1868 | loss=1.0378 | diff=0.5944 | kd=0.3201 | recon=0.4114 | t=24s
  Ep 179 | step 0350/1868 | loss=0.9829 | diff=0.5889 | kd=0.3512 | recon=0.3589 | t=28s
  Ep 179 | step 0400/1868 | loss=0.9759 | diff=0.5891 | kd=0.4093 | recon=0.3458 | t=32s
  Ep 179 | step 0450/1868 | loss=0.9572 | diff=0.5918 | kd=0.3069 | recon=0.3346 | t=36s
  Ep 179 | step 0500/1868 | loss=1.0930 | diff=0.5933 | kd=0.4711 | recon=0.4526 | t=40s
  Ep 179 | step 0550/1868 | loss=1.0560 | diff=0.5924 | kd=0.5576 | recon=0.4079 | t=43s
  Ep 179 | step 0600/1868 | loss=0.9895 | diff=0.5926 | kd=0.3097 | recon=0.3659 | t=47s
  Ep 179 | step 0650/1868 | loss=0.9652 | diff=0.5902 | kd=0.3023 | recon=0.3447 | t=51s
  Ep 179 | step 0700/1868 | loss=0.9770 | diff=0.5899 | kd=0.5058 | recon=0.3366 | t=55s
  Ep 179 | step 0750/1868 | loss=1.0259 | diff=0.5885 | kd=0.3549 | recon=0.4019 | t=59s
  Ep 179 | step 0800/1868 | loss=0.9883 | diff=0.6004 | kd=0.4314 | recon=0.3448 | t=63s
  Ep 179 | step 0850/1868 | loss=0.9935 | diff=0.5942 | kd=0.3079 | recon=0.3685 | t=67s
  Ep 179 | step 0900/1868 | loss=1.1188 | diff=0.5959 | kd=0.5250 | recon=0.4704 | t=71s
  Ep 179 | step 0950/1868 | loss=1.0959 | diff=0.5922 | kd=0.5203 | recon=0.4517 | t=75s
  Ep 179 | step 1000/1868 | loss=0.9901 | diff=0.5917 | kd=0.4121 | recon=0.3572 | t=78s
  Ep 179 | step 1050/1868 | loss=1.0317 | diff=0.5935 | kd=0.3471 | recon=0.4036 | t=82s
  Ep 179 | step 1100/1868 | loss=1.0699 | diff=0.5898 | kd=0.4685 | recon=0.4333 | t=86s
  Ep 179 | step 1150/1868 | loss=0.9632 | diff=0.5933 | kd=0.4079 | recon=0.3290 | t=90s
  Ep 179 | step 1200/1868 | loss=0.9974 | diff=0.5921 | kd=0.6063 | recon=0.3447 | t=94s
  Ep 179 | step 1250/1868 | loss=0.9321 | diff=0.5928 | kd=0.3720 | recon=0.3021 | t=98s
  Ep 179 | step 1300/1868 | loss=1.0987 | diff=0.5892 | kd=0.6226 | recon=0.4472 | t=102s
  Ep 179 | step 1350/1868 | loss=1.1594 | diff=0.5903 | kd=0.9078 | recon=0.4783 | t=106s
  Ep 179 | step 1400/1868 | loss=1.0470 | diff=0.5984 | kd=0.2895 | recon=0.4196 | t=110s
  Ep 179 | step 1450/1868 | loss=1.0020 | diff=0.5936 | kd=0.2919 | recon=0.3792 | t=113s
  Ep 179 | step 1500/1868 | loss=1.1093 | diff=0.5914 | kd=0.3090 | recon=0.4870 | t=117s
  Ep 179 | step 1550/1868 | loss=0.9620 | diff=0.5929 | kd=0.3223 | recon=0.3368 | t=121s
  Ep 179 | step 1600/1868 | loss=1.0724 | diff=0.5924 | kd=0.3958 | recon=0.4403 | t=125s
  Ep 179 | step 1650/1868 | loss=1.0565 | diff=0.5887 | kd=0.4231 | recon=0.4255 | t=129s
  Ep 179 | step 1700/1868 | loss=1.0806 | diff=0.5923 | kd=0.4653 | recon=0.4418 | t=133s
  Ep 179 | step 1750/1868 | loss=1.0300 | diff=0.5917 | kd=0.4078 | recon=0.3975 | t=137s
  Ep 179 | step 1800/1868 | loss=0.9852 | diff=0.5901 | kd=0.3613 | recon=0.3590 | t=141s
  Ep 179 | step 1850/1868 | loss=1.0747 | diff=0.5923 | kd=0.3727 | recon=0.4451 | t=144s

  ── Epoch 179/200 (189s) ──────────────────────
  Train  loss=1.0375  diff=0.5924  kd=0.3986  recon=0.4053
  Val    loss=1.0344  RMSE=0.4895  MAE=0.4050  lr=3.67e-06
  [BEST] Checkpoint saved → checkpoints/best_model.pth

  Ep 180 | step 0000/1868 | loss=1.0615 | diff=0.5944 | kd=0.3067 | recon=0.4363 | t=1s
  Ep 180 | step 0050/1868 | loss=0.9863 | diff=0.5918 | kd=0.2741 | recon=0.3671 | t=4s
  Ep 180 | step 0100/1868 | loss=1.0010 | diff=0.5898 | kd=0.3609 | recon=0.3752 | t=8s
  Ep 180 | step 0150/1868 | loss=1.1437 | diff=0.5967 | kd=0.7856 | recon=0.4685 | t=12s
  Ep 180 | step 0200/1868 | loss=1.0004 | diff=0.5931 | kd=0.3947 | recon=0.3678 | t=16s
  Ep 180 | step 0250/1868 | loss=0.9437 | diff=0.5920 | kd=0.3428 | recon=0.3174 | t=20s
  Ep 180 | step 0300/1868 | loss=1.0922 | diff=0.5958 | kd=0.4560 | recon=0.4508 | t=24s
  Ep 180 | step 0350/1868 | loss=0.9960 | diff=0.5903 | kd=0.2788 | recon=0.3778 | t=28s
  Ep 180 | step 0400/1868 | loss=0.9856 | diff=0.5920 | kd=0.2850 | recon=0.3651 | t=32s
  Ep 180 | step 0450/1868 | loss=1.0675 | diff=0.5953 | kd=0.3465 | recon=0.4376 | t=36s
  Ep 180 | step 0500/1868 | loss=1.0376 | diff=0.5918 | kd=0.4677 | recon=0.3990 | t=39s
  Ep 180 | step 0550/1868 | loss=1.0941 | diff=0.5935 | kd=0.3625 | recon=0.4644 | t=43s
  Ep 180 | step 0600/1868 | loss=0.9692 | diff=0.5932 | kd=0.5365 | recon=0.3224 | t=47s
  Ep 180 | step 0650/1868 | loss=1.0319 | diff=0.5911 | kd=0.3324 | recon=0.4075 | t=51s
  Ep 180 | step 0700/1868 | loss=1.0328 | diff=0.5955 | kd=0.3479 | recon=0.4025 | t=55s
  Ep 180 | step 0750/1868 | loss=1.0585 | diff=0.5923 | kd=0.4997 | recon=0.4163 | t=59s
  Ep 180 | step 0800/1868 | loss=0.9755 | diff=0.5875 | kd=0.3337 | recon=0.3546 | t=63s
  Ep 180 | step 0850/1868 | loss=1.0673 | diff=0.5899 | kd=0.5101 | recon=0.4264 | t=67s
  Ep 180 | step 0900/1868 | loss=0.9468 | diff=0.5918 | kd=0.2387 | recon=0.3311 | t=71s
  Ep 180 | step 0950/1868 | loss=1.0492 | diff=0.5937 | kd=0.3316 | recon=0.4222 | t=74s
  Ep 180 | step 1000/1868 | loss=1.0358 | diff=0.5921 | kd=0.3199 | recon=0.4117 | t=78s
  Ep 180 | step 1050/1868 | loss=1.0367 | diff=0.5952 | kd=0.2769 | recon=0.4139 | t=82s
  Ep 180 | step 1100/1868 | loss=1.0157 | diff=0.5926 | kd=0.4534 | recon=0.3777 | t=86s
  Ep 180 | step 1150/1868 | loss=1.0465 | diff=0.5922 | kd=0.3130 | recon=0.4230 | t=90s
  Ep 180 | step 1200/1868 | loss=1.0341 | diff=0.5902 | kd=0.4423 | recon=0.3997 | t=94s
  Ep 180 | step 1250/1868 | loss=0.9370 | diff=0.5885 | kd=0.3255 | recon=0.3159 | t=98s
  Ep 180 | step 1300/1868 | loss=1.0240 | diff=0.5911 | kd=0.2865 | recon=0.4043 | t=102s
  Ep 180 | step 1350/1868 | loss=0.9902 | diff=0.5910 | kd=0.3745 | recon=0.3617 | t=106s
  Ep 180 | step 1400/1868 | loss=1.0250 | diff=0.5937 | kd=0.3525 | recon=0.3960 | t=110s
  Ep 180 | step 1450/1868 | loss=1.0776 | diff=0.5990 | kd=0.3603 | recon=0.4425 | t=113s
  Ep 180 | step 1500/1868 | loss=0.9858 | diff=0.5898 | kd=0.3958 | recon=0.3564 | t=117s
  Ep 180 | step 1550/1868 | loss=1.0620 | diff=0.5958 | kd=0.6469 | recon=0.4014 | t=121s
  Ep 180 | step 1600/1868 | loss=1.0082 | diff=0.5924 | kd=0.3934 | recon=0.3764 | t=125s
  Ep 180 | step 1650/1868 | loss=0.9977 | diff=0.5877 | kd=0.5011 | recon=0.3599 | t=129s
  Ep 180 | step 1700/1868 | loss=1.0257 | diff=0.5938 | kd=0.3707 | recon=0.3949 | t=133s
  Ep 180 | step 1750/1868 | loss=1.1194 | diff=0.5924 | kd=0.4159 | recon=0.4855 | t=137s
  Ep 180 | step 1800/1868 | loss=1.1063 | diff=0.6010 | kd=0.2871 | recon=0.4766 | t=141s
  Ep 180 | step 1850/1868 | loss=1.1109 | diff=0.5905 | kd=0.3163 | recon=0.4887 | t=145s

  ── Epoch 180/200 (189s) ──────────────────────
  Train  loss=1.0375  diff=0.5923  kd=0.3984  recon=0.4053
  Val    loss=1.0345  RMSE=0.4895  MAE=0.4050  lr=3.42e-06
  [EP180] Checkpoint saved → checkpoints/epoch_180.pth

  Ep 181 | step 0000/1868 | loss=1.0646 | diff=0.5907 | kd=0.3825 | recon=0.4356 | t=1s
  Ep 181 | step 0050/1868 | loss=0.9479 | diff=0.5921 | kd=0.2863 | recon=0.3272 | t=4s
  Ep 181 | step 0100/1868 | loss=1.0973 | diff=0.5910 | kd=0.2733 | recon=0.4790 | t=8s
  Ep 181 | step 0150/1868 | loss=1.0740 | diff=0.6036 | kd=0.3374 | recon=0.4366 | t=12s
  Ep 181 | step 0200/1868 | loss=0.9977 | diff=0.5966 | kd=0.3279 | recon=0.3683 | t=16s
  Ep 181 | step 0250/1868 | loss=0.9833 | diff=0.5919 | kd=0.4152 | recon=0.3499 | t=20s
  Ep 181 | step 0300/1868 | loss=1.0044 | diff=0.5927 | kd=0.4277 | recon=0.3689 | t=24s
  Ep 181 | step 0350/1868 | loss=1.0776 | diff=0.5894 | kd=0.4965 | recon=0.4386 | t=28s
  Ep 181 | step 0400/1868 | loss=1.0254 | diff=0.5935 | kd=0.3999 | recon=0.3919 | t=32s
  Ep 181 | step 0450/1868 | loss=1.0426 | diff=0.5923 | kd=0.5238 | recon=0.3979 | t=36s
  Ep 181 | step 0500/1868 | loss=0.9919 | diff=0.5942 | kd=0.4136 | recon=0.3563 | t=40s
  Ep 181 | step 0550/1868 | loss=0.9918 | diff=0.5917 | kd=0.3038 | recon=0.3697 | t=44s
  Ep 181 | step 0600/1868 | loss=1.0827 | diff=0.5923 | kd=0.2863 | recon=0.4618 | t=48s
  Ep 181 | step 0650/1868 | loss=1.0800 | diff=0.5924 | kd=0.6188 | recon=0.4257 | t=52s
  Ep 181 | step 0700/1868 | loss=0.9555 | diff=0.5895 | kd=0.2740 | recon=0.3387 | t=56s
  Ep 181 | step 0750/1868 | loss=1.0538 | diff=0.5928 | kd=0.4309 | recon=0.4179 | t=59s
  Ep 181 | step 0800/1868 | loss=0.9846 | diff=0.5904 | kd=0.3325 | recon=0.3609 | t=63s
  Ep 181 | step 0850/1868 | loss=1.0301 | diff=0.5902 | kd=0.3938 | recon=0.4005 | t=67s
  Ep 181 | step 0900/1868 | loss=1.0224 | diff=0.5900 | kd=0.3775 | recon=0.3947 | t=71s
  Ep 181 | step 0950/1868 | loss=1.0247 | diff=0.5912 | kd=0.5054 | recon=0.3829 | t=76s
  Ep 181 | step 1000/1868 | loss=1.0778 | diff=0.5925 | kd=0.3955 | recon=0.4457 | t=80s
  Ep 181 | step 1050/1868 | loss=0.9884 | diff=0.5890 | kd=0.3292 | recon=0.3664 | t=84s
  Ep 181 | step 1100/1868 | loss=1.1050 | diff=0.5913 | kd=0.4820 | recon=0.4656 | t=88s
  Ep 181 | step 1150/1868 | loss=1.0396 | diff=0.5928 | kd=0.4696 | recon=0.3998 | t=93s
  Ep 181 | step 1200/1868 | loss=1.1308 | diff=0.5891 | kd=0.3718 | recon=0.5046 | t=97s
  Ep 181 | step 1250/1868 | loss=1.0088 | diff=0.5897 | kd=0.5179 | recon=0.3674 | t=101s
  Ep 181 | step 1300/1868 | loss=1.1250 | diff=0.5962 | kd=0.5793 | recon=0.4708 | t=106s
  Ep 181 | step 1350/1868 | loss=1.1203 | diff=0.5910 | kd=0.4997 | recon=0.4794 | t=110s
  Ep 181 | step 1400/1868 | loss=1.0742 | diff=0.5943 | kd=0.3953 | recon=0.4404 | t=115s
  Ep 181 | step 1450/1868 | loss=1.1832 | diff=0.5949 | kd=0.3331 | recon=0.5550 | t=118s
  Ep 181 | step 1500/1868 | loss=1.0790 | diff=0.5908 | kd=0.7563 | recon=0.4126 | t=122s
  Ep 181 | step 1550/1868 | loss=0.9835 | diff=0.5941 | kd=0.3671 | recon=0.3528 | t=126s
  Ep 181 | step 1600/1868 | loss=0.9688 | diff=0.5908 | kd=0.3190 | recon=0.3461 | t=130s
  Ep 181 | step 1650/1868 | loss=0.9517 | diff=0.5949 | kd=0.2938 | recon=0.3274 | t=134s
  Ep 181 | step 1700/1868 | loss=1.0098 | diff=0.5895 | kd=0.5084 | recon=0.3695 | t=138s
  Ep 181 | step 1750/1868 | loss=1.0250 | diff=0.5928 | kd=0.3698 | recon=0.3951 | t=143s
  Ep 181 | step 1800/1868 | loss=1.0853 | diff=0.5883 | kd=0.4102 | recon=0.4560 | t=147s
  Ep 181 | step 1850/1868 | loss=1.0949 | diff=0.5880 | kd=0.4725 | recon=0.4597 | t=152s

  ── Epoch 181/200 (196s) ──────────────────────
  Train  loss=1.0372  diff=0.5921  kd=0.3981  recon=0.4053
  Val    loss=1.0348  RMSE=0.4895  MAE=0.4050  lr=3.19e-06

  Ep 182 | step 0000/1868 | loss=1.0270 | diff=0.5909 | kd=0.3359 | recon=0.4025 | t=1s
  Ep 182 | step 0050/1868 | loss=1.0392 | diff=0.5912 | kd=0.4893 | recon=0.3991 | t=5s
  Ep 182 | step 0100/1868 | loss=0.9638 | diff=0.5928 | kd=0.3450 | recon=0.3366 | t=8s
  Ep 182 | step 0150/1868 | loss=1.0480 | diff=0.5914 | kd=0.3736 | recon=0.4192 | t=12s
  Ep 182 | step 0200/1868 | loss=1.0115 | diff=0.5922 | kd=0.3891 | recon=0.3804 | t=16s
  Ep 182 | step 0250/1868 | loss=1.0170 | diff=0.5872 | kd=0.3562 | recon=0.3942 | t=20s
  Ep 182 | step 0300/1868 | loss=1.0835 | diff=0.5935 | kd=0.4148 | recon=0.4485 | t=24s
  Ep 182 | step 0350/1868 | loss=1.0219 | diff=0.5908 | kd=0.4407 | recon=0.3871 | t=28s
  Ep 182 | step 0400/1868 | loss=1.0464 | diff=0.5895 | kd=0.4566 | recon=0.4113 | t=32s
  Ep 182 | step 0450/1868 | loss=0.9802 | diff=0.5922 | kd=0.3243 | recon=0.3556 | t=36s
  Ep 182 | step 0500/1868 | loss=0.9871 | diff=0.5879 | kd=0.2530 | recon=0.3739 | t=40s
  Ep 182 | step 0550/1868 | loss=1.0813 | diff=0.5913 | kd=0.3053 | recon=0.4595 | t=44s
  Ep 182 | step 0600/1868 | loss=1.0988 | diff=0.5940 | kd=0.4102 | recon=0.4637 | t=48s
  Ep 182 | step 0650/1868 | loss=1.0696 | diff=0.5943 | kd=0.3364 | recon=0.4417 | t=52s
  Ep 182 | step 0700/1868 | loss=1.0146 | diff=0.5919 | kd=0.2881 | recon=0.3939 | t=56s
  Ep 182 | step 0750/1868 | loss=1.1077 | diff=0.5909 | kd=0.3594 | recon=0.4808 | t=60s
  Ep 182 | step 0800/1868 | loss=1.0603 | diff=0.5925 | kd=0.4594 | recon=0.4218 | t=64s
  Ep 182 | step 0850/1868 | loss=1.0325 | diff=0.5885 | kd=0.3606 | recon=0.4080 | t=68s
  Ep 182 | step 0900/1868 | loss=1.0484 | diff=0.5949 | kd=0.3436 | recon=0.4192 | t=72s
  Ep 182 | step 0950/1868 | loss=1.0989 | diff=0.5894 | kd=0.4876 | recon=0.4608 | t=75s
  Ep 182 | step 1000/1868 | loss=1.1290 | diff=0.5857 | kd=0.3729 | recon=0.5059 | t=79s
  Ep 182 | step 1050/1868 | loss=1.0231 | diff=0.5927 | kd=0.4191 | recon=0.3885 | t=83s
  Ep 182 | step 1100/1868 | loss=1.0557 | diff=0.5906 | kd=0.4965 | recon=0.4155 | t=87s
  Ep 182 | step 1150/1868 | loss=1.1565 | diff=0.5941 | kd=0.3995 | recon=0.5225 | t=91s
  Ep 182 | step 1200/1868 | loss=1.1303 | diff=0.5912 | kd=0.3375 | recon=0.5053 | t=95s
  Ep 182 | step 1250/1868 | loss=1.0569 | diff=0.5929 | kd=0.3563 | recon=0.4284 | t=99s
  Ep 182 | step 1300/1868 | loss=1.0603 | diff=0.5886 | kd=0.5417 | recon=0.4175 | t=103s
  Ep 182 | step 1350/1868 | loss=0.9856 | diff=0.5935 | kd=0.3729 | recon=0.3548 | t=107s
  Ep 182 | step 1400/1868 | loss=0.9694 | diff=0.5909 | kd=0.2752 | recon=0.3509 | t=111s
  Ep 182 | step 1450/1868 | loss=1.0381 | diff=0.5931 | kd=0.5871 | recon=0.3863 | t=114s
  Ep 182 | step 1500/1868 | loss=1.0530 | diff=0.5917 | kd=0.3239 | recon=0.4290 | t=118s
  Ep 182 | step 1550/1868 | loss=1.0501 | diff=0.5878 | kd=0.2978 | recon=0.4325 | t=122s
  Ep 182 | step 1600/1868 | loss=1.0249 | diff=0.5931 | kd=0.2735 | recon=0.4044 | t=126s
  Ep 182 | step 1650/1868 | loss=1.0750 | diff=0.5910 | kd=0.5231 | recon=0.4317 | t=130s
  Ep 182 | step 1700/1868 | loss=1.0556 | diff=0.5949 | kd=0.2982 | recon=0.4309 | t=134s
  Ep 182 | step 1750/1868 | loss=1.0094 | diff=0.5916 | kd=0.5879 | recon=0.3590 | t=138s
  Ep 182 | step 1800/1868 | loss=1.1012 | diff=0.5912 | kd=0.3556 | recon=0.4744 | t=142s
  Ep 182 | step 1850/1868 | loss=1.0546 | diff=0.5910 | kd=0.4594 | recon=0.4176 | t=146s

  ── Epoch 182/200 (190s) ──────────────────────
  Train  loss=1.0371  diff=0.5920  kd=0.3976  recon=0.4053
  Val    loss=1.0343  RMSE=0.4895  MAE=0.4050  lr=2.97e-06
  [BEST] Checkpoint saved → checkpoints/best_model.pth

  Ep 183 | step 0000/1868 | loss=1.0472 | diff=0.5908 | kd=0.3427 | recon=0.4221 | t=1s
  Ep 183 | step 0050/1868 | loss=0.9926 | diff=0.5910 | kd=0.3321 | recon=0.3684 | t=4s
  Ep 183 | step 0100/1868 | loss=1.0994 | diff=0.5918 | kd=0.4333 | recon=0.4643 | t=8s
  Ep 183 | step 0150/1868 | loss=1.0023 | diff=0.5903 | kd=0.3518 | recon=0.3768 | t=12s
  Ep 183 | step 0200/1868 | loss=0.9731 | diff=0.5934 | kd=0.4368 | recon=0.3360 | t=16s
  Ep 183 | step 0250/1868 | loss=1.0402 | diff=0.5881 | kd=0.2778 | recon=0.4244 | t=20s
  Ep 183 | step 0300/1868 | loss=1.0350 | diff=0.5916 | kd=0.3332 | recon=0.4101 | t=24s
  Ep 183 | step 0350/1868 | loss=1.0548 | diff=0.5900 | kd=0.4371 | recon=0.4212 | t=28s
  Ep 183 | step 0400/1868 | loss=1.0221 | diff=0.5927 | kd=0.3196 | recon=0.3975 | t=32s
  Ep 183 | step 0450/1868 | loss=1.1780 | diff=0.5925 | kd=0.3553 | recon=0.5499 | t=35s
  Ep 183 | step 0500/1868 | loss=0.9841 | diff=0.5902 | kd=0.3932 | recon=0.3546 | t=39s
  Ep 183 | step 0550/1868 | loss=1.0765 | diff=0.5917 | kd=0.3960 | recon=0.4451 | t=43s
  Ep 183 | step 0600/1868 | loss=0.9899 | diff=0.5926 | kd=0.3879 | recon=0.3585 | t=47s
  Ep 183 | step 0650/1868 | loss=1.0184 | diff=0.5933 | kd=0.3580 | recon=0.3893 | t=51s
  Ep 183 | step 0700/1868 | loss=1.0443 | diff=0.5903 | kd=0.2715 | recon=0.4269 | t=55s
  Ep 183 | step 0750/1868 | loss=1.0155 | diff=0.5904 | kd=0.5466 | recon=0.3704 | t=59s
  Ep 183 | step 0800/1868 | loss=0.9917 | diff=0.5894 | kd=0.3698 | recon=0.3653 | t=63s
  Ep 183 | step 0850/1868 | loss=1.0805 | diff=0.5931 | kd=0.4604 | recon=0.4413 | t=66s
  Ep 183 | step 0900/1868 | loss=0.9911 | diff=0.5931 | kd=0.3524 | recon=0.3627 | t=70s
  Ep 183 | step 0950/1868 | loss=0.9701 | diff=0.5909 | kd=0.3573 | recon=0.3434 | t=74s
  Ep 183 | step 1000/1868 | loss=1.0502 | diff=0.5898 | kd=0.3563 | recon=0.4247 | t=78s
  Ep 183 | step 1050/1868 | loss=0.9586 | diff=0.5916 | kd=0.2836 | recon=0.3387 | t=82s
  Ep 183 | step 1100/1868 | loss=1.0373 | diff=0.5906 | kd=0.4702 | recon=0.3996 | t=86s
  Ep 183 | step 1150/1868 | loss=1.0262 | diff=0.5927 | kd=0.2642 | recon=0.4071 | t=90s
  Ep 183 | step 1200/1868 | loss=0.9949 | diff=0.5870 | kd=0.3839 | recon=0.3695 | t=94s
  Ep 183 | step 1250/1868 | loss=0.9735 | diff=0.5900 | kd=0.3741 | recon=0.3461 | t=98s
  Ep 183 | step 1300/1868 | loss=1.0561 | diff=0.5969 | kd=0.3273 | recon=0.4265 | t=101s
  Ep 183 | step 1350/1868 | loss=1.0319 | diff=0.5882 | kd=0.4556 | recon=0.3982 | t=105s
  Ep 183 | step 1400/1868 | loss=1.0714 | diff=0.5888 | kd=0.5021 | recon=0.4324 | t=109s
  Ep 183 | step 1450/1868 | loss=1.1039 | diff=0.5887 | kd=0.2923 | recon=0.4860 | t=113s
  Ep 183 | step 1500/1868 | loss=1.1381 | diff=0.5956 | kd=0.5120 | recon=0.4912 | t=117s
  Ep 183 | step 1550/1868 | loss=1.0135 | diff=0.5878 | kd=0.3476 | recon=0.3909 | t=121s
  Ep 183 | step 1600/1868 | loss=1.0716 | diff=0.5911 | kd=0.5015 | recon=0.4303 | t=125s
  Ep 183 | step 1650/1868 | loss=1.0756 | diff=0.5910 | kd=0.4144 | recon=0.4432 | t=129s
  Ep 183 | step 1700/1868 | loss=1.0419 | diff=0.5941 | kd=0.3006 | recon=0.4177 | t=133s
  Ep 183 | step 1750/1868 | loss=1.0629 | diff=0.5942 | kd=0.4370 | recon=0.4250 | t=136s
  Ep 183 | step 1800/1868 | loss=0.9952 | diff=0.5942 | kd=0.3405 | recon=0.3670 | t=141s
  Ep 183 | step 1850/1868 | loss=1.0336 | diff=0.5944 | kd=0.3407 | recon=0.4051 | t=144s

  ── Epoch 183/200 (189s) ──────────────────────
  Train  loss=1.0371  diff=0.5921  kd=0.3973  recon=0.4053
  Val    loss=1.0342  RMSE=0.4895  MAE=0.4050  lr=2.75e-06
  [BEST] Checkpoint saved → checkpoints/best_model.pth

  Ep 184 | step 0000/1868 | loss=1.0711 | diff=0.5931 | kd=0.2870 | recon=0.4492 | t=1s
  Ep 184 | step 0050/1868 | loss=1.1478 | diff=0.5922 | kd=0.5272 | recon=0.5028 | t=5s
  Ep 184 | step 0100/1868 | loss=1.0176 | diff=0.5913 | kd=0.2890 | recon=0.3974 | t=9s
  Ep 184 | step 0150/1868 | loss=0.9844 | diff=0.5897 | kd=0.3894 | recon=0.3558 | t=12s
  Ep 184 | step 0200/1868 | loss=1.0681 | diff=0.5877 | kd=0.2931 | recon=0.4511 | t=16s
  Ep 184 | step 0250/1868 | loss=0.9884 | diff=0.5911 | kd=0.4162 | recon=0.3557 | t=20s
  Ep 184 | step 0300/1868 | loss=1.0351 | diff=0.5951 | kd=0.4036 | recon=0.3996 | t=24s
  Ep 184 | step 0350/1868 | loss=1.0104 | diff=0.5926 | kd=0.3757 | recon=0.3802 | t=28s
  Ep 184 | step 0400/1868 | loss=0.9865 | diff=0.5935 | kd=0.4950 | recon=0.3435 | t=32s
  Ep 184 | step 0450/1868 | loss=0.9642 | diff=0.5936 | kd=0.3949 | recon=0.3311 | t=36s
  Ep 184 | step 0500/1868 | loss=1.0021 | diff=0.5926 | kd=0.3328 | recon=0.3762 | t=40s
  Ep 184 | step 0550/1868 | loss=1.0620 | diff=0.5909 | kd=0.3860 | recon=0.4325 | t=44s
  Ep 184 | step 0600/1868 | loss=1.0971 | diff=0.5900 | kd=0.3556 | recon=0.4715 | t=48s
  Ep 184 | step 0650/1868 | loss=1.0419 | diff=0.5932 | kd=0.2627 | recon=0.4224 | t=52s
  Ep 184 | step 0700/1868 | loss=1.0064 | diff=0.5927 | kd=0.3248 | recon=0.3812 | t=56s
  Ep 184 | step 0750/1868 | loss=1.0196 | diff=0.5896 | kd=0.5808 | recon=0.3720 | t=60s
  Ep 184 | step 0800/1868 | loss=1.1026 | diff=0.5883 | kd=0.4374 | recon=0.4706 | t=64s
  Ep 184 | step 0850/1868 | loss=1.1609 | diff=0.5887 | kd=0.3554 | recon=0.5366 | t=68s
  Ep 184 | step 0900/1868 | loss=1.0403 | diff=0.5917 | kd=0.2538 | recon=0.4232 | t=72s
  Ep 184 | step 0950/1868 | loss=1.0796 | diff=0.5927 | kd=0.3444 | recon=0.4524 | t=76s
  Ep 184 | step 1000/1868 | loss=0.9809 | diff=0.5947 | kd=0.3975 | recon=0.3464 | t=80s
  Ep 184 | step 1050/1868 | loss=0.9954 | diff=0.5929 | kd=0.3665 | recon=0.3658 | t=84s
  Ep 184 | step 1100/1868 | loss=1.0084 | diff=0.5963 | kd=0.3078 | recon=0.3812 | t=88s
  Ep 184 | step 1150/1868 | loss=1.0503 | diff=0.5893 | kd=0.2338 | recon=0.4376 | t=92s
  Ep 184 | step 1200/1868 | loss=1.0288 | diff=0.5921 | kd=0.3527 | recon=0.4015 | t=96s
  Ep 184 | step 1250/1868 | loss=0.9975 | diff=0.5954 | kd=0.3486 | recon=0.3672 | t=100s
  Ep 184 | step 1300/1868 | loss=1.0016 | diff=0.5958 | kd=0.3758 | recon=0.3683 | t=104s
  Ep 184 | step 1350/1868 | loss=1.0044 | diff=0.5952 | kd=0.3579 | recon=0.3733 | t=108s
  Ep 184 | step 1400/1868 | loss=0.9845 | diff=0.5904 | kd=0.3980 | recon=0.3543 | t=111s
  Ep 184 | step 1450/1868 | loss=0.9797 | diff=0.5900 | kd=0.4087 | recon=0.3488 | t=115s
  Ep 184 | step 1500/1868 | loss=1.0088 | diff=0.5936 | kd=0.3065 | recon=0.3845 | t=120s
  Ep 184 | step 1550/1868 | loss=1.0227 | diff=0.5914 | kd=0.2800 | recon=0.4033 | t=123s
  Ep 184 | step 1600/1868 | loss=1.1444 | diff=0.5929 | kd=0.3049 | recon=0.5210 | t=127s
  Ep 184 | step 1650/1868 | loss=1.0336 | diff=0.5921 | kd=0.4744 | recon=0.3940 | t=131s
  Ep 184 | step 1700/1868 | loss=0.9580 | diff=0.5950 | kd=0.3166 | recon=0.3313 | t=135s
  Ep 184 | step 1750/1868 | loss=1.0401 | diff=0.5894 | kd=0.6991 | recon=0.3808 | t=139s
  Ep 184 | step 1800/1868 | loss=0.9931 | diff=0.5902 | kd=0.4066 | recon=0.3623 | t=143s
  Ep 184 | step 1850/1868 | loss=1.0212 | diff=0.5901 | kd=0.3373 | recon=0.3973 | t=147s

  ── Epoch 184/200 (192s) ──────────────────────
  Train  loss=1.0370  diff=0.5920  kd=0.3966  recon=0.4053
  Val    loss=1.0342  RMSE=0.4895  MAE=0.4050  lr=2.56e-06

  Ep 185 | step 0000/1868 | loss=1.0420 | diff=0.5885 | kd=0.3616 | recon=0.4173 | t=1s
  Ep 185 | step 0050/1868 | loss=1.0628 | diff=0.5926 | kd=0.7405 | recon=0.3962 | t=5s
  Ep 185 | step 0100/1868 | loss=1.0625 | diff=0.5924 | kd=0.3418 | recon=0.4359 | t=8s
  Ep 185 | step 0150/1868 | loss=1.0150 | diff=0.5925 | kd=0.6059 | recon=0.3619 | t=12s
  Ep 185 | step 0200/1868 | loss=0.9831 | diff=0.5935 | kd=0.3627 | recon=0.3533 | t=16s
  Ep 185 | step 0250/1868 | loss=1.1786 | diff=0.5906 | kd=0.4119 | recon=0.5468 | t=20s
  Ep 185 | step 0300/1868 | loss=1.0152 | diff=0.5929 | kd=0.3847 | recon=0.3838 | t=24s
  Ep 185 | step 0350/1868 | loss=1.0075 | diff=0.5895 | kd=0.4680 | recon=0.3712 | t=28s
  Ep 185 | step 0400/1868 | loss=1.1172 | diff=0.5918 | kd=0.3188 | recon=0.4936 | t=32s
  Ep 185 | step 0450/1868 | loss=1.0021 | diff=0.5904 | kd=0.5620 | recon=0.3555 | t=36s
  Ep 185 | step 0500/1868 | loss=0.9906 | diff=0.5922 | kd=0.3621 | recon=0.3622 | t=40s
  Ep 185 | step 0550/1868 | loss=1.0669 | diff=0.5872 | kd=0.3314 | recon=0.4466 | t=44s
  Ep 185 | step 0600/1868 | loss=0.9984 | diff=0.5921 | kd=0.2834 | recon=0.3780 | t=48s
  Ep 185 | step 0650/1868 | loss=1.0245 | diff=0.5916 | kd=0.3560 | recon=0.3973 | t=52s
  Ep 185 | step 0700/1868 | loss=1.0198 | diff=0.5896 | kd=0.3751 | recon=0.3927 | t=56s
  Ep 185 | step 0750/1868 | loss=1.0837 | diff=0.5922 | kd=0.3135 | recon=0.4602 | t=60s
  Ep 185 | step 0800/1868 | loss=1.0775 | diff=0.5933 | kd=0.4455 | recon=0.4397 | t=64s
  Ep 185 | step 0850/1868 | loss=1.0535 | diff=0.5943 | kd=0.3548 | recon=0.4237 | t=68s
  Ep 185 | step 0900/1868 | loss=1.0613 | diff=0.5915 | kd=0.3352 | recon=0.4363 | t=72s
  Ep 185 | step 0950/1868 | loss=0.9854 | diff=0.5888 | kd=0.2694 | recon=0.3697 | t=76s
  Ep 185 | step 1000/1868 | loss=1.0334 | diff=0.5917 | kd=0.2702 | recon=0.4147 | t=80s
  Ep 185 | step 1050/1868 | loss=0.9947 | diff=0.5948 | kd=0.3536 | recon=0.3646 | t=84s
  Ep 185 | step 1100/1868 | loss=1.1347 | diff=0.5940 | kd=0.3033 | recon=0.5104 | t=87s
  Ep 185 | step 1150/1868 | loss=1.0688 | diff=0.5926 | kd=0.3887 | recon=0.4374 | t=91s
  Ep 185 | step 1200/1868 | loss=0.9760 | diff=0.5943 | kd=0.3376 | recon=0.3479 | t=95s
  Ep 185 | step 1250/1868 | loss=1.0238 | diff=0.5918 | kd=0.3800 | recon=0.3941 | t=99s
  Ep 185 | step 1300/1868 | loss=0.9855 | diff=0.5910 | kd=0.2698 | recon=0.3676 | t=103s
  Ep 185 | step 1350/1868 | loss=1.0487 | diff=0.5891 | kd=0.4259 | recon=0.4170 | t=107s
  Ep 185 | step 1400/1868 | loss=1.1139 | diff=0.5935 | kd=0.4524 | recon=0.4751 | t=111s
  Ep 185 | step 1450/1868 | loss=1.0030 | diff=0.5877 | kd=0.5143 | recon=0.3639 | t=115s
  Ep 185 | step 1500/1868 | loss=1.0442 | diff=0.5964 | kd=0.4157 | recon=0.4063 | t=119s
  Ep 185 | step 1550/1868 | loss=1.0255 | diff=0.5877 | kd=0.3889 | recon=0.3990 | t=123s
  Ep 185 | step 1600/1868 | loss=0.9892 | diff=0.5924 | kd=0.3106 | recon=0.3657 | t=127s
  Ep 185 | step 1650/1868 | loss=1.0393 | diff=0.5906 | kd=0.5786 | recon=0.3908 | t=131s
  Ep 185 | step 1700/1868 | loss=0.9899 | diff=0.5962 | kd=0.2733 | recon=0.3663 | t=135s
  Ep 185 | step 1750/1868 | loss=1.0218 | diff=0.5920 | kd=0.4148 | recon=0.3884 | t=139s
  Ep 185 | step 1800/1868 | loss=1.0288 | diff=0.5934 | kd=0.4076 | recon=0.3946 | t=143s
  Ep 185 | step 1850/1868 | loss=1.0833 | diff=0.5917 | kd=0.4282 | recon=0.4487 | t=147s

  ── Epoch 185/200 (191s) ──────────────────────
  Train  loss=1.0369  diff=0.5919  kd=0.3964  recon=0.4053
  Val    loss=1.0347  RMSE=0.4895  MAE=0.4050  lr=2.37e-06

  Ep 186 | step 0000/1868 | loss=1.0531 | diff=0.5901 | kd=0.6875 | recon=0.3942 | t=1s
  Ep 186 | step 0050/1868 | loss=1.0198 | diff=0.5943 | kd=0.3964 | recon=0.3859 | t=4s
  Ep 186 | step 0100/1868 | loss=0.9903 | diff=0.5917 | kd=0.2688 | recon=0.3718 | t=8s
  Ep 186 | step 0150/1868 | loss=0.9776 | diff=0.5935 | kd=0.3986 | recon=0.3443 | t=12s
  Ep 186 | step 0200/1868 | loss=1.0460 | diff=0.5920 | kd=0.6865 | recon=0.3853 | t=16s
  Ep 186 | step 0250/1868 | loss=1.0139 | diff=0.5936 | kd=0.3625 | recon=0.3840 | t=20s
  Ep 186 | step 0300/1868 | loss=1.0261 | diff=0.5899 | kd=0.4151 | recon=0.3947 | t=24s
  Ep 186 | step 0350/1868 | loss=1.0723 | diff=0.5930 | kd=0.4764 | recon=0.4316 | t=28s
  Ep 186 | step 0400/1868 | loss=1.0089 | diff=0.5917 | kd=0.3432 | recon=0.3829 | t=32s
  Ep 186 | step 0450/1868 | loss=1.1077 | diff=0.5908 | kd=0.7915 | recon=0.4378 | t=36s
  Ep 186 | step 0500/1868 | loss=1.1076 | diff=0.5931 | kd=0.3919 | recon=0.4753 | t=40s
  Ep 186 | step 0550/1868 | loss=1.0543 | diff=0.5938 | kd=0.5338 | recon=0.4071 | t=44s
  Ep 186 | step 0600/1868 | loss=1.0457 | diff=0.5923 | kd=0.4086 | recon=0.4125 | t=48s
  Ep 186 | step 0650/1868 | loss=1.0281 | diff=0.5924 | kd=0.3763 | recon=0.3981 | t=51s
  Ep 186 | step 0700/1868 | loss=1.1907 | diff=0.5917 | kd=0.6547 | recon=0.5335 | t=55s
  Ep 186 | step 0750/1868 | loss=1.0213 | diff=0.5924 | kd=0.3293 | recon=0.3961 | t=59s
  Ep 186 | step 0800/1868 | loss=1.1259 | diff=0.5886 | kd=0.2585 | recon=0.5115 | t=63s
  Ep 186 | step 0850/1868 | loss=1.1399 | diff=0.5901 | kd=1.0133 | recon=0.4485 | t=67s
  Ep 186 | step 0900/1868 | loss=1.0735 | diff=0.5900 | kd=0.3358 | recon=0.4499 | t=71s
  Ep 186 | step 0950/1868 | loss=1.0344 | diff=0.5908 | kd=0.4590 | recon=0.3976 | t=75s
  Ep 186 | step 1000/1868 | loss=0.9922 | diff=0.5898 | kd=0.3620 | recon=0.3662 | t=79s
  Ep 186 | step 1050/1868 | loss=1.0650 | diff=0.5912 | kd=0.3398 | recon=0.4398 | t=83s
  Ep 186 | step 1100/1868 | loss=0.9890 | diff=0.5918 | kd=0.3479 | recon=0.3625 | t=87s
  Ep 186 | step 1150/1868 | loss=1.0173 | diff=0.5928 | kd=0.2764 | recon=0.3968 | t=90s
  Ep 186 | step 1200/1868 | loss=1.0855 | diff=0.5900 | kd=0.2443 | recon=0.4710 | t=94s
  Ep 186 | step 1250/1868 | loss=1.0120 | diff=0.5933 | kd=0.2963 | recon=0.3891 | t=98s
  Ep 186 | step 1300/1868 | loss=0.9983 | diff=0.5914 | kd=0.3925 | recon=0.3677 | t=102s
  Ep 186 | step 1350/1868 | loss=1.0213 | diff=0.5908 | kd=0.4069 | recon=0.3898 | t=106s
  Ep 186 | step 1400/1868 | loss=0.9926 | diff=0.5876 | kd=0.2416 | recon=0.3808 | t=110s
  Ep 186 | step 1450/1868 | loss=0.9731 | diff=0.5917 | kd=0.3686 | recon=0.3446 | t=114s
  Ep 186 | step 1500/1868 | loss=1.0191 | diff=0.5912 | kd=0.3165 | recon=0.3963 | t=118s
  Ep 186 | step 1550/1868 | loss=1.0387 | diff=0.5934 | kd=0.3651 | recon=0.4088 | t=122s
  Ep 186 | step 1600/1868 | loss=1.0363 | diff=0.5944 | kd=0.3765 | recon=0.4043 | t=126s
  Ep 186 | step 1650/1868 | loss=1.0084 | diff=0.5869 | kd=0.2719 | recon=0.3943 | t=130s
  Ep 186 | step 1700/1868 | loss=1.0102 | diff=0.5890 | kd=0.3164 | recon=0.3896 | t=133s
  Ep 186 | step 1750/1868 | loss=1.0969 | diff=0.5936 | kd=0.4777 | recon=0.4555 | t=137s
  Ep 186 | step 1800/1868 | loss=1.0738 | diff=0.5913 | kd=0.3673 | recon=0.4457 | t=141s
  Ep 186 | step 1850/1868 | loss=0.9985 | diff=0.5937 | kd=0.3281 | recon=0.3721 | t=145s

  ── Epoch 186/200 (189s) ──────────────────────
  Train  loss=1.0368  diff=0.5919  kd=0.3959  recon=0.4053
  Val    loss=1.0339  RMSE=0.4895  MAE=0.4050  lr=2.19e-06
  [BEST] Checkpoint saved → checkpoints/best_model.pth

  Ep 187 | step 0000/1868 | loss=1.0127 | diff=0.5924 | kd=0.2905 | recon=0.3913 | t=0s
  Ep 187 | step 0050/1868 | loss=0.9918 | diff=0.5934 | kd=0.3152 | recon=0.3669 | t=4s
  Ep 187 | step 0100/1868 | loss=1.0626 | diff=0.5935 | kd=0.6276 | recon=0.4063 | t=8s
  Ep 187 | step 0150/1868 | loss=1.0891 | diff=0.5963 | kd=0.3381 | recon=0.4590 | t=12s
  Ep 187 | step 0200/1868 | loss=1.0043 | diff=0.5917 | kd=0.3155 | recon=0.3810 | t=16s
  Ep 187 | step 0250/1868 | loss=1.0235 | diff=0.5932 | kd=0.2799 | recon=0.4023 | t=20s
  Ep 187 | step 0300/1868 | loss=1.0048 | diff=0.5934 | kd=0.2611 | recon=0.3853 | t=24s
  Ep 187 | step 0350/1868 | loss=1.0634 | diff=0.5912 | kd=0.3395 | recon=0.4382 | t=28s
  Ep 187 | step 0400/1868 | loss=0.9683 | diff=0.5909 | kd=0.3381 | recon=0.3436 | t=32s
  Ep 187 | step 0450/1868 | loss=1.0453 | diff=0.5919 | kd=0.5339 | recon=0.4000 | t=36s
  Ep 187 | step 0500/1868 | loss=0.9954 | diff=0.5861 | kd=0.3608 | recon=0.3732 | t=40s
  Ep 187 | step 0550/1868 | loss=1.0742 | diff=0.5952 | kd=0.4450 | recon=0.4345 | t=43s
  Ep 187 | step 0600/1868 | loss=1.0173 | diff=0.5942 | kd=0.3008 | recon=0.3930 | t=47s
  Ep 187 | step 0650/1868 | loss=0.9970 | diff=0.5902 | kd=0.4416 | recon=0.3627 | t=51s
  Ep 187 | step 0700/1868 | loss=1.0177 | diff=0.5896 | kd=0.3486 | recon=0.3932 | t=55s
  Ep 187 | step 0750/1868 | loss=1.0800 | diff=0.5900 | kd=0.6219 | recon=0.4278 | t=59s
  Ep 187 | step 0800/1868 | loss=1.0705 | diff=0.5958 | kd=0.2663 | recon=0.4481 | t=63s
  Ep 187 | step 0850/1868 | loss=1.0232 | diff=0.5928 | kd=0.4400 | recon=0.3864 | t=67s
  Ep 187 | step 0900/1868 | loss=1.0687 | diff=0.5908 | kd=0.4801 | recon=0.4299 | t=71s
  Ep 187 | step 0950/1868 | loss=1.0676 | diff=0.5885 | kd=0.5041 | recon=0.4287 | t=75s
  Ep 187 | step 1000/1868 | loss=1.0036 | diff=0.5925 | kd=0.4097 | recon=0.3701 | t=79s
  Ep 187 | step 1050/1868 | loss=0.9688 | diff=0.5906 | kd=0.2688 | recon=0.3514 | t=83s
  Ep 187 | step 1100/1868 | loss=1.1155 | diff=0.5968 | kd=0.6040 | recon=0.4582 | t=87s
  Ep 187 | step 1150/1868 | loss=0.9557 | diff=0.5915 | kd=0.3192 | recon=0.3323 | t=91s
  Ep 187 | step 1200/1868 | loss=1.1188 | diff=0.5945 | kd=0.2301 | recon=0.5013 | t=94s
  Ep 187 | step 1250/1868 | loss=0.9985 | diff=0.5915 | kd=0.4001 | recon=0.3670 | t=98s
  Ep 187 | step 1300/1868 | loss=1.0674 | diff=0.5902 | kd=0.2600 | recon=0.4512 | t=102s
  Ep 187 | step 1350/1868 | loss=0.9660 | diff=0.5923 | kd=0.3240 | recon=0.3413 | t=106s
  Ep 187 | step 1400/1868 | loss=1.0955 | diff=0.5898 | kd=0.5875 | recon=0.4470 | t=110s
  Ep 187 | step 1450/1868 | loss=1.0917 | diff=0.5959 | kd=0.3948 | recon=0.4562 | t=114s
  Ep 187 | step 1500/1868 | loss=1.1253 | diff=0.5911 | kd=0.4256 | recon=0.4917 | t=118s
  Ep 187 | step 1550/1868 | loss=1.0066 | diff=0.5897 | kd=0.3704 | recon=0.3799 | t=122s
  Ep 187 | step 1600/1868 | loss=1.0388 | diff=0.5935 | kd=0.3775 | recon=0.4076 | t=126s
  Ep 187 | step 1650/1868 | loss=0.9725 | diff=0.5908 | kd=0.2569 | recon=0.3560 | t=130s
  Ep 187 | step 1700/1868 | loss=1.1044 | diff=0.5928 | kd=0.8501 | recon=0.4266 | t=134s
  Ep 187 | step 1750/1868 | loss=1.0181 | diff=0.5959 | kd=0.3821 | recon=0.3840 | t=138s
  Ep 187 | step 1800/1868 | loss=1.0887 | diff=0.5911 | kd=0.3948 | recon=0.4581 | t=142s
  Ep 187 | step 1850/1868 | loss=1.0611 | diff=0.5925 | kd=0.2348 | recon=0.4451 | t=146s

  ── Epoch 187/200 (190s) ──────────────────────
  Train  loss=1.0369  diff=0.5919  kd=0.3964  recon=0.4053
  Val    loss=1.0347  RMSE=0.4895  MAE=0.4050  lr=2.03e-06

  Ep 188 | step 0000/1868 | loss=0.9654 | diff=0.5921 | kd=0.4151 | recon=0.3318 | t=1s
  Ep 188 | step 0050/1868 | loss=1.0585 | diff=0.5946 | kd=0.5421 | recon=0.4097 | t=5s
  Ep 188 | step 0100/1868 | loss=1.0106 | diff=0.5873 | kd=0.3484 | recon=0.3884 | t=8s
  Ep 188 | step 0150/1868 | loss=1.1170 | diff=0.5924 | kd=0.2729 | recon=0.4974 | t=12s
  Ep 188 | step 0200/1868 | loss=1.0545 | diff=0.5949 | kd=0.2913 | recon=0.4305 | t=16s
  Ep 188 | step 0250/1868 | loss=1.0733 | diff=0.5937 | kd=0.4168 | recon=0.4379 | t=20s
  Ep 188 | step 0300/1868 | loss=0.9992 | diff=0.5893 | kd=0.3723 | recon=0.3727 | t=24s
  Ep 188 | step 0350/1868 | loss=1.0218 | diff=0.5900 | kd=0.4083 | recon=0.3910 | t=28s
  Ep 188 | step 0400/1868 | loss=1.1531 | diff=0.6020 | kd=1.2201 | recon=0.4290 | t=32s
  Ep 188 | step 0450/1868 | loss=1.0427 | diff=0.5910 | kd=0.3613 | recon=0.4156 | t=35s
  Ep 188 | step 0500/1868 | loss=0.9800 | diff=0.5934 | kd=0.4531 | recon=0.3413 | t=39s
  Ep 188 | step 0550/1868 | loss=0.9916 | diff=0.5898 | kd=0.2981 | recon=0.3720 | t=43s
  Ep 188 | step 0600/1868 | loss=1.0539 | diff=0.5903 | kd=0.3898 | recon=0.4246 | t=47s
  Ep 188 | step 0650/1868 | loss=1.0566 | diff=0.5874 | kd=0.4396 | recon=0.4253 | t=51s
  Ep 188 | step 0700/1868 | loss=1.0147 | diff=0.5947 | kd=0.3116 | recon=0.3889 | t=55s
  Ep 188 | step 0750/1868 | loss=1.0098 | diff=0.5916 | kd=0.5955 | recon=0.3586 | t=59s
  Ep 188 | step 0800/1868 | loss=1.0164 | diff=0.5933 | kd=0.3399 | recon=0.3891 | t=63s
  Ep 188 | step 0850/1868 | loss=0.9933 | diff=0.5893 | kd=0.3215 | recon=0.3719 | t=67s
  Ep 188 | step 0900/1868 | loss=1.0217 | diff=0.5926 | kd=0.3513 | recon=0.3940 | t=71s
  Ep 188 | step 0950/1868 | loss=1.0621 | diff=0.6176 | kd=0.4859 | recon=0.3959 | t=75s
  Ep 188 | step 1000/1868 | loss=1.0507 | diff=0.5930 | kd=0.3425 | recon=0.4235 | t=78s
  Ep 188 | step 1050/1868 | loss=1.0151 | diff=0.5897 | kd=0.3463 | recon=0.3908 | t=82s
  Ep 188 | step 1100/1868 | loss=1.0359 | diff=0.5914 | kd=0.3308 | recon=0.4114 | t=86s
  Ep 188 | step 1150/1868 | loss=0.9938 | diff=0.5932 | kd=0.2913 | recon=0.3715 | t=90s
  Ep 188 | step 1200/1868 | loss=1.0311 | diff=0.5936 | kd=0.4448 | recon=0.3930 | t=94s
  Ep 188 | step 1250/1868 | loss=1.0708 | diff=0.5922 | kd=0.2420 | recon=0.4544 | t=98s
  Ep 188 | step 1300/1868 | loss=1.1205 | diff=0.6092 | kd=0.3787 | recon=0.4735 | t=102s
  Ep 188 | step 1350/1868 | loss=1.0140 | diff=0.5922 | kd=0.3898 | recon=0.3829 | t=106s
  Ep 188 | step 1400/1868 | loss=1.0902 | diff=0.5907 | kd=0.4296 | recon=0.4565 | t=110s
  Ep 188 | step 1450/1868 | loss=1.0387 | diff=0.5915 | kd=0.4715 | recon=0.4001 | t=114s
  Ep 188 | step 1500/1868 | loss=1.1268 | diff=0.5892 | kd=0.3012 | recon=0.5075 | t=118s
  Ep 188 | step 1550/1868 | loss=1.0223 | diff=0.5917 | kd=0.4330 | recon=0.3873 | t=122s
  Ep 188 | step 1600/1868 | loss=1.1326 | diff=0.5900 | kd=0.6720 | recon=0.4754 | t=126s
  Ep 188 | step 1650/1868 | loss=1.0518 | diff=0.5909 | kd=0.4488 | recon=0.4161 | t=130s
  Ep 188 | step 1700/1868 | loss=1.0116 | diff=0.5938 | kd=0.4370 | recon=0.3741 | t=134s
  Ep 188 | step 1750/1868 | loss=1.0219 | diff=0.5915 | kd=0.3424 | recon=0.3961 | t=138s
  Ep 188 | step 1800/1868 | loss=1.0554 | diff=0.5910 | kd=0.2918 | recon=0.4351 | t=142s
  Ep 188 | step 1850/1868 | loss=1.0679 | diff=0.5929 | kd=0.2942 | recon=0.4456 | t=146s

  ── Epoch 188/200 (191s) ──────────────────────
  Train  loss=1.0367  diff=0.5918  kd=0.3960  recon=0.4053
  Val    loss=1.0339  RMSE=0.4895  MAE=0.4050  lr=1.88e-06
  [BEST] Checkpoint saved → checkpoints/best_model.pth

  Ep 189 | step 0000/1868 | loss=0.9995 | diff=0.5917 | kd=0.3441 | recon=0.3734 | t=1s
  Ep 189 | step 0050/1868 | loss=1.1201 | diff=0.5942 | kd=0.6168 | recon=0.4642 | t=4s
  Ep 189 | step 0100/1868 | loss=0.9537 | diff=0.5929 | kd=0.4172 | recon=0.3191 | t=8s
  Ep 189 | step 0150/1868 | loss=0.9989 | diff=0.5923 | kd=0.2781 | recon=0.3788 | t=12s
  Ep 189 | step 0200/1868 | loss=0.9445 | diff=0.5906 | kd=0.3531 | recon=0.3186 | t=16s
  Ep 189 | step 0250/1868 | loss=1.0278 | diff=0.5951 | kd=0.3874 | recon=0.3940 | t=20s
  Ep 189 | step 0300/1868 | loss=1.0634 | diff=0.5907 | kd=0.5988 | recon=0.4128 | t=24s
  Ep 189 | step 0350/1868 | loss=1.0961 | diff=0.5937 | kd=0.7139 | recon=0.4310 | t=28s
  Ep 189 | step 0400/1868 | loss=1.0314 | diff=0.5927 | kd=0.3937 | recon=0.3993 | t=32s
  Ep 189 | step 0450/1868 | loss=1.0385 | diff=0.5941 | kd=0.3538 | recon=0.4090 | t=36s
  Ep 189 | step 0500/1868 | loss=1.0447 | diff=0.5926 | kd=0.6152 | recon=0.3906 | t=40s
  Ep 189 | step 0550/1868 | loss=1.0074 | diff=0.5920 | kd=0.4164 | recon=0.3737 | t=44s
  Ep 189 | step 0600/1868 | loss=0.9643 | diff=0.5889 | kd=0.2583 | recon=0.3496 | t=48s
  Ep 189 | step 0650/1868 | loss=1.0432 | diff=0.5924 | kd=0.4421 | recon=0.4066 | t=52s
  Ep 189 | step 0700/1868 | loss=1.1089 | diff=0.5945 | kd=0.4627 | recon=0.4682 | t=56s
  Ep 189 | step 0750/1868 | loss=1.0333 | diff=0.5916 | kd=0.3667 | recon=0.4051 | t=60s
  Ep 189 | step 0800/1868 | loss=1.1031 | diff=0.5866 | kd=0.5159 | recon=0.4649 | t=64s
  Ep 189 | step 0850/1868 | loss=1.0687 | diff=0.5909 | kd=0.3598 | recon=0.4418 | t=67s
  Ep 189 | step 0900/1868 | loss=0.9766 | diff=0.5949 | kd=0.3861 | recon=0.3432 | t=71s
  Ep 189 | step 0950/1868 | loss=1.1427 | diff=0.5898 | kd=0.3567 | recon=0.5172 | t=75s
  Ep 189 | step 1000/1868 | loss=1.1649 | diff=0.5949 | kd=0.3953 | recon=0.5304 | t=79s
  Ep 189 | step 1050/1868 | loss=1.1121 | diff=0.5930 | kd=0.4198 | recon=0.4772 | t=83s
  Ep 189 | step 1100/1868 | loss=1.0707 | diff=0.5900 | kd=0.7104 | recon=0.4096 | t=87s
  Ep 189 | step 1150/1868 | loss=1.0442 | diff=0.5946 | kd=0.3575 | recon=0.4139 | t=91s
  Ep 189 | step 1200/1868 | loss=1.0738 | diff=0.5916 | kd=0.6154 | recon=0.4207 | t=95s
  Ep 189 | step 1250/1868 | loss=0.9885 | diff=0.5915 | kd=0.2668 | recon=0.3704 | t=99s
  Ep 189 | step 1300/1868 | loss=1.0420 | diff=0.5906 | kd=0.5602 | recon=0.3954 | t=103s
  Ep 189 | step 1350/1868 | loss=0.9837 | diff=0.5962 | kd=0.3124 | recon=0.3563 | t=107s
  Ep 189 | step 1400/1868 | loss=1.0349 | diff=0.5911 | kd=0.3973 | recon=0.4041 | t=111s
  Ep 189 | step 1450/1868 | loss=1.1062 | diff=0.5953 | kd=0.5634 | recon=0.4546 | t=115s
  Ep 189 | step 1500/1868 | loss=0.9692 | diff=0.5916 | kd=0.3329 | recon=0.3443 | t=119s
  Ep 189 | step 1550/1868 | loss=1.1014 | diff=0.5924 | kd=0.4020 | recon=0.4687 | t=122s
  Ep 189 | step 1600/1868 | loss=1.0108 | diff=0.5880 | kd=0.5332 | recon=0.3695 | t=126s
  Ep 189 | step 1650/1868 | loss=1.0310 | diff=0.5889 | kd=0.4459 | recon=0.3975 | t=130s
  Ep 189 | step 1700/1868 | loss=1.0476 | diff=0.5953 | kd=0.3731 | recon=0.4150 | t=134s
  Ep 189 | step 1750/1868 | loss=0.9741 | diff=0.5912 | kd=0.3649 | recon=0.3463 | t=138s
  Ep 189 | step 1800/1868 | loss=1.0281 | diff=0.5913 | kd=0.3327 | recon=0.4035 | t=142s
  Ep 189 | step 1850/1868 | loss=1.0114 | diff=0.5923 | kd=0.3078 | recon=0.3883 | t=146s

  ── Epoch 189/200 (190s) ──────────────────────
  Train  loss=1.0368  diff=0.5920  kd=0.3956  recon=0.4053
  Val    loss=1.0341  RMSE=0.4895  MAE=0.4050  lr=1.74e-06

  Ep 190 | step 0000/1868 | loss=0.9787 | diff=0.5930 | kd=0.2650 | recon=0.3592 | t=1s
  Ep 190 | step 0050/1868 | loss=1.0188 | diff=0.5915 | kd=0.4115 | recon=0.3861 | t=4s
  Ep 190 | step 0100/1868 | loss=1.0174 | diff=0.5872 | kd=0.3091 | recon=0.3992 | t=8s
  Ep 190 | step 0150/1868 | loss=0.9583 | diff=0.5957 | kd=0.2978 | recon=0.3329 | t=12s
  Ep 190 | step 0200/1868 | loss=1.0308 | diff=0.5913 | kd=0.3271 | recon=0.4068 | t=16s
  Ep 190 | step 0250/1868 | loss=0.9453 | diff=0.5911 | kd=0.2789 | recon=0.3263 | t=20s
  Ep 190 | step 0300/1868 | loss=1.1186 | diff=0.5886 | kd=0.4196 | recon=0.4880 | t=24s
  Ep 190 | step 0350/1868 | loss=1.1416 | diff=0.5915 | kd=0.4105 | recon=0.5090 | t=28s
  Ep 190 | step 0400/1868 | loss=1.0789 | diff=0.5953 | kd=0.5212 | recon=0.4315 | t=32s
  Ep 190 | step 0450/1868 | loss=1.1418 | diff=0.5903 | kd=0.4368 | recon=0.5078 | t=36s
  Ep 190 | step 0500/1868 | loss=1.0186 | diff=0.5900 | kd=0.3820 | recon=0.3904 | t=40s
  Ep 190 | step 0550/1868 | loss=1.0509 | diff=0.5902 | kd=0.2873 | recon=0.4320 | t=44s
  Ep 190 | step 0600/1868 | loss=1.0274 | diff=0.5929 | kd=0.3003 | recon=0.4044 | t=48s
  Ep 190 | step 0650/1868 | loss=1.0484 | diff=0.5898 | kd=0.3924 | recon=0.4193 | t=52s
  Ep 190 | step 0700/1868 | loss=0.9857 | diff=0.5879 | kd=0.2751 | recon=0.3703 | t=56s
  Ep 190 | step 0750/1868 | loss=1.0644 | diff=0.5941 | kd=0.3670 | recon=0.4336 | t=60s
  Ep 190 | step 0800/1868 | loss=0.9488 | diff=0.5950 | kd=0.2770 | recon=0.3261 | t=63s
  Ep 190 | step 0850/1868 | loss=1.0677 | diff=0.5933 | kd=0.3256 | recon=0.4419 | t=67s
  Ep 190 | step 0900/1868 | loss=1.0456 | diff=0.5870 | kd=0.3306 | recon=0.4255 | t=71s
  Ep 190 | step 0950/1868 | loss=1.0815 | diff=0.5943 | kd=0.6938 | recon=0.4179 | t=75s
  Ep 190 | step 1000/1868 | loss=1.0751 | diff=0.5856 | kd=0.7390 | recon=0.4156 | t=79s
  Ep 190 | step 1050/1868 | loss=1.1161 | diff=0.5943 | kd=0.3814 | recon=0.4836 | t=83s
  Ep 190 | step 1100/1868 | loss=0.9511 | diff=0.5962 | kd=0.3466 | recon=0.3202 | t=87s
  Ep 190 | step 1150/1868 | loss=1.0563 | diff=0.5926 | kd=0.3840 | recon=0.4253 | t=91s
  Ep 190 | step 1200/1868 | loss=1.0525 | diff=0.5961 | kd=0.3183 | recon=0.4245 | t=95s
  Ep 190 | step 1250/1868 | loss=1.0082 | diff=0.5931 | kd=0.3775 | recon=0.3773 | t=99s
  Ep 190 | step 1300/1868 | loss=1.1093 | diff=0.5918 | kd=0.3763 | recon=0.4799 | t=103s
  Ep 190 | step 1350/1868 | loss=1.0237 | diff=0.5901 | kd=0.4427 | recon=0.3893 | t=106s
  Ep 190 | step 1400/1868 | loss=1.0151 | diff=0.5918 | kd=0.4266 | recon=0.3807 | t=110s
  Ep 190 | step 1450/1868 | loss=1.1329 | diff=0.5908 | kd=0.9438 | recon=0.4478 | t=114s
  Ep 190 | step 1500/1868 | loss=1.0756 | diff=0.5894 | kd=0.5977 | recon=0.4265 | t=118s
  Ep 190 | step 1550/1868 | loss=1.0559 | diff=0.5904 | kd=0.4118 | recon=0.4243 | t=122s
  Ep 190 | step 1600/1868 | loss=1.0723 | diff=0.5851 | kd=0.7714 | recon=0.4100 | t=126s
  Ep 190 | step 1650/1868 | loss=0.9432 | diff=0.5894 | kd=0.3583 | recon=0.3180 | t=130s
  Ep 190 | step 1700/1868 | loss=0.9974 | diff=0.5889 | kd=0.3367 | recon=0.3748 | t=134s
  Ep 190 | step 1750/1868 | loss=1.0351 | diff=0.5894 | kd=0.3177 | recon=0.4140 | t=138s
  Ep 190 | step 1800/1868 | loss=1.0790 | diff=0.5922 | kd=0.4825 | recon=0.4386 | t=142s
  Ep 190 | step 1850/1868 | loss=1.0877 | diff=0.5941 | kd=0.3700 | recon=0.4567 | t=145s

  ── Epoch 190/200 (190s) ──────────────────────
  Train  loss=1.0367  diff=0.5919  kd=0.3956  recon=0.4053
  Val    loss=1.0345  RMSE=0.4895  MAE=0.4050  lr=1.61e-06
  [EP190] Checkpoint saved → checkpoints/epoch_190.pth

  Ep 191 | step 0000/1868 | loss=1.0113 | diff=0.5916 | kd=0.3537 | recon=0.3843 | t=1s
  Ep 191 | step 0050/1868 | loss=1.0387 | diff=0.5985 | kd=0.6579 | recon=0.3743 | t=4s
  Ep 191 | step 0100/1868 | loss=1.0079 | diff=0.5908 | kd=0.2277 | recon=0.3943 | t=8s
  Ep 191 | step 0150/1868 | loss=1.1132 | diff=0.5921 | kd=0.3561 | recon=0.4855 | t=12s
  Ep 191 | step 0200/1868 | loss=1.0183 | diff=0.5968 | kd=0.3831 | recon=0.3831 | t=16s
  Ep 191 | step 0250/1868 | loss=1.0829 | diff=0.5908 | kd=0.5140 | recon=0.4407 | t=20s
  Ep 191 | step 0300/1868 | loss=1.0194 | diff=0.5909 | kd=0.3800 | recon=0.3905 | t=24s
  Ep 191 | step 0350/1868 | loss=0.9758 | diff=0.5902 | kd=0.3335 | recon=0.3523 | t=28s
  Ep 191 | step 0400/1868 | loss=1.0988 | diff=0.5947 | kd=0.3589 | recon=0.4683 | t=32s
  Ep 191 | step 0450/1868 | loss=0.9566 | diff=0.5914 | kd=0.3599 | recon=0.3293 | t=36s
  Ep 191 | step 0500/1868 | loss=0.9906 | diff=0.5923 | kd=0.2717 | recon=0.3711 | t=40s
  Ep 191 | step 0550/1868 | loss=1.0914 | diff=0.5902 | kd=0.4584 | recon=0.4553 | t=44s
  Ep 191 | step 0600/1868 | loss=0.9788 | diff=0.5932 | kd=0.2948 | recon=0.3561 | t=48s
  Ep 191 | step 0650/1868 | loss=1.1681 | diff=0.5869 | kd=0.3258 | recon=0.5486 | t=51s
  Ep 191 | step 0700/1868 | loss=1.1153 | diff=0.5915 | kd=0.6083 | recon=0.4630 | t=55s
  Ep 191 | step 0750/1868 | loss=1.0724 | diff=0.5918 | kd=0.5196 | recon=0.4286 | t=59s
  Ep 191 | step 0800/1868 | loss=1.0063 | diff=0.5921 | kd=0.3308 | recon=0.3811 | t=63s
  Ep 191 | step 0850/1868 | loss=1.0441 | diff=0.5906 | kd=0.2840 | recon=0.4251 | t=67s
  Ep 191 | step 0900/1868 | loss=1.0500 | diff=0.5946 | kd=0.6464 | recon=0.3907 | t=71s
  Ep 191 | step 0950/1868 | loss=1.0705 | diff=0.5928 | kd=0.3253 | recon=0.4452 | t=75s
  Ep 191 | step 1000/1868 | loss=0.9245 | diff=0.5884 | kd=0.2930 | recon=0.3068 | t=79s
  Ep 191 | step 1050/1868 | loss=0.9846 | diff=0.5868 | kd=0.3001 | recon=0.3678 | t=83s
  Ep 191 | step 1100/1868 | loss=1.0544 | diff=0.5891 | kd=0.4844 | recon=0.4169 | t=87s
  Ep 191 | step 1150/1868 | loss=0.9948 | diff=0.5911 | kd=0.3554 | recon=0.3681 | t=91s
  Ep 191 | step 1200/1868 | loss=0.9755 | diff=0.5892 | kd=0.2694 | recon=0.3593 | t=95s
  Ep 191 | step 1250/1868 | loss=1.0971 | diff=0.5893 | kd=0.5700 | recon=0.4507 | t=98s
  Ep 191 | step 1300/1868 | loss=1.0216 | diff=0.5940 | kd=0.3529 | recon=0.3923 | t=102s
  Ep 191 | step 1350/1868 | loss=0.9505 | diff=0.5924 | kd=0.2981 | recon=0.3283 | t=106s
  Ep 191 | step 1400/1868 | loss=0.9521 | diff=0.5885 | kd=0.3464 | recon=0.3289 | t=110s
  Ep 191 | step 1450/1868 | loss=1.1513 | diff=0.5930 | kd=0.6663 | recon=0.4916 | t=114s
  Ep 191 | step 1500/1868 | loss=1.1113 | diff=0.5892 | kd=0.5930 | recon=0.4628 | t=118s
  Ep 191 | step 1550/1868 | loss=0.9975 | diff=0.5931 | kd=0.3020 | recon=0.3741 | t=122s
  Ep 191 | step 1600/1868 | loss=0.9893 | diff=0.5920 | kd=0.3009 | recon=0.3672 | t=126s
  Ep 191 | step 1650/1868 | loss=1.0871 | diff=0.5918 | kd=0.4900 | recon=0.4463 | t=130s
  Ep 191 | step 1700/1868 | loss=0.9655 | diff=0.5924 | kd=0.2626 | recon=0.3469 | t=134s
  Ep 191 | step 1750/1868 | loss=1.0393 | diff=0.5876 | kd=0.3545 | recon=0.4162 | t=138s
  Ep 191 | step 1800/1868 | loss=1.0206 | diff=0.5963 | kd=0.3801 | recon=0.3863 | t=141s
  Ep 191 | step 1850/1868 | loss=1.1345 | diff=0.5919 | kd=0.5067 | recon=0.4919 | t=145s

  ── Epoch 191/200 (189s) ──────────────────────
  Train  loss=1.0368  diff=0.5919  kd=0.3953  recon=0.4053
  Val    loss=1.0338  RMSE=0.4895  MAE=0.4050  lr=1.49e-06
  [BEST] Checkpoint saved → checkpoints/best_model.pth

  Ep 192 | step 0000/1868 | loss=1.1902 | diff=0.5944 | kd=0.3748 | recon=0.5584 | t=0s
  Ep 192 | step 0050/1868 | loss=0.9624 | diff=0.5909 | kd=0.2792 | recon=0.3436 | t=4s
  Ep 192 | step 0100/1868 | loss=1.0453 | diff=0.5912 | kd=0.5383 | recon=0.4003 | t=8s
  Ep 192 | step 0150/1868 | loss=0.9639 | diff=0.5906 | kd=0.3109 | recon=0.3422 | t=12s
  Ep 192 | step 0200/1868 | loss=1.1996 | diff=0.5943 | kd=0.4878 | recon=0.5565 | t=16s
  Ep 192 | step 0250/1868 | loss=1.0957 | diff=0.5937 | kd=0.4720 | recon=0.4548 | t=20s
  Ep 192 | step 0300/1868 | loss=1.0676 | diff=0.5893 | kd=0.4197 | recon=0.4363 | t=24s
  Ep 192 | step 0350/1868 | loss=1.0166 | diff=0.5893 | kd=0.4189 | recon=0.3854 | t=28s
  Ep 192 | step 0400/1868 | loss=0.9957 | diff=0.5939 | kd=0.3967 | recon=0.3622 | t=32s
  Ep 192 | step 0450/1868 | loss=1.0455 | diff=0.5887 | kd=0.2773 | recon=0.4290 | t=36s
  Ep 192 | step 0500/1868 | loss=1.0868 | diff=0.5954 | kd=0.4417 | recon=0.4473 | t=40s
  Ep 192 | step 0550/1868 | loss=0.9705 | diff=0.5910 | kd=0.3074 | recon=0.3487 | t=44s
  Ep 192 | step 0600/1868 | loss=0.9870 | diff=0.5932 | kd=0.2807 | recon=0.3657 | t=47s
  Ep 192 | step 0650/1868 | loss=0.9625 | diff=0.5911 | kd=0.3421 | recon=0.3372 | t=51s
  Ep 192 | step 0700/1868 | loss=1.1387 | diff=0.5930 | kd=1.0030 | recon=0.4454 | t=55s
  Ep 192 | step 0750/1868 | loss=1.0124 | diff=0.5921 | kd=0.3313 | recon=0.3872 | t=59s
  Ep 192 | step 0800/1868 | loss=0.9929 | diff=0.5924 | kd=0.5876 | recon=0.3418 | t=63s
  Ep 192 | step 0850/1868 | loss=1.0459 | diff=0.5911 | kd=0.4659 | recon=0.4082 | t=67s
  Ep 192 | step 0900/1868 | loss=1.0140 | diff=0.5926 | kd=0.2299 | recon=0.3984 | t=71s
  Ep 192 | step 0950/1868 | loss=1.0234 | diff=0.5912 | kd=0.3214 | recon=0.4001 | t=75s
  Ep 192 | step 1000/1868 | loss=1.0449 | diff=0.5925 | kd=0.3596 | recon=0.4164 | t=79s
  Ep 192 | step 1050/1868 | loss=1.0869 | diff=0.5907 | kd=0.3500 | recon=0.4612 | t=83s
  Ep 192 | step 1100/1868 | loss=0.9819 | diff=0.5905 | kd=0.3700 | recon=0.3544 | t=87s
  Ep 192 | step 1150/1868 | loss=1.0268 | diff=0.5921 | kd=0.3385 | recon=0.4008 | t=91s
  Ep 192 | step 1200/1868 | loss=1.0311 | diff=0.5929 | kd=0.4860 | recon=0.3896 | t=94s
  Ep 192 | step 1250/1868 | loss=1.0443 | diff=0.5925 | kd=0.4789 | recon=0.4039 | t=98s
  Ep 192 | step 1300/1868 | loss=1.0200 | diff=0.5913 | kd=0.3131 | recon=0.3974 | t=102s
  Ep 192 | step 1350/1868 | loss=1.0463 | diff=0.5945 | kd=0.4401 | recon=0.4078 | t=106s
  Ep 192 | step 1400/1868 | loss=1.0496 | diff=0.5909 | kd=0.6342 | recon=0.3953 | t=110s
  Ep 192 | step 1450/1868 | loss=1.0452 | diff=0.5904 | kd=0.5555 | recon=0.3993 | t=114s
  Ep 192 | step 1500/1868 | loss=1.0607 | diff=0.5880 | kd=0.4858 | recon=0.4242 | t=118s
  Ep 192 | step 1550/1868 | loss=0.9808 | diff=0.5904 | kd=0.3368 | recon=0.3567 | t=122s
  Ep 192 | step 1600/1868 | loss=1.0109 | diff=0.5921 | kd=0.3579 | recon=0.3829 | t=126s
  Ep 192 | step 1650/1868 | loss=0.9877 | diff=0.5923 | kd=0.3429 | recon=0.3611 | t=130s
  Ep 192 | step 1700/1868 | loss=0.9828 | diff=0.5935 | kd=0.2871 | recon=0.3606 | t=134s
  Ep 192 | step 1750/1868 | loss=0.9853 | diff=0.5914 | kd=0.4030 | recon=0.3536 | t=138s
  Ep 192 | step 1800/1868 | loss=0.9581 | diff=0.5919 | kd=0.2974 | recon=0.3364 | t=141s
  Ep 192 | step 1850/1868 | loss=1.0529 | diff=0.5870 | kd=0.3772 | recon=0.4282 | t=145s

  ── Epoch 192/200 (190s) ──────────────────────
  Train  loss=1.0366  diff=0.5918  kd=0.3946  recon=0.4053
  Val    loss=1.0339  RMSE=0.4895  MAE=0.4050  lr=1.39e-06

  Ep 193 | step 0000/1868 | loss=0.9917 | diff=0.5922 | kd=0.3311 | recon=0.3664 | t=1s
  Ep 193 | step 0050/1868 | loss=1.0148 | diff=0.5894 | kd=0.3153 | recon=0.3939 | t=5s
  Ep 193 | step 0100/1868 | loss=1.0074 | diff=0.5920 | kd=0.4938 | recon=0.3661 | t=8s
  Ep 193 | step 0150/1868 | loss=0.9769 | diff=0.5902 | kd=0.2979 | recon=0.3569 | t=12s
  Ep 193 | step 0200/1868 | loss=1.0463 | diff=0.5947 | kd=0.3047 | recon=0.4211 | t=16s
  Ep 193 | step 0250/1868 | loss=1.0237 | diff=0.5929 | kd=0.4987 | recon=0.3809 | t=20s
  Ep 193 | step 0300/1868 | loss=0.9526 | diff=0.5901 | kd=0.4440 | recon=0.3181 | t=24s
  Ep 193 | step 0350/1868 | loss=1.0730 | diff=0.5940 | kd=0.3811 | recon=0.4409 | t=28s
  Ep 193 | step 0400/1868 | loss=1.1059 | diff=0.5928 | kd=1.1332 | recon=0.3998 | t=32s
  Ep 193 | step 0450/1868 | loss=1.0470 | diff=0.5910 | kd=0.2997 | recon=0.4261 | t=36s
  Ep 193 | step 0500/1868 | loss=0.9584 | diff=0.5950 | kd=0.2651 | recon=0.3368 | t=40s
  Ep 193 | step 0550/1868 | loss=1.0397 | diff=0.5886 | kd=0.3659 | recon=0.4145 | t=44s
  Ep 193 | step 0600/1868 | loss=0.9969 | diff=0.5907 | kd=0.2698 | recon=0.3792 | t=48s
  Ep 193 | step 0650/1868 | loss=1.0348 | diff=0.5913 | kd=0.3897 | recon=0.4046 | t=52s
  Ep 193 | step 0700/1868 | loss=1.0455 | diff=0.5902 | kd=0.5453 | recon=0.4008 | t=55s
  Ep 193 | step 0750/1868 | loss=1.0218 | diff=0.5901 | kd=0.2709 | recon=0.4046 | t=59s
  Ep 193 | step 0800/1868 | loss=1.0250 | diff=0.5862 | kd=0.4265 | recon=0.3962 | t=63s
  Ep 193 | step 0850/1868 | loss=1.0291 | diff=0.5903 | kd=0.3560 | recon=0.4032 | t=67s
  Ep 193 | step 0900/1868 | loss=0.9737 | diff=0.5947 | kd=0.2909 | recon=0.3499 | t=71s
  Ep 193 | step 0950/1868 | loss=1.0809 | diff=0.5916 | kd=0.5707 | recon=0.4322 | t=75s
  Ep 193 | step 1000/1868 | loss=1.0863 | diff=0.5910 | kd=0.3653 | recon=0.4588 | t=79s
  Ep 193 | step 1050/1868 | loss=1.1052 | diff=0.5969 | kd=0.3329 | recon=0.4751 | t=83s
  Ep 193 | step 1100/1868 | loss=1.0770 | diff=0.5928 | kd=0.4925 | recon=0.4350 | t=87s
  Ep 193 | step 1150/1868 | loss=1.0042 | diff=0.5899 | kd=0.5262 | recon=0.3617 | t=91s
  Ep 193 | step 1200/1868 | loss=0.9830 | diff=0.5922 | kd=0.3287 | recon=0.3579 | t=95s
  Ep 193 | step 1250/1868 | loss=1.1184 | diff=0.5865 | kd=0.3732 | recon=0.4946 | t=99s
  Ep 193 | step 1300/1868 | loss=1.0496 | diff=0.5906 | kd=0.2598 | recon=0.4329 | t=102s
  Ep 193 | step 1350/1868 | loss=1.0634 | diff=0.5881 | kd=0.6043 | recon=0.4149 | t=106s
  Ep 193 | step 1400/1868 | loss=1.0041 | diff=0.5907 | kd=0.4146 | recon=0.3719 | t=110s
  Ep 193 | step 1450/1868 | loss=1.0525 | diff=0.5916 | kd=0.3481 | recon=0.4262 | t=114s
  Ep 193 | step 1500/1868 | loss=1.0575 | diff=0.5918 | kd=0.5702 | recon=0.4087 | t=118s
  Ep 193 | step 1550/1868 | loss=1.0753 | diff=0.5930 | kd=0.4180 | recon=0.4406 | t=122s
  Ep 193 | step 1600/1868 | loss=1.0577 | diff=0.5920 | kd=0.4492 | recon=0.4208 | t=126s
  Ep 193 | step 1650/1868 | loss=1.0285 | diff=0.5934 | kd=0.3150 | recon=0.4035 | t=130s
  Ep 193 | step 1700/1868 | loss=1.0750 | diff=0.5929 | kd=0.2806 | recon=0.4540 | t=134s
  Ep 193 | step 1750/1868 | loss=1.0223 | diff=0.5952 | kd=0.3434 | recon=0.3928 | t=138s
  Ep 193 | step 1800/1868 | loss=1.1056 | diff=0.5899 | kd=0.9893 | recon=0.4168 | t=141s
  Ep 193 | step 1850/1868 | loss=0.9637 | diff=0.5934 | kd=0.3198 | recon=0.3383 | t=145s

  ── Epoch 193/200 (189s) ──────────────────────
  Train  loss=1.0365  diff=0.5917  kd=0.3948  recon=0.4053
  Val    loss=1.0338  RMSE=0.4895  MAE=0.4050  lr=1.30e-06
  [BEST] Checkpoint saved → checkpoints/best_model.pth

  Ep 194 | step 0000/1868 | loss=1.0322 | diff=0.5894 | kd=0.3710 | recon=0.4057 | t=1s
  Ep 194 | step 0050/1868 | loss=1.0542 | diff=0.5916 | kd=0.4406 | recon=0.4185 | t=4s
  Ep 194 | step 0100/1868 | loss=0.9652 | diff=0.5919 | kd=0.2925 | recon=0.3440 | t=8s
  Ep 194 | step 0150/1868 | loss=0.9658 | diff=0.5906 | kd=0.4164 | recon=0.3336 | t=12s
  Ep 194 | step 0200/1868 | loss=1.0682 | diff=0.5917 | kd=0.3909 | recon=0.4375 | t=16s
  Ep 194 | step 0250/1868 | loss=1.1110 | diff=0.5897 | kd=0.3296 | recon=0.4884 | t=20s
  Ep 194 | step 0300/1868 | loss=1.0619 | diff=0.5900 | kd=0.3994 | recon=0.4319 | t=24s
  Ep 194 | step 0350/1868 | loss=1.0255 | diff=0.5921 | kd=0.2928 | recon=0.4041 | t=28s
  Ep 194 | step 0400/1868 | loss=1.0609 | diff=0.5905 | kd=0.5721 | recon=0.4132 | t=32s
  Ep 194 | step 0450/1868 | loss=1.0404 | diff=0.5874 | kd=0.3606 | recon=0.4169 | t=35s
  Ep 194 | step 0500/1868 | loss=1.0709 | diff=0.5953 | kd=0.3658 | recon=0.4389 | t=39s
  Ep 194 | step 0550/1868 | loss=0.9512 | diff=0.5892 | kd=0.2845 | recon=0.3335 | t=43s
  Ep 194 | step 0600/1868 | loss=1.0297 | diff=0.5912 | kd=0.3829 | recon=0.4002 | t=47s
  Ep 194 | step 0650/1868 | loss=1.0557 | diff=0.5939 | kd=0.5209 | recon=0.4097 | t=51s
  Ep 194 | step 0700/1868 | loss=1.0177 | diff=0.5893 | kd=0.4827 | recon=0.3801 | t=55s
  Ep 194 | step 0750/1868 | loss=1.0272 | diff=0.5925 | kd=0.4294 | recon=0.3918 | t=59s
  Ep 194 | step 0800/1868 | loss=1.0202 | diff=0.5927 | kd=0.4388 | recon=0.3836 | t=63s
  Ep 194 | step 0850/1868 | loss=0.9611 | diff=0.5888 | kd=0.3251 | recon=0.3397 | t=66s
  Ep 194 | step 0900/1868 | loss=1.0939 | diff=0.5881 | kd=0.3336 | recon=0.4725 | t=70s
  Ep 194 | step 0950/1868 | loss=1.0738 | diff=0.5854 | kd=0.3894 | recon=0.4495 | t=74s
  Ep 194 | step 1000/1868 | loss=1.0178 | diff=0.5905 | kd=0.3659 | recon=0.3907 | t=78s
  Ep 194 | step 1050/1868 | loss=1.0515 | diff=0.5926 | kd=0.3019 | recon=0.4287 | t=82s
  Ep 194 | step 1100/1868 | loss=1.1105 | diff=0.5925 | kd=0.3839 | recon=0.4796 | t=86s
  Ep 194 | step 1150/1868 | loss=1.0786 | diff=0.5915 | kd=0.2339 | recon=0.4637 | t=90s
  Ep 194 | step 1200/1868 | loss=0.9577 | diff=0.5900 | kd=0.3066 | recon=0.3371 | t=94s
  Ep 194 | step 1250/1868 | loss=1.0883 | diff=0.5924 | kd=0.4725 | recon=0.4486 | t=98s
  Ep 194 | step 1300/1868 | loss=1.0506 | diff=0.5893 | kd=0.6648 | recon=0.3947 | t=101s
  Ep 194 | step 1350/1868 | loss=1.1633 | diff=0.5899 | kd=0.3851 | recon=0.5349 | t=105s
  Ep 194 | step 1400/1868 | loss=1.0826 | diff=0.5937 | kd=0.4567 | recon=0.4432 | t=109s
  Ep 194 | step 1450/1868 | loss=0.9435 | diff=0.5909 | kd=0.3482 | recon=0.3179 | t=113s
  Ep 194 | step 1500/1868 | loss=1.0151 | diff=0.5844 | kd=0.4131 | recon=0.3894 | t=117s
  Ep 194 | step 1550/1868 | loss=1.0159 | diff=0.5914 | kd=0.4393 | recon=0.3806 | t=121s
  Ep 194 | step 1600/1868 | loss=1.0976 | diff=0.5893 | kd=0.6125 | recon=0.4470 | t=125s
  Ep 194 | step 1650/1868 | loss=1.0359 | diff=0.5884 | kd=0.3368 | recon=0.4138 | t=129s
  Ep 194 | step 1700/1868 | loss=1.0439 | diff=0.5920 | kd=0.2799 | recon=0.4239 | t=132s
  Ep 194 | step 1750/1868 | loss=1.1070 | diff=0.5936 | kd=0.3022 | recon=0.4832 | t=136s
  Ep 194 | step 1800/1868 | loss=1.1077 | diff=0.5963 | kd=0.4198 | recon=0.4693 | t=140s
  Ep 194 | step 1850/1868 | loss=1.1044 | diff=0.5904 | kd=0.6928 | recon=0.4448 | t=144s

  ── Epoch 194/200 (188s) ──────────────────────
  Train  loss=1.0364  diff=0.5916  kd=0.3949  recon=0.4053
  Val    loss=1.0347  RMSE=0.4895  MAE=0.4050  lr=1.22e-06

  Ep 195 | step 0000/1868 | loss=1.0152 | diff=0.5909 | kd=0.3577 | recon=0.3885 | t=1s
  Ep 195 | step 0050/1868 | loss=1.0822 | diff=0.5929 | kd=0.6656 | recon=0.4228 | t=4s
  Ep 195 | step 0100/1868 | loss=1.0331 | diff=0.5889 | kd=0.4680 | recon=0.3974 | t=8s
  Ep 195 | step 0150/1868 | loss=1.0437 | diff=0.5922 | kd=0.3761 | recon=0.4138 | t=12s
  Ep 195 | step 0200/1868 | loss=1.0519 | diff=0.5893 | kd=0.3591 | recon=0.4266 | t=16s
  Ep 195 | step 0250/1868 | loss=1.1644 | diff=0.5922 | kd=0.4117 | recon=0.5309 | t=20s
  Ep 195 | step 0300/1868 | loss=1.0814 | diff=0.5928 | kd=0.7139 | recon=0.4172 | t=24s
  Ep 195 | step 0350/1868 | loss=1.0741 | diff=0.5939 | kd=0.6507 | recon=0.4151 | t=28s
  Ep 195 | step 0400/1868 | loss=0.9460 | diff=0.5922 | kd=0.2499 | recon=0.3288 | t=32s
  Ep 195 | step 0450/1868 | loss=1.1444 | diff=0.5872 | kd=0.2889 | recon=0.5283 | t=36s
  Ep 195 | step 0500/1868 | loss=1.0733 | diff=0.5850 | kd=0.5633 | recon=0.4320 | t=39s
  Ep 195 | step 0550/1868 | loss=0.9703 | diff=0.5925 | kd=0.3734 | recon=0.3405 | t=43s
  Ep 195 | step 0600/1868 | loss=1.0419 | diff=0.5926 | kd=0.3951 | recon=0.4097 | t=47s
  Ep 195 | step 0650/1868 | loss=0.9957 | diff=0.5923 | kd=0.3485 | recon=0.3686 | t=51s
  Ep 195 | step 0700/1868 | loss=1.1111 | diff=0.5944 | kd=0.4905 | recon=0.4677 | t=55s
  Ep 195 | step 0750/1868 | loss=0.9282 | diff=0.5929 | kd=0.3880 | recon=0.2965 | t=59s
  Ep 195 | step 0800/1868 | loss=1.0770 | diff=0.5927 | kd=0.3977 | recon=0.4445 | t=63s
  Ep 195 | step 0850/1868 | loss=0.9628 | diff=0.5931 | kd=0.3271 | recon=0.3370 | t=66s
  Ep 195 | step 0900/1868 | loss=1.0513 | diff=0.5861 | kd=0.2814 | recon=0.4371 | t=70s
  Ep 195 | step 0950/1868 | loss=1.0645 | diff=0.5912 | kd=0.5514 | recon=0.4182 | t=74s
  Ep 195 | step 1000/1868 | loss=1.0971 | diff=0.5923 | kd=0.5005 | recon=0.4547 | t=78s
  Ep 195 | step 1050/1868 | loss=0.9775 | diff=0.5930 | kd=0.4124 | recon=0.3432 | t=82s
  Ep 195 | step 1100/1868 | loss=1.0050 | diff=0.5924 | kd=0.3645 | recon=0.3762 | t=86s
  Ep 195 | step 1150/1868 | loss=1.0436 | diff=0.5955 | kd=0.3640 | recon=0.4117 | t=90s
  Ep 195 | step 1200/1868 | loss=1.0985 | diff=0.5934 | kd=0.4586 | recon=0.4592 | t=94s
  Ep 195 | step 1250/1868 | loss=0.9544 | diff=0.5910 | kd=0.3038 | recon=0.3330 | t=98s
  Ep 195 | step 1300/1868 | loss=1.0257 | diff=0.5904 | kd=0.3011 | recon=0.4052 | t=101s
  Ep 195 | step 1350/1868 | loss=1.0679 | diff=0.5891 | kd=0.5530 | recon=0.4234 | t=105s
  Ep 195 | step 1400/1868 | loss=0.9809 | diff=0.5888 | kd=0.3160 | recon=0.3605 | t=109s
  Ep 195 | step 1450/1868 | loss=0.9712 | diff=0.5897 | kd=0.3673 | recon=0.3448 | t=113s
  Ep 195 | step 1500/1868 | loss=1.0719 | diff=0.5932 | kd=0.4888 | recon=0.4298 | t=117s
  Ep 195 | step 1550/1868 | loss=1.0128 | diff=0.5932 | kd=0.4303 | recon=0.3766 | t=121s
  Ep 195 | step 1600/1868 | loss=1.0210 | diff=0.5920 | kd=0.3538 | recon=0.3936 | t=125s
  Ep 195 | step 1650/1868 | loss=1.0492 | diff=0.5925 | kd=0.4164 | recon=0.4150 | t=128s
  Ep 195 | step 1700/1868 | loss=1.0296 | diff=0.5912 | kd=0.3566 | recon=0.4027 | t=132s
  Ep 195 | step 1750/1868 | loss=1.0301 | diff=0.5921 | kd=0.3692 | recon=0.4011 | t=136s
  Ep 195 | step 1800/1868 | loss=0.9452 | diff=0.5890 | kd=0.3495 | recon=0.3212 | t=140s
  Ep 195 | step 1850/1868 | loss=1.0677 | diff=0.5862 | kd=0.5207 | recon=0.4295 | t=144s

  ── Epoch 195/200 (188s) ──────────────────────
  Train  loss=1.0364  diff=0.5916  kd=0.3948  recon=0.4053
  Val    loss=1.0338  RMSE=0.4895  MAE=0.4050  lr=1.15e-06
  [BEST] Checkpoint saved → checkpoints/best_model.pth

  Ep 196 | step 0000/1868 | loss=0.9652 | diff=0.5924 | kd=0.3265 | recon=0.3401 | t=1s
  Ep 196 | step 0050/1868 | loss=1.0220 | diff=0.5925 | kd=0.2401 | recon=0.4055 | t=4s
  Ep 196 | step 0100/1868 | loss=1.0474 | diff=0.5923 | kd=0.3827 | recon=0.4169 | t=8s
  Ep 196 | step 0150/1868 | loss=0.9805 | diff=0.5907 | kd=0.2587 | recon=0.3638 | t=12s
  Ep 196 | step 0200/1868 | loss=1.0340 | diff=0.5905 | kd=0.4426 | recon=0.3993 | t=16s
  Ep 196 | step 0250/1868 | loss=1.0188 | diff=0.5931 | kd=0.3607 | recon=0.3897 | t=20s
  Ep 196 | step 0300/1868 | loss=1.0865 | diff=0.5915 | kd=0.5542 | recon=0.4396 | t=24s
  Ep 196 | step 0350/1868 | loss=1.0778 | diff=0.5962 | kd=0.2661 | recon=0.4550 | t=28s
  Ep 196 | step 0400/1868 | loss=1.0097 | diff=0.5895 | kd=0.4817 | recon=0.3720 | t=32s
  Ep 196 | step 0450/1868 | loss=0.9864 | diff=0.5934 | kd=0.3431 | recon=0.3586 | t=36s
  Ep 196 | step 0500/1868 | loss=1.1052 | diff=0.5879 | kd=0.5578 | recon=0.4615 | t=40s
  Ep 196 | step 0550/1868 | loss=1.0385 | diff=0.5896 | kd=0.5528 | recon=0.3936 | t=44s
  Ep 196 | step 0600/1868 | loss=1.1350 | diff=0.5852 | kd=0.3962 | recon=0.5101 | t=48s
  Ep 196 | step 0650/1868 | loss=0.9771 | diff=0.5890 | kd=0.3591 | recon=0.3523 | t=52s
  Ep 196 | step 0700/1868 | loss=1.0131 | diff=0.5936 | kd=0.3018 | recon=0.3894 | t=56s
  Ep 196 | step 0750/1868 | loss=1.0857 | diff=0.5925 | kd=0.3998 | recon=0.4533 | t=60s
  Ep 196 | step 0800/1868 | loss=1.1067 | diff=0.5914 | kd=0.4096 | recon=0.4744 | t=64s
  Ep 196 | step 0850/1868 | loss=0.9531 | diff=0.5920 | kd=0.3479 | recon=0.3262 | t=68s
  Ep 196 | step 0900/1868 | loss=1.0019 | diff=0.5915 | kd=0.3956 | recon=0.3709 | t=72s
  Ep 196 | step 0950/1868 | loss=1.0151 | diff=0.5953 | kd=0.3465 | recon=0.3851 | t=76s
  Ep 196 | step 1000/1868 | loss=1.0177 | diff=0.5921 | kd=0.2952 | recon=0.3961 | t=80s
  Ep 196 | step 1050/1868 | loss=1.0182 | diff=0.5889 | kd=0.3096 | recon=0.3984 | t=83s
  Ep 196 | step 1100/1868 | loss=1.0005 | diff=0.5912 | kd=0.3580 | recon=0.3734 | t=87s
  Ep 196 | step 1150/1868 | loss=1.0910 | diff=0.5907 | kd=0.3536 | recon=0.4650 | t=91s
  Ep 196 | step 1200/1868 | loss=1.0657 | diff=0.5916 | kd=0.3256 | recon=0.4415 | t=95s
  Ep 196 | step 1250/1868 | loss=1.0553 | diff=0.5916 | kd=0.4044 | recon=0.4233 | t=99s
  Ep 196 | step 1300/1868 | loss=1.0876 | diff=0.5888 | kd=0.4828 | recon=0.4506 | t=103s
  Ep 196 | step 1350/1868 | loss=1.1002 | diff=0.5904 | kd=0.4231 | recon=0.4675 | t=107s
  Ep 196 | step 1400/1868 | loss=1.1276 | diff=0.5894 | kd=0.5662 | recon=0.4815 | t=111s
  Ep 196 | step 1450/1868 | loss=1.0465 | diff=0.5927 | kd=0.7353 | recon=0.3803 | t=115s
  Ep 196 | step 1500/1868 | loss=1.1310 | diff=0.5937 | kd=0.3441 | recon=0.5029 | t=119s
  Ep 196 | step 1550/1868 | loss=1.0979 | diff=0.5878 | kd=0.4301 | recon=0.4671 | t=123s
  Ep 196 | step 1600/1868 | loss=1.0604 | diff=0.5918 | kd=0.5000 | recon=0.4186 | t=127s
  Ep 196 | step 1650/1868 | loss=0.9917 | diff=0.5911 | kd=0.3296 | recon=0.3677 | t=131s
  Ep 196 | step 1700/1868 | loss=0.9554 | diff=0.5930 | kd=0.4167 | recon=0.3208 | t=135s
  Ep 196 | step 1750/1868 | loss=0.9459 | diff=0.5909 | kd=0.3413 | recon=0.3209 | t=139s
  Ep 196 | step 1800/1868 | loss=0.9936 | diff=0.5896 | kd=0.3183 | recon=0.3722 | t=143s
  Ep 196 | step 1850/1868 | loss=1.0025 | diff=0.5927 | kd=0.3990 | recon=0.3700 | t=146s

  ── Epoch 196/200 (191s) ──────────────────────
  Train  loss=1.0365  diff=0.5918  kd=0.3941  recon=0.4053
  Val    loss=1.0337  RMSE=0.4895  MAE=0.4050  lr=1.10e-06
  [BEST] Checkpoint saved → checkpoints/best_model.pth

  Ep 197 | step 0000/1868 | loss=0.9969 | diff=0.5934 | kd=0.3530 | recon=0.3682 | t=1s
  Ep 197 | step 0050/1868 | loss=1.0468 | diff=0.5920 | kd=0.2787 | recon=0.4270 | t=4s
  Ep 197 | step 0100/1868 | loss=1.0533 | diff=0.5938 | kd=0.4351 | recon=0.4160 | t=8s
  Ep 197 | step 0150/1868 | loss=0.9699 | diff=0.5899 | kd=0.3369 | recon=0.3464 | t=12s
  Ep 197 | step 0200/1868 | loss=1.0217 | diff=0.5931 | kd=0.3249 | recon=0.3961 | t=16s
  Ep 197 | step 0250/1868 | loss=1.0041 | diff=0.5915 | kd=0.4369 | recon=0.3689 | t=20s
  Ep 197 | step 0300/1868 | loss=1.0496 | diff=0.5922 | kd=0.2521 | recon=0.4321 | t=24s
  Ep 197 | step 0350/1868 | loss=1.0346 | diff=0.5941 | kd=0.7480 | recon=0.3657 | t=28s
  Ep 197 | step 0400/1868 | loss=1.0250 | diff=0.5918 | kd=0.3344 | recon=0.3997 | t=32s
  Ep 197 | step 0450/1868 | loss=1.0032 | diff=0.5933 | kd=0.3315 | recon=0.3768 | t=36s
  Ep 197 | step 0500/1868 | loss=1.0656 | diff=0.5941 | kd=0.6140 | recon=0.4102 | t=40s
  Ep 197 | step 0550/1868 | loss=1.0453 | diff=0.5905 | kd=0.5365 | recon=0.4011 | t=44s
  Ep 197 | step 0600/1868 | loss=0.9589 | diff=0.5923 | kd=0.3450 | recon=0.3322 | t=47s
  Ep 197 | step 0650/1868 | loss=1.0510 | diff=0.5915 | kd=0.4015 | recon=0.4194 | t=51s
  Ep 197 | step 0700/1868 | loss=0.9393 | diff=0.5895 | kd=0.2902 | recon=0.3208 | t=55s
  Ep 197 | step 0750/1868 | loss=0.9897 | diff=0.5955 | kd=0.3295 | recon=0.3612 | t=59s
  Ep 197 | step 0800/1868 | loss=0.9773 | diff=0.5879 | kd=0.2727 | recon=0.3621 | t=63s
  Ep 197 | step 0850/1868 | loss=1.0257 | diff=0.5942 | kd=0.4196 | recon=0.3895 | t=67s
  Ep 197 | step 0900/1868 | loss=1.0025 | diff=0.5883 | kd=0.4175 | recon=0.3724 | t=71s
  Ep 197 | step 0950/1868 | loss=1.0356 | diff=0.5917 | kd=0.3576 | recon=0.4081 | t=75s
  Ep 197 | step 1000/1868 | loss=1.1073 | diff=0.5911 | kd=0.4323 | recon=0.4730 | t=79s
  Ep 197 | step 1050/1868 | loss=0.9861 | diff=0.5916 | kd=0.3127 | recon=0.3632 | t=83s
  Ep 197 | step 1100/1868 | loss=1.0946 | diff=0.5927 | kd=0.5657 | recon=0.4454 | t=87s
  Ep 197 | step 1150/1868 | loss=1.0526 | diff=0.5923 | kd=0.4413 | recon=0.4162 | t=90s
  Ep 197 | step 1200/1868 | loss=1.0945 | diff=0.5896 | kd=0.5133 | recon=0.4535 | t=94s
  Ep 197 | step 1250/1868 | loss=0.9773 | diff=0.5901 | kd=0.3556 | recon=0.3517 | t=98s
  Ep 197 | step 1300/1868 | loss=1.0993 | diff=0.5902 | kd=0.5357 | recon=0.4555 | t=102s
  Ep 197 | step 1350/1868 | loss=1.0854 | diff=0.5929 | kd=0.2541 | recon=0.4670 | t=106s
  Ep 197 | step 1400/1868 | loss=1.0656 | diff=0.5875 | kd=0.7225 | recon=0.4059 | t=110s
  Ep 197 | step 1450/1868 | loss=1.0369 | diff=0.5900 | kd=0.3803 | recon=0.4089 | t=114s
  Ep 197 | step 1500/1868 | loss=0.9982 | diff=0.5874 | kd=0.3730 | recon=0.3735 | t=118s
  Ep 197 | step 1550/1868 | loss=1.0865 | diff=0.5896 | kd=0.2573 | recon=0.4712 | t=122s
  Ep 197 | step 1600/1868 | loss=1.0441 | diff=0.5884 | kd=0.3293 | recon=0.4228 | t=126s
  Ep 197 | step 1650/1868 | loss=0.9797 | diff=0.5883 | kd=0.2431 | recon=0.3671 | t=130s
  Ep 197 | step 1700/1868 | loss=1.0443 | diff=0.5914 | kd=0.3430 | recon=0.4186 | t=134s
  Ep 197 | step 1750/1868 | loss=1.0483 | diff=0.5900 | kd=0.5309 | recon=0.4052 | t=137s
  Ep 197 | step 1800/1868 | loss=1.0838 | diff=0.5920 | kd=0.3062 | recon=0.4612 | t=141s
  Ep 197 | step 1850/1868 | loss=1.0774 | diff=0.5908 | kd=0.4118 | recon=0.4454 | t=145s

  ── Epoch 197/200 (190s) ──────────────────────
  Train  loss=1.0365  diff=0.5917  kd=0.3943  recon=0.4053
  Val    loss=1.0341  RMSE=0.4895  MAE=0.4050  lr=1.05e-06

  Ep 198 | step 0000/1868 | loss=1.0158 | diff=0.5905 | kd=0.2913 | recon=0.3962 | t=1s
  Ep 198 | step 0050/1868 | loss=1.0600 | diff=0.5910 | kd=0.4373 | recon=0.4252 | t=5s
  Ep 198 | step 0100/1868 | loss=0.9842 | diff=0.5928 | kd=0.3584 | recon=0.3555 | t=8s
  Ep 198 | step 0150/1868 | loss=0.9834 | diff=0.5909 | kd=0.3640 | recon=0.3561 | t=12s
  Ep 198 | step 0200/1868 | loss=0.9874 | diff=0.5923 | kd=0.3245 | recon=0.3626 | t=16s
  Ep 198 | step 0250/1868 | loss=1.0085 | diff=0.5912 | kd=0.4363 | recon=0.3737 | t=20s
  Ep 198 | step 0300/1868 | loss=1.1836 | diff=0.5921 | kd=0.4938 | recon=0.5421 | t=24s
  Ep 198 | step 0350/1868 | loss=1.0472 | diff=0.5883 | kd=0.3657 | recon=0.4223 | t=28s
  Ep 198 | step 0400/1868 | loss=1.0825 | diff=0.5891 | kd=0.3231 | recon=0.4611 | t=32s
  Ep 198 | step 0450/1868 | loss=1.0905 | diff=0.5937 | kd=0.6016 | recon=0.4366 | t=36s
  Ep 198 | step 0500/1868 | loss=1.0444 | diff=0.5931 | kd=0.4408 | recon=0.4072 | t=40s
  Ep 198 | step 0550/1868 | loss=0.9572 | diff=0.5926 | kd=0.2620 | recon=0.3384 | t=44s
  Ep 198 | step 0600/1868 | loss=1.0392 | diff=0.5941 | kd=0.3212 | recon=0.4130 | t=48s
  Ep 198 | step 0650/1868 | loss=1.0676 | diff=0.5945 | kd=0.3341 | recon=0.4397 | t=52s
  Ep 198 | step 0700/1868 | loss=1.1011 | diff=0.5880 | kd=0.4465 | recon=0.4685 | t=55s
  Ep 198 | step 0750/1868 | loss=1.0050 | diff=0.5901 | kd=0.2955 | recon=0.3853 | t=59s
  Ep 198 | step 0800/1868 | loss=1.0448 | diff=0.5918 | kd=0.3883 | recon=0.4141 | t=63s
  Ep 198 | step 0850/1868 | loss=1.0034 | diff=0.5900 | kd=0.5015 | recon=0.3633 | t=67s
  Ep 198 | step 0900/1868 | loss=1.1052 | diff=0.5866 | kd=0.3307 | recon=0.4855 | t=71s
  Ep 198 | step 0950/1868 | loss=1.0561 | diff=0.5942 | kd=0.2735 | recon=0.4346 | t=75s
  Ep 198 | step 1000/1868 | loss=1.0803 | diff=0.5896 | kd=0.4497 | recon=0.4458 | t=79s
  Ep 198 | step 1050/1868 | loss=0.9385 | diff=0.5943 | kd=0.3891 | recon=0.3054 | t=83s
  Ep 198 | step 1100/1868 | loss=1.0381 | diff=0.5912 | kd=0.2990 | recon=0.4171 | t=87s
  Ep 198 | step 1150/1868 | loss=1.0011 | diff=0.6024 | kd=0.3339 | recon=0.3653 | t=91s
  Ep 198 | step 1200/1868 | loss=1.0535 | diff=0.5888 | kd=0.3415 | recon=0.4305 | t=94s
  Ep 198 | step 1250/1868 | loss=1.0431 | diff=0.5910 | kd=0.2620 | recon=0.4258 | t=98s
  Ep 198 | step 1300/1868 | loss=1.1323 | diff=0.5903 | kd=0.7934 | recon=0.4626 | t=102s
  Ep 198 | step 1350/1868 | loss=1.0207 | diff=0.5905 | kd=0.3521 | recon=0.3950 | t=106s
  Ep 198 | step 1400/1868 | loss=1.0173 | diff=0.5909 | kd=0.2808 | recon=0.3984 | t=110s
  Ep 198 | step 1450/1868 | loss=0.9978 | diff=0.5925 | kd=0.3315 | recon=0.3721 | t=114s
  Ep 198 | step 1500/1868 | loss=1.0027 | diff=0.5935 | kd=0.3042 | recon=0.3788 | t=118s
  Ep 198 | step 1550/1868 | loss=1.0045 | diff=0.5907 | kd=0.4949 | recon=0.3643 | t=122s
  Ep 198 | step 1600/1868 | loss=1.1183 | diff=0.5934 | kd=0.4956 | recon=0.4753 | t=126s
  Ep 198 | step 1650/1868 | loss=1.0455 | diff=0.5904 | kd=0.6890 | recon=0.3862 | t=130s
  Ep 198 | step 1700/1868 | loss=1.1146 | diff=0.6099 | kd=0.3495 | recon=0.4698 | t=134s
  Ep 198 | step 1750/1868 | loss=1.0558 | diff=0.5887 | kd=0.5237 | recon=0.4148 | t=137s
  Ep 198 | step 1800/1868 | loss=1.0069 | diff=0.5933 | kd=0.2355 | recon=0.3900 | t=141s
  Ep 198 | step 1850/1868 | loss=0.9206 | diff=0.5901 | kd=0.2871 | recon=0.3017 | t=145s

  ── Epoch 198/200 (189s) ──────────────────────
  Train  loss=1.0365  diff=0.5918  kd=0.3941  recon=0.4053
  Val    loss=1.0337  RMSE=0.4895  MAE=0.4050  lr=1.02e-06
  [BEST] Checkpoint saved → checkpoints/best_model.pth

  Ep 199 | step 0000/1868 | loss=1.0613 | diff=0.5927 | kd=0.6408 | recon=0.4046 | t=0s
  Ep 199 | step 0050/1868 | loss=1.0491 | diff=0.5910 | kd=0.4897 | recon=0.4092 | t=4s
  Ep 199 | step 0100/1868 | loss=0.9932 | diff=0.5905 | kd=0.4185 | recon=0.3608 | t=8s
  Ep 199 | step 0150/1868 | loss=1.0215 | diff=0.5920 | kd=0.3797 | recon=0.3915 | t=12s
  Ep 199 | step 0200/1868 | loss=1.0109 | diff=0.5877 | kd=0.3383 | recon=0.3894 | t=16s
  Ep 199 | step 0250/1868 | loss=1.0244 | diff=0.5915 | kd=0.5806 | recon=0.3749 | t=20s
  Ep 199 | step 0300/1868 | loss=1.0019 | diff=0.5917 | kd=0.3513 | recon=0.3750 | t=24s
  Ep 199 | step 0350/1868 | loss=1.0405 | diff=0.5912 | kd=0.2322 | recon=0.4260 | t=28s
  Ep 199 | step 0400/1868 | loss=1.0299 | diff=0.5888 | kd=0.4077 | recon=0.4003 | t=31s
  Ep 199 | step 0450/1868 | loss=1.1032 | diff=0.5903 | kd=0.5568 | recon=0.4572 | t=35s
  Ep 199 | step 0500/1868 | loss=1.0051 | diff=0.5902 | kd=0.3380 | recon=0.3811 | t=39s
  Ep 199 | step 0550/1868 | loss=1.0022 | diff=0.5886 | kd=0.3401 | recon=0.3796 | t=43s
  Ep 199 | step 0600/1868 | loss=0.9773 | diff=0.5897 | kd=0.3041 | recon=0.3572 | t=47s
  Ep 199 | step 0650/1868 | loss=1.0033 | diff=0.6090 | kd=0.3381 | recon=0.3605 | t=51s
  Ep 199 | step 0700/1868 | loss=1.0006 | diff=0.5896 | kd=0.3174 | recon=0.3793 | t=55s
  Ep 199 | step 0750/1868 | loss=1.0180 | diff=0.5931 | kd=0.2436 | recon=0.4005 | t=59s
  Ep 199 | step 0800/1868 | loss=0.9989 | diff=0.5920 | kd=0.3145 | recon=0.3755 | t=63s
  Ep 199 | step 0850/1868 | loss=1.1055 | diff=0.5920 | kd=0.4399 | recon=0.4695 | t=66s
  Ep 199 | step 0900/1868 | loss=1.0367 | diff=0.5951 | kd=0.3014 | recon=0.4114 | t=70s
  Ep 199 | step 0950/1868 | loss=0.9531 | diff=0.5947 | kd=0.2569 | recon=0.3326 | t=74s
  Ep 199 | step 1000/1868 | loss=1.0555 | diff=0.5882 | kd=0.4778 | recon=0.4195 | t=78s
  Ep 199 | step 1050/1868 | loss=1.0108 | diff=0.5953 | kd=0.2916 | recon=0.3863 | t=82s
  Ep 199 | step 1100/1868 | loss=1.0632 | diff=0.5919 | kd=0.2879 | recon=0.4425 | t=86s
  Ep 199 | step 1150/1868 | loss=0.9796 | diff=0.5871 | kd=0.3118 | recon=0.3613 | t=90s
  Ep 199 | step 1200/1868 | loss=1.0138 | diff=0.5895 | kd=0.4841 | recon=0.3758 | t=94s
  Ep 199 | step 1250/1868 | loss=1.0496 | diff=0.5913 | kd=0.4772 | recon=0.4106 | t=98s
  Ep 199 | step 1300/1868 | loss=1.0956 | diff=0.5920 | kd=0.2803 | recon=0.4755 | t=101s
  Ep 199 | step 1350/1868 | loss=1.0132 | diff=0.5937 | kd=0.3865 | recon=0.3809 | t=105s
  Ep 199 | step 1400/1868 | loss=1.0070 | diff=0.5897 | kd=0.3362 | recon=0.3837 | t=109s
  Ep 199 | step 1450/1868 | loss=1.0853 | diff=0.5909 | kd=0.4888 | recon=0.4455 | t=113s
  Ep 199 | step 1500/1868 | loss=1.0148 | diff=0.5939 | kd=0.3457 | recon=0.3863 | t=117s
  Ep 199 | step 1550/1868 | loss=1.0156 | diff=0.5910 | kd=0.3749 | recon=0.3872 | t=121s
  Ep 199 | step 1600/1868 | loss=1.0143 | diff=0.5899 | kd=0.4289 | recon=0.3816 | t=125s
  Ep 199 | step 1650/1868 | loss=1.0624 | diff=0.5931 | kd=0.3507 | recon=0.4342 | t=129s
  Ep 199 | step 1700/1868 | loss=1.0989 | diff=0.5916 | kd=0.7396 | recon=0.4334 | t=133s
  Ep 199 | step 1750/1868 | loss=1.1115 | diff=0.5898 | kd=0.5728 | recon=0.4644 | t=136s
  Ep 199 | step 1800/1868 | loss=1.1204 | diff=0.5934 | kd=0.4321 | recon=0.4838 | t=140s
  Ep 199 | step 1850/1868 | loss=1.0418 | diff=0.5925 | kd=0.2610 | recon=0.4232 | t=144s

  ── Epoch 199/200 (189s) ──────────────────────
  Train  loss=1.0365  diff=0.5918  kd=0.3933  recon=0.4053
  Val    loss=1.0337  RMSE=0.4895  MAE=0.4050  lr=1.01e-06

  Ep 200 | step 0000/1868 | loss=1.0039 | diff=0.5903 | kd=0.3379 | recon=0.3799 | t=1s
  Ep 200 | step 0050/1868 | loss=1.0222 | diff=0.5913 | kd=0.4392 | recon=0.3870 | t=4s
  Ep 200 | step 0100/1868 | loss=1.0129 | diff=0.5911 | kd=0.3039 | recon=0.3914 | t=8s
  Ep 200 | step 0150/1868 | loss=0.9805 | diff=0.5873 | kd=0.3599 | recon=0.3572 | t=12s
  Ep 200 | step 0200/1868 | loss=1.0654 | diff=0.5931 | kd=0.4000 | recon=0.4323 | t=16s
  Ep 200 | step 0250/1868 | loss=0.9484 | diff=0.5917 | kd=0.3600 | recon=0.3208 | t=20s
  Ep 200 | step 0300/1868 | loss=0.9784 | diff=0.5928 | kd=0.4155 | recon=0.3441 | t=24s
  Ep 200 | step 0350/1868 | loss=1.1220 | diff=0.5953 | kd=0.4406 | recon=0.4827 | t=28s
  Ep 200 | step 0400/1868 | loss=1.0174 | diff=0.5913 | kd=0.3119 | recon=0.3949 | t=32s
  Ep 200 | step 0450/1868 | loss=1.0215 | diff=0.5891 | kd=0.4478 | recon=0.3876 | t=36s
  Ep 200 | step 0500/1868 | loss=0.9535 | diff=0.6013 | kd=0.2354 | recon=0.3287 | t=39s
  Ep 200 | step 0550/1868 | loss=1.0192 | diff=0.5901 | kd=0.3389 | recon=0.3952 | t=43s
  Ep 200 | step 0600/1868 | loss=1.1231 | diff=0.5878 | kd=0.4042 | recon=0.4948 | t=47s
  Ep 200 | step 0650/1868 | loss=1.0730 | diff=0.5896 | kd=0.3459 | recon=0.4488 | t=51s
  Ep 200 | step 0700/1868 | loss=0.9877 | diff=0.5936 | kd=0.3127 | recon=0.3629 | t=55s
  Ep 200 | step 0750/1868 | loss=1.0301 | diff=0.5899 | kd=0.3959 | recon=0.4006 | t=59s
  Ep 200 | step 0800/1868 | loss=0.9868 | diff=0.5909 | kd=0.4197 | recon=0.3540 | t=63s
  Ep 200 | step 0850/1868 | loss=1.0343 | diff=0.5928 | kd=0.3416 | recon=0.4073 | t=67s
  Ep 200 | step 0900/1868 | loss=1.0900 | diff=0.5932 | kd=0.6296 | recon=0.4338 | t=71s
  Ep 200 | step 0950/1868 | loss=1.0634 | diff=0.5916 | kd=0.2700 | recon=0.4448 | t=75s
  Ep 200 | step 1000/1868 | loss=1.0752 | diff=0.5931 | kd=0.2908 | recon=0.4529 | t=78s
  Ep 200 | step 1050/1868 | loss=1.0739 | diff=0.5932 | kd=0.3294 | recon=0.4478 | t=82s
  Ep 200 | step 1100/1868 | loss=1.0780 | diff=0.5920 | kd=0.4672 | recon=0.4393 | t=86s
  Ep 200 | step 1150/1868 | loss=0.9868 | diff=0.5938 | kd=0.3904 | recon=0.3539 | t=90s
  Ep 200 | step 1200/1868 | loss=1.0885 | diff=0.5911 | kd=0.4988 | recon=0.4476 | t=94s
  Ep 200 | step 1250/1868 | loss=0.9776 | diff=0.5914 | kd=0.3251 | recon=0.3536 | t=98s
  Ep 200 | step 1300/1868 | loss=1.0921 | diff=0.5922 | kd=0.5524 | recon=0.4446 | t=102s
  Ep 200 | step 1350/1868 | loss=1.0277 | diff=0.5907 | kd=0.3288 | recon=0.4041 | t=106s
  Ep 200 | step 1400/1868 | loss=1.0690 | diff=0.5921 | kd=0.6057 | recon=0.4163 | t=109s
  Ep 200 | step 1450/1868 | loss=1.0714 | diff=0.5906 | kd=0.4700 | recon=0.4338 | t=113s
  Ep 200 | step 1500/1868 | loss=0.9819 | diff=0.5921 | kd=0.2934 | recon=0.3605 | t=117s
  Ep 200 | step 1550/1868 | loss=1.0871 | diff=0.5927 | kd=0.6546 | recon=0.4289 | t=121s
  Ep 200 | step 1600/1868 | loss=1.1361 | diff=0.5939 | kd=0.2735 | recon=0.5149 | t=125s
  Ep 200 | step 1650/1868 | loss=0.9900 | diff=0.5928 | kd=0.2658 | recon=0.3706 | t=129s
  Ep 200 | step 1700/1868 | loss=0.9673 | diff=0.5907 | kd=0.3622 | recon=0.3404 | t=133s
  Ep 200 | step 1750/1868 | loss=1.0201 | diff=0.5925 | kd=0.2536 | recon=0.4023 | t=137s
  Ep 200 | step 1800/1868 | loss=0.9845 | diff=0.5928 | kd=0.3085 | recon=0.3608 | t=140s
  Ep 200 | step 1850/1868 | loss=1.0392 | diff=0.5960 | kd=0.5038 | recon=0.3928 | t=144s

  ── Epoch 200/200 (189s) ──────────────────────
  Train  loss=1.0363  diff=0.5916  kd=0.3938  recon=0.4054
  Val    loss=1.0338  RMSE=0.4895  MAE=0.4050  lr=1.00e-06
  [EP200] Checkpoint saved → checkpoints/epoch_200.pth

=======================================================
  Training complete!
  Best val loss : 1.0337
  Checkpoint    : checkpoints/best_model.pth
  Log           : results/train_log.json
=======================================================
