/DATA/raghvendra3088/Implementation-of-IIDM/src/train.py:166: FutureWarning: `torch.cuda.amp.GradScaler(args...)` is deprecated. Please use `torch.amp.GradScaler('cuda', args...)` instead.
  scaler  = GradScaler(enabled=use_amp)

=======================================================
  IIDM Training
=======================================================
  Device     : cuda
  Epochs     : 200
  Batch size : 16
  LR         : 0.0001

  Loading datasets ...
  [train] 7475 patches
  [val] 1601 patches
  Train batches : 467
  Val   batches : 101

  Initializing IIDM model ...
  Trainable params : 77.76M

  Starting training from epoch 1 ...

/DATA/raghvendra3088/Implementation-of-IIDM/src/train.py:202: FutureWarning: `torch.cuda.amp.autocast(args...)` is deprecated. Please use `torch.amp.autocast('cuda', args...)` instead.
  with autocast(enabled=use_amp):
  Ep 001 | step 0000/467 | loss=1.9499 | diff=1.1312 | kd=1.5361 | recon=0.6650 | t=2s
  Ep 001 | step 0050/467 | loss=1.4638 | diff=0.9988 | kd=1.1679 | recon=0.3482 | t=8s
  Ep 001 | step 0100/467 | loss=1.4162 | diff=0.9981 | kd=1.0567 | recon=0.3124 | t=14s
  Ep 001 | step 0150/467 | loss=1.3870 | diff=0.9853 | kd=0.7534 | recon=0.3264 | t=21s
  Ep 001 | step 0200/467 | loss=1.3551 | diff=0.9474 | kd=0.9097 | recon=0.3167 | t=27s
  Ep 001 | step 0250/467 | loss=1.3180 | diff=0.9213 | kd=0.8930 | recon=0.3074 | t=36s
  Ep 001 | step 0300/467 | loss=1.3845 | diff=0.9227 | kd=0.7712 | recon=0.3847 | t=47s
  Ep 001 | step 0350/467 | loss=1.3368 | diff=0.8952 | kd=0.7851 | recon=0.3631 | t=57s
  Ep 001 | step 0400/467 | loss=1.2803 | diff=0.8881 | kd=0.7589 | recon=0.3164 | t=67s
  Ep 001 | step 0450/467 | loss=1.3206 | diff=0.8844 | kd=0.7441 | recon=0.3618 | t=77s
/DATA/raghvendra3088/Implementation-of-IIDM/src/train.py:238: FutureWarning: `torch.cuda.amp.autocast(args...)` is deprecated. Please use `torch.amp.autocast('cuda', args...)` instead.
  with autocast(enabled=use_amp):

  ── Epoch 001/200 (114s) ──────────────────────
  Train  loss=1.3742  diff=0.9440  kd=0.9073  recon=0.3394
  Val    loss=1.2821  RMSE=0.4935  MAE=0.4159  lr=1.00e-04
  [BEST] Checkpoint saved → checkpoints/best_model.pth

  Ep 002 | step 0000/467 | loss=1.2877 | diff=0.8764 | kd=0.8556 | recon=0.3258 | t=1s
  Ep 002 | step 0050/467 | loss=1.2974 | diff=0.8746 | kd=0.6893 | recon=0.3538 | t=11s
  Ep 002 | step 0100/467 | loss=1.2954 | diff=0.8563 | kd=0.9088 | recon=0.3483 | t=21s
  Ep 002 | step 0150/467 | loss=1.2601 | diff=0.8626 | kd=0.8322 | recon=0.3143 | t=31s
  Ep 002 | step 0200/467 | loss=1.2301 | diff=0.8536 | kd=0.6336 | recon=0.3132 | t=42s
  Ep 002 | step 0250/467 | loss=1.2354 | diff=0.8537 | kd=0.6650 | recon=0.3152 | t=52s
  Ep 002 | step 0300/467 | loss=1.2740 | diff=0.8408 | kd=0.7876 | recon=0.3544 | t=62s
  Ep 002 | step 0350/467 | loss=1.2552 | diff=0.8410 | kd=0.5602 | recon=0.3582 | t=72s
  Ep 002 | step 0400/467 | loss=1.2093 | diff=0.8287 | kd=0.6346 | recon=0.3171 | t=83s
  Ep 002 | step 0450/467 | loss=1.2200 | diff=0.8291 | kd=0.5390 | recon=0.3370 | t=93s

  ── Epoch 002/200 (129s) ──────────────────────
  Train  loss=1.2526  diff=0.8501  kd=0.6789  recon=0.3345
  Val    loss=1.2172  RMSE=0.4901  MAE=0.4133  lr=1.00e-04
  [BEST] Checkpoint saved → checkpoints/best_model.pth

  Ep 003 | step 0000/467 | loss=1.2452 | diff=0.8319 | kd=0.6064 | recon=0.3527 | t=1s
  Ep 003 | step 0050/467 | loss=1.2006 | diff=0.8179 | kd=0.6600 | recon=0.3168 | t=11s
  Ep 003 | step 0100/467 | loss=1.2409 | diff=0.8145 | kd=0.6188 | recon=0.3645 | t=21s
  Ep 003 | step 0150/467 | loss=1.1940 | diff=0.8093 | kd=0.5137 | recon=0.3333 | t=31s
  Ep 003 | step 0200/467 | loss=1.1708 | diff=0.8128 | kd=0.6732 | recon=0.2907 | t=41s
  Ep 003 | step 0250/467 | loss=1.1997 | diff=0.8142 | kd=0.8444 | recon=0.3010 | t=52s
  Ep 003 | step 0300/467 | loss=1.1858 | diff=0.8005 | kd=0.6396 | recon=0.3213 | t=62s
  Ep 003 | step 0350/467 | loss=1.2113 | diff=0.7996 | kd=0.5522 | recon=0.3565 | t=72s
  Ep 003 | step 0400/467 | loss=1.1879 | diff=0.7946 | kd=0.5285 | recon=0.3405 | t=82s
  Ep 003 | step 0450/467 | loss=1.1860 | diff=0.7973 | kd=0.6119 | recon=0.3275 | t=93s

  ── Epoch 003/200 (129s) ──────────────────────
  Train  loss=1.2006  diff=0.8092  kd=0.5854  recon=0.3329
  Val    loss=1.1783  RMSE=0.4791  MAE=0.4020  lr=9.99e-05
  [BEST] Checkpoint saved → checkpoints/best_model.pth

  Ep 004 | step 0000/467 | loss=1.1698 | diff=0.7886 | kd=0.4536 | recon=0.3358 | t=1s
  Ep 004 | step 0050/467 | loss=1.1417 | diff=0.7835 | kd=0.6225 | recon=0.2960 | t=11s
  Ep 004 | step 0100/467 | loss=1.1666 | diff=0.7839 | kd=0.5581 | recon=0.3269 | t=21s
  Ep 004 | step 0150/467 | loss=1.1752 | diff=0.7909 | kd=0.4493 | recon=0.3393 | t=32s
  Ep 004 | step 0200/467 | loss=1.1871 | diff=0.8015 | kd=0.6676 | recon=0.3188 | t=42s
  Ep 004 | step 0250/467 | loss=1.1795 | diff=0.7774 | kd=0.4993 | recon=0.3521 | t=52s
  Ep 004 | step 0300/467 | loss=1.1726 | diff=0.7736 | kd=0.4702 | recon=0.3519 | t=62s
  Ep 004 | step 0350/467 | loss=1.1932 | diff=0.7828 | kd=0.5868 | recon=0.3518 | t=73s
  Ep 004 | step 0400/467 | loss=1.1780 | diff=0.7936 | kd=0.4457 | recon=0.3398 | t=83s
  Ep 004 | step 0450/467 | loss=1.1325 | diff=0.7682 | kd=0.5469 | recon=0.3096 | t=93s

  ── Epoch 004/200 (129s) ──────────────────────
  Train  loss=1.1669  diff=0.7820  kd=0.5242  recon=0.3325
  Val    loss=1.1569  RMSE=0.4925  MAE=0.4147  lr=9.99e-05
  [BEST] Checkpoint saved → checkpoints/best_model.pth

  Ep 005 | step 0000/467 | loss=1.1384 | diff=0.7803 | kd=0.5179 | recon=0.3063 | t=1s
  Ep 005 | step 0050/467 | loss=1.1638 | diff=0.7627 | kd=0.4672 | recon=0.3543 | t=11s
  Ep 005 | step 0100/467 | loss=1.1527 | diff=0.7661 | kd=0.5248 | recon=0.3342 | t=21s
  Ep 005 | step 0150/467 | loss=1.1369 | diff=0.7668 | kd=0.4641 | recon=0.3236 | t=31s
  Ep 005 | step 0200/467 | loss=1.1225 | diff=0.7543 | kd=0.3872 | recon=0.3295 | t=41s
  Ep 005 | step 0250/467 | loss=1.1341 | diff=0.7560 | kd=0.4376 | recon=0.3343 | t=52s
  Ep 005 | step 0300/467 | loss=1.1606 | diff=0.7586 | kd=0.4542 | recon=0.3566 | t=62s
  Ep 005 | step 0350/467 | loss=1.1101 | diff=0.7571 | kd=0.4188 | recon=0.3111 | t=72s
  Ep 005 | step 0400/467 | loss=1.1462 | diff=0.7514 | kd=0.5212 | recon=0.3428 | t=82s
  Ep 005 | step 0450/467 | loss=1.1185 | diff=0.7499 | kd=0.5692 | recon=0.3117 | t=92s

  ── Epoch 005/200 (129s) ──────────────────────
  Train  loss=1.1423  diff=0.7614  kd=0.4806  recon=0.3328
  Val    loss=1.1285  RMSE=0.4917  MAE=0.4137  lr=9.98e-05
  [BEST] Checkpoint saved → checkpoints/best_model.pth

  Ep 006 | step 0000/467 | loss=1.1205 | diff=0.7530 | kd=0.4641 | recon=0.3211 | t=1s
  Ep 006 | step 0050/467 | loss=1.1082 | diff=0.7612 | kd=0.3864 | recon=0.3084 | t=11s
  Ep 006 | step 0100/467 | loss=1.1620 | diff=0.7716 | kd=0.4254 | recon=0.3479 | t=21s
  Ep 006 | step 0150/467 | loss=1.1562 | diff=0.7578 | kd=0.4159 | recon=0.3568 | t=31s
  Ep 006 | step 0200/467 | loss=1.1106 | diff=0.7553 | kd=0.5260 | recon=0.3027 | t=41s
  Ep 006 | step 0250/467 | loss=1.1529 | diff=0.7612 | kd=0.4030 | recon=0.3514 | t=52s
  Ep 006 | step 0300/467 | loss=1.1029 | diff=0.7376 | kd=0.4279 | recon=0.3225 | t=62s
  Ep 006 | step 0350/467 | loss=1.0922 | diff=0.7421 | kd=0.3278 | recon=0.3174 | t=72s
  Ep 006 | step 0400/467 | loss=1.1486 | diff=0.7386 | kd=0.3929 | recon=0.3708 | t=82s
  Ep 006 | step 0450/467 | loss=1.1089 | diff=0.7452 | kd=0.5895 | recon=0.3047 | t=92s

  ── Epoch 006/200 (128s) ──────────────────────
  Train  loss=1.1225  diff=0.7453  kd=0.4483  recon=0.3324
  Val    loss=1.1084  RMSE=0.4975  MAE=0.4193  lr=9.98e-05
  [BEST] Checkpoint saved → checkpoints/best_model.pth

  Ep 007 | step 0000/467 | loss=1.1667 | diff=0.7319 | kd=0.4633 | recon=0.3884 | t=1s
  Ep 007 | step 0050/467 | loss=1.0527 | diff=0.7319 | kd=0.5411 | recon=0.2668 | t=11s
  Ep 007 | step 0100/467 | loss=1.1562 | diff=0.7522 | kd=0.3403 | recon=0.3700 | t=21s
  Ep 007 | step 0150/467 | loss=1.1490 | diff=0.7453 | kd=0.4647 | recon=0.3572 | t=31s
  Ep 007 | step 0200/467 | loss=1.1006 | diff=0.7423 | kd=0.3576 | recon=0.3225 | t=41s
  Ep 007 | step 0250/467 | loss=1.1922 | diff=0.7339 | kd=0.3966 | recon=0.4186 | t=51s
  Ep 007 | step 0300/467 | loss=1.1408 | diff=0.7367 | kd=0.5206 | recon=0.3520 | t=62s
  Ep 007 | step 0350/467 | loss=1.1371 | diff=0.7392 | kd=0.4644 | recon=0.3515 | t=72s
  Ep 007 | step 0400/467 | loss=1.0832 | diff=0.7237 | kd=0.4547 | recon=0.3141 | t=82s
  Ep 007 | step 0450/467 | loss=1.0776 | diff=0.7216 | kd=0.4934 | recon=0.3066 | t=93s

  ── Epoch 007/200 (129s) ──────────────────────
  Train  loss=1.1069  diff=0.7323  kd=0.4228  recon=0.3322
  Val    loss=1.0944  RMSE=0.4976  MAE=0.4184  lr=9.97e-05
  [BEST] Checkpoint saved → checkpoints/best_model.pth

  Ep 008 | step 0000/467 | loss=1.0869 | diff=0.7181 | kd=0.3419 | recon=0.3346 | t=1s
  Ep 008 | step 0050/467 | loss=1.1028 | diff=0.7201 | kd=0.4313 | recon=0.3396 | t=11s
  Ep 008 | step 0100/467 | loss=1.1054 | diff=0.7197 | kd=0.5367 | recon=0.3320 | t=21s
  Ep 008 | step 0150/467 | loss=1.1178 | diff=0.7195 | kd=0.3634 | recon=0.3619 | t=31s
  Ep 008 | step 0200/467 | loss=1.0853 | diff=0.7156 | kd=0.4210 | recon=0.3276 | t=41s
  Ep 008 | step 0250/467 | loss=1.0857 | diff=0.7305 | kd=0.4163 | recon=0.3135 | t=52s
  Ep 008 | step 0300/467 | loss=1.1113 | diff=0.7145 | kd=0.4352 | recon=0.3533 | t=62s
  Ep 008 | step 0350/467 | loss=1.0560 | diff=0.7156 | kd=0.4825 | recon=0.2922 | t=73s
  Ep 008 | step 0400/467 | loss=1.0827 | diff=0.7104 | kd=0.3957 | recon=0.3328 | t=83s
  Ep 008 | step 0450/467 | loss=1.1267 | diff=0.7115 | kd=0.4846 | recon=0.3667 | t=93s

  ── Epoch 008/200 (129s) ──────────────────────
  Train  loss=1.0938  diff=0.7208  kd=0.4029  recon=0.3327
  Val    loss=1.0809  RMSE=0.4849  MAE=0.4062  lr=9.96e-05
  [BEST] Checkpoint saved → checkpoints/best_model.pth

  Ep 009 | step 0000/467 | loss=1.1023 | diff=0.7133 | kd=0.3723 | recon=0.3518 | t=1s
  Ep 009 | step 0050/467 | loss=1.1194 | diff=0.7262 | kd=0.4607 | recon=0.3471 | t=11s
  Ep 009 | step 0100/467 | loss=1.0803 | diff=0.7060 | kd=0.4420 | recon=0.3302 | t=21s
  Ep 009 | step 0150/467 | loss=1.1090 | diff=0.7105 | kd=0.3657 | recon=0.3619 | t=31s
  Ep 009 | step 0200/467 | loss=1.0411 | diff=0.7083 | kd=0.3484 | recon=0.2980 | t=42s
  Ep 009 | step 0250/467 | loss=1.0586 | diff=0.7100 | kd=0.3217 | recon=0.3164 | t=52s
  Ep 009 | step 0300/467 | loss=1.0856 | diff=0.7246 | kd=0.3126 | recon=0.3297 | t=62s
  Ep 009 | step 0350/467 | loss=1.0557 | diff=0.7064 | kd=0.4692 | recon=0.3024 | t=72s
  Ep 009 | step 0400/467 | loss=1.0659 | diff=0.7039 | kd=0.5277 | recon=0.3092 | t=83s
  Ep 009 | step 0450/467 | loss=1.0916 | diff=0.7079 | kd=0.3091 | recon=0.3527 | t=93s

  ── Epoch 009/200 (129s) ──────────────────────
  Train  loss=1.0826  diff=0.7117  kd=0.3862  recon=0.3322
  Val    loss=1.0731  RMSE=0.4855  MAE=0.4059  lr=9.95e-05
  [BEST] Checkpoint saved → checkpoints/best_model.pth

  Ep 010 | step 0000/467 | loss=1.0760 | diff=0.7081 | kd=0.3247 | recon=0.3354 | t=1s
  Ep 010 | step 0050/467 | loss=1.0766 | diff=0.7155 | kd=0.4698 | recon=0.3142 | t=11s
  Ep 010 | step 0100/467 | loss=1.0637 | diff=0.7093 | kd=0.3586 | recon=0.3185 | t=22s
  Ep 010 | step 0150/467 | loss=1.1046 | diff=0.6985 | kd=0.3298 | recon=0.3732 | t=33s
  Ep 010 | step 0200/467 | loss=1.0729 | diff=0.7122 | kd=0.3940 | recon=0.3213 | t=43s
  Ep 010 | step 0250/467 | loss=1.0293 | diff=0.7134 | kd=0.3412 | recon=0.2818 | t=54s
  Ep 010 | step 0300/467 | loss=1.0918 | diff=0.7108 | kd=0.3563 | recon=0.3453 | t=65s
  Ep 010 | step 0350/467 | loss=1.0587 | diff=0.6967 | kd=0.4441 | recon=0.3176 | t=75s
  Ep 010 | step 0400/467 | loss=1.0697 | diff=0.7015 | kd=0.4099 | recon=0.3273 | t=86s
  Ep 010 | step 0450/467 | loss=1.0336 | diff=0.6959 | kd=0.3584 | recon=0.3018 | t=97s

  ── Epoch 010/200 (134s) ──────────────────────
  Train  loss=1.0731  diff=0.7038  kd=0.3731  recon=0.3320
  Val    loss=1.0662  RMSE=0.4933  MAE=0.4138  lr=9.94e-05
  [BEST] Checkpoint saved → checkpoints/best_model.pth
  [EP10] Checkpoint saved → checkpoints/epoch_010.pth

  Ep 011 | step 0000/467 | loss=1.0597 | diff=0.6954 | kd=0.3307 | recon=0.3313 | t=1s
  Ep 011 | step 0050/467 | loss=1.0300 | diff=0.6951 | kd=0.2953 | recon=0.3054 | t=12s
  Ep 011 | step 0100/467 | loss=1.0589 | diff=0.6976 | kd=0.3302 | recon=0.3283 | t=23s
  Ep 011 | step 0150/467 | loss=1.0163 | diff=0.6931 | kd=0.3469 | recon=0.2885 | t=34s
  Ep 011 | step 0200/467 | loss=1.0786 | diff=0.7013 | kd=0.4993 | recon=0.3274 | t=45s
  Ep 011 | step 0250/467 | loss=1.0467 | diff=0.6879 | kd=0.3829 | recon=0.3205 | t=57s
  Ep 011 | step 0300/467 | loss=1.0583 | diff=0.6916 | kd=0.3880 | recon=0.3278 | t=68s
  Ep 011 | step 0350/467 | loss=1.1069 | diff=0.6927 | kd=0.3323 | recon=0.3810 | t=79s
  Ep 011 | step 0400/467 | loss=1.0691 | diff=0.6962 | kd=0.4141 | recon=0.3314 | t=90s
  Ep 011 | step 0450/467 | loss=1.0600 | diff=0.6888 | kd=0.3539 | recon=0.3358 | t=102s

  ── Epoch 011/200 (142s) ──────────────────────
  Train  loss=1.0640  diff=0.6959  kd=0.3608  recon=0.3320
  Val    loss=1.0519  RMSE=0.4850  MAE=0.4047  lr=9.93e-05
  [BEST] Checkpoint saved → checkpoints/best_model.pth

  Ep 012 | step 0000/467 | loss=1.0246 | diff=0.7054 | kd=0.3458 | recon=0.2846 | t=1s
  Ep 012 | step 0050/467 | loss=1.0327 | diff=0.6859 | kd=0.3722 | recon=0.3095 | t=12s
  Ep 012 | step 0100/467 | loss=1.0891 | diff=0.6876 | kd=0.3188 | recon=0.3697 | t=23s
  Ep 012 | step 0150/467 | loss=1.0188 | diff=0.6848 | kd=0.4587 | recon=0.2881 | t=34s
  Ep 012 | step 0200/467 | loss=1.0364 | diff=0.6860 | kd=0.3992 | recon=0.3105 | t=45s
  Ep 012 | step 0250/467 | loss=1.0257 | diff=0.6859 | kd=0.2964 | recon=0.3101 | t=57s
  Ep 012 | step 0300/467 | loss=1.0816 | diff=0.6889 | kd=0.3417 | recon=0.3585 | t=68s
  Ep 012 | step 0350/467 | loss=1.0101 | diff=0.6835 | kd=0.4060 | recon=0.2860 | t=79s
  Ep 012 | step 0400/467 | loss=1.0796 | diff=0.6832 | kd=0.4139 | recon=0.3550 | t=90s
  Ep 012 | step 0450/467 | loss=1.0825 | diff=0.6939 | kd=0.3745 | recon=0.3512 | t=101s

  ── Epoch 012/200 (141s) ──────────────────────
  Train  loss=1.0562  diff=0.6899  kd=0.3508  recon=0.3313
  Val    loss=1.0510  RMSE=0.4725  MAE=0.3907  lr=9.91e-05
  [BEST] Checkpoint saved → checkpoints/best_model.pth

  Ep 013 | step 0000/467 | loss=1.0261 | diff=0.6856 | kd=0.3009 | recon=0.3104 | t=1s
  Ep 013 | step 0050/467 | loss=1.0535 | diff=0.6813 | kd=0.3751 | recon=0.3347 | t=12s
  Ep 013 | step 0100/467 | loss=1.0472 | diff=0.6858 | kd=0.3681 | recon=0.3246 | t=23s
  Ep 013 | step 0150/467 | loss=1.0515 | diff=0.6795 | kd=0.3036 | recon=0.3416 | t=34s
  Ep 013 | step 0200/467 | loss=1.0532 | diff=0.6996 | kd=0.4232 | recon=0.3113 | t=45s
  Ep 013 | step 0250/467 | loss=1.0397 | diff=0.6800 | kd=0.2854 | recon=0.3311 | t=56s
  Ep 013 | step 0300/467 | loss=1.0613 | diff=0.6787 | kd=0.4068 | recon=0.3419 | t=67s
  Ep 013 | step 0350/467 | loss=1.0309 | diff=0.6803 | kd=0.3170 | recon=0.3189 | t=79s
  Ep 013 | step 0400/467 | loss=1.0384 | diff=0.6786 | kd=0.3408 | recon=0.3256 | t=90s
  Ep 013 | step 0450/467 | loss=1.0567 | diff=0.6821 | kd=0.3031 | recon=0.3444 | t=101s

  ── Epoch 013/200 (141s) ──────────────────────
  Train  loss=1.0502  diff=0.6844  kd=0.3425  recon=0.3316
  Val    loss=1.0459  RMSE=0.4895  MAE=0.4090  lr=9.90e-05
  [BEST] Checkpoint saved → checkpoints/best_model.pth

  Ep 014 | step 0000/467 | loss=1.0341 | diff=0.6808 | kd=0.3155 | recon=0.3217 | t=1s
  Ep 014 | step 0050/467 | loss=0.9975 | diff=0.6781 | kd=0.2794 | recon=0.2915 | t=12s
  Ep 014 | step 0100/467 | loss=1.0452 | diff=0.6887 | kd=0.3127 | recon=0.3252 | t=23s
  Ep 014 | step 0150/467 | loss=1.0583 | diff=0.6957 | kd=0.2966 | recon=0.3329 | t=34s
  Ep 014 | step 0200/467 | loss=1.0748 | diff=0.6810 | kd=0.3234 | recon=0.3614 | t=45s
  Ep 014 | step 0250/467 | loss=1.0480 | diff=0.6806 | kd=0.2866 | recon=0.3387 | t=56s
  Ep 014 | step 0300/467 | loss=1.0745 | diff=0.6759 | kd=0.2942 | recon=0.3692 | t=68s
  Ep 014 | step 0350/467 | loss=1.0385 | diff=0.6772 | kd=0.3068 | recon=0.3307 | t=79s
  Ep 014 | step 0400/467 | loss=1.0341 | diff=0.6743 | kd=0.3262 | recon=0.3272 | t=90s
  Ep 014 | step 0450/467 | loss=1.0692 | diff=0.6918 | kd=0.2593 | recon=0.3515 | t=101s

  ── Epoch 014/200 (141s) ──────────────────────
  Train  loss=1.0445  diff=0.6798  kd=0.3347  recon=0.3313
  Val    loss=1.0432  RMSE=0.4855  MAE=0.4047  lr=9.88e-05
  [BEST] Checkpoint saved → checkpoints/best_model.pth

  Ep 015 | step 0000/467 | loss=1.0094 | diff=0.6735 | kd=0.2543 | recon=0.3104 | t=1s
  Ep 015 | step 0050/467 | loss=1.0971 | diff=0.6730 | kd=0.4172 | recon=0.3824 | t=12s
  Ep 015 | step 0100/467 | loss=1.0214 | diff=0.6759 | kd=0.3240 | recon=0.3131 | t=23s
  Ep 015 | step 0150/467 | loss=1.0519 | diff=0.6751 | kd=0.3868 | recon=0.3382 | t=34s
  Ep 015 | step 0200/467 | loss=1.0295 | diff=0.6715 | kd=0.3079 | recon=0.3273 | t=45s
  Ep 015 | step 0250/467 | loss=1.0786 | diff=0.6757 | kd=0.3731 | recon=0.3656 | t=56s
  Ep 015 | step 0300/467 | loss=1.0573 | diff=0.6857 | kd=0.3289 | recon=0.3387 | t=67s
  Ep 015 | step 0350/467 | loss=1.0775 | diff=0.6793 | kd=0.3024 | recon=0.3679 | t=78s
  Ep 015 | step 0400/467 | loss=1.0592 | diff=0.6723 | kd=0.3031 | recon=0.3566 | t=90s
  Ep 015 | step 0450/467 | loss=1.0441 | diff=0.6706 | kd=0.3379 | recon=0.3397 | t=101s

  ── Epoch 015/200 (141s) ──────────────────────
  Train  loss=1.0399  diff=0.6756  kd=0.3277  recon=0.3315
  Val    loss=1.0339  RMSE=0.4927  MAE=0.4129  lr=9.86e-05
  [BEST] Checkpoint saved → checkpoints/best_model.pth

  Ep 016 | step 0000/467 | loss=1.0474 | diff=0.6836 | kd=0.3608 | recon=0.3277 | t=1s
  Ep 016 | step 0050/467 | loss=1.0800 | diff=0.6680 | kd=0.2700 | recon=0.3850 | t=12s
  Ep 016 | step 0100/467 | loss=1.0669 | diff=0.6721 | kd=0.3052 | recon=0.3643 | t=23s
  Ep 016 | step 0150/467 | loss=1.0788 | diff=0.6704 | kd=0.3982 | recon=0.3686 | t=34s
  Ep 016 | step 0200/467 | loss=1.0511 | diff=0.6693 | kd=0.3052 | recon=0.3513 | t=45s
  Ep 016 | step 0250/467 | loss=1.0310 | diff=0.7030 | kd=0.2975 | recon=0.2983 | t=56s
  Ep 016 | step 0300/467 | loss=1.0509 | diff=0.6662 | kd=0.3640 | recon=0.3482 | t=68s
  Ep 016 | step 0350/467 | loss=1.0870 | diff=0.7064 | kd=0.2610 | recon=0.3545 | t=79s
  Ep 016 | step 0400/467 | loss=1.0478 | diff=0.6658 | kd=0.2805 | recon=0.3539 | t=90s
  Ep 016 | step 0450/467 | loss=1.0699 | diff=0.6747 | kd=0.3538 | recon=0.3598 | t=101s

  ── Epoch 016/200 (141s) ──────────────────────
  Train  loss=1.0359  diff=0.6727  kd=0.3215  recon=0.3310
  Val    loss=1.0294  RMSE=0.4857  MAE=0.4049  lr=9.84e-05
  [BEST] Checkpoint saved → checkpoints/best_model.pth

  Ep 017 | step 0000/467 | loss=1.0108 | diff=0.6703 | kd=0.2554 | recon=0.3149 | t=1s
  Ep 017 | step 0050/467 | loss=1.0036 | diff=0.6661 | kd=0.2514 | recon=0.3124 | t=12s
  Ep 017 | step 0100/467 | loss=1.0519 | diff=0.6752 | kd=0.2897 | recon=0.3477 | t=23s
  Ep 017 | step 0150/467 | loss=1.0542 | diff=0.6711 | kd=0.3402 | recon=0.3491 | t=34s
  Ep 017 | step 0200/467 | loss=1.0373 | diff=0.6694 | kd=0.2547 | recon=0.3424 | t=45s
  Ep 017 | step 0250/467 | loss=1.0498 | diff=0.6659 | kd=0.3255 | recon=0.3513 | t=56s
  Ep 017 | step 0300/467 | loss=1.0357 | diff=0.6687 | kd=0.2789 | recon=0.3392 | t=68s
  Ep 017 | step 0350/467 | loss=1.0335 | diff=0.6660 | kd=0.3494 | recon=0.3325 | t=79s
  Ep 017 | step 0400/467 | loss=1.0436 | diff=0.6670 | kd=0.3575 | recon=0.3408 | t=90s
  Ep 017 | step 0450/467 | loss=1.0366 | diff=0.6657 | kd=0.3397 | recon=0.3369 | t=101s

  ── Epoch 017/200 (141s) ──────────────────────
  Train  loss=1.0312  diff=0.6685  kd=0.3158  recon=0.3312
  Val    loss=1.0240  RMSE=0.4869  MAE=0.4067  lr=9.82e-05
  [BEST] Checkpoint saved → checkpoints/best_model.pth

  Ep 018 | step 0000/467 | loss=1.0459 | diff=0.6719 | kd=0.2695 | recon=0.3471 | t=1s
  Ep 018 | step 0050/467 | loss=1.0305 | diff=0.6644 | kd=0.3597 | recon=0.3302 | t=12s
  Ep 018 | step 0100/467 | loss=1.0142 | diff=0.6632 | kd=0.2981 | recon=0.3212 | t=23s
  Ep 018 | step 0150/467 | loss=1.0631 | diff=0.6616 | kd=0.2820 | recon=0.3733 | t=34s
  Ep 018 | step 0200/467 | loss=1.0227 | diff=0.6680 | kd=0.2779 | recon=0.3270 | t=45s
  Ep 018 | step 0250/467 | loss=0.9906 | diff=0.6640 | kd=0.3754 | recon=0.2891 | t=56s
  Ep 018 | step 0300/467 | loss=1.0114 | diff=0.6641 | kd=0.3647 | recon=0.3108 | t=68s
  Ep 018 | step 0350/467 | loss=0.9969 | diff=0.6598 | kd=0.2842 | recon=0.3087 | t=79s
  Ep 018 | step 0400/467 | loss=1.0189 | diff=0.6603 | kd=0.2987 | recon=0.3287 | t=90s
  Ep 018 | step 0450/467 | loss=1.0314 | diff=0.6642 | kd=0.2783 | recon=0.3394 | t=101s

  ── Epoch 018/200 (141s) ──────────────────────
  Train  loss=1.0276  diff=0.6655  kd=0.3108  recon=0.3310
  Val    loss=1.0214  RMSE=0.4901  MAE=0.4097  lr=9.80e-05
  [BEST] Checkpoint saved → checkpoints/best_model.pth

  Ep 019 | step 0000/467 | loss=0.9963 | diff=0.6616 | kd=0.3652 | recon=0.2982 | t=1s
  Ep 019 | step 0050/467 | loss=0.9933 | diff=0.6608 | kd=0.4149 | recon=0.2910 | t=12s
  Ep 019 | step 0100/467 | loss=0.9879 | diff=0.6664 | kd=0.2809 | recon=0.2934 | t=23s
  Ep 019 | step 0150/467 | loss=1.0176 | diff=0.6622 | kd=0.3192 | recon=0.3235 | t=34s
  Ep 019 | step 0200/467 | loss=1.0051 | diff=0.6791 | kd=0.3128 | recon=0.2947 | t=45s
  Ep 019 | step 0250/467 | loss=1.0372 | diff=0.6602 | kd=0.3009 | recon=0.3470 | t=56s
  Ep 019 | step 0300/467 | loss=1.0549 | diff=0.6627 | kd=0.3497 | recon=0.3572 | t=67s
  Ep 019 | step 0350/467 | loss=0.9801 | diff=0.6627 | kd=0.3620 | recon=0.2812 | t=78s
  Ep 019 | step 0400/467 | loss=1.0290 | diff=0.6583 | kd=0.3281 | recon=0.3379 | t=89s
  Ep 019 | step 0450/467 | loss=0.9972 | diff=0.6568 | kd=0.2990 | recon=0.3104 | t=101s

  ── Epoch 019/200 (141s) ──────────────────────
  Train  loss=1.0242  diff=0.6629  kd=0.3057  recon=0.3307
  Val    loss=1.0194  RMSE=0.4783  MAE=0.3976  lr=9.78e-05
  [BEST] Checkpoint saved → checkpoints/best_model.pth

  Ep 020 | step 0000/467 | loss=1.0047 | diff=0.6575 | kd=0.2853 | recon=0.3187 | t=1s
  Ep 020 | step 0050/467 | loss=1.0084 | diff=0.6579 | kd=0.3080 | recon=0.3197 | t=12s
  Ep 020 | step 0100/467 | loss=1.0665 | diff=0.6576 | kd=0.2879 | recon=0.3802 | t=23s
  Ep 020 | step 0150/467 | loss=1.0129 | diff=0.6589 | kd=0.2800 | recon=0.3260 | t=34s
  Ep 020 | step 0200/467 | loss=1.0027 | diff=0.6588 | kd=0.2519 | recon=0.3187 | t=45s
  Ep 020 | step 0250/467 | loss=1.0929 | diff=0.6698 | kd=0.2264 | recon=0.4004 | t=56s
  Ep 020 | step 0300/467 | loss=1.0126 | diff=0.6682 | kd=0.2833 | recon=0.3161 | t=68s
  Ep 020 | step 0350/467 | loss=0.9776 | diff=0.6625 | kd=0.3471 | recon=0.2804 | t=79s
  Ep 020 | step 0400/467 | loss=1.0348 | diff=0.6609 | kd=0.3335 | recon=0.3405 | t=90s
  Ep 020 | step 0450/467 | loss=1.0482 | diff=0.6564 | kd=0.2835 | recon=0.3635 | t=101s

  ── Epoch 020/200 (140s) ──────────────────────
  Train  loss=1.0213  diff=0.6606  kd=0.3015  recon=0.3305
  Val    loss=1.0151  RMSE=0.4928  MAE=0.4118  lr=9.76e-05
  [BEST] Checkpoint saved → checkpoints/best_model.pth
  [EP20] Checkpoint saved → checkpoints/epoch_020.pth

  Ep 021 | step 0000/467 | loss=1.0076 | diff=0.6521 | kd=0.3032 | recon=0.3252 | t=1s
  Ep 021 | step 0050/467 | loss=1.0632 | diff=0.6640 | kd=0.3134 | recon=0.3679 | t=11s
  Ep 021 | step 0100/467 | loss=1.0352 | diff=0.6574 | kd=0.2804 | recon=0.3498 | t=22s
  Ep 021 | step 0150/467 | loss=1.0206 | diff=0.6571 | kd=0.2771 | recon=0.3358 | t=33s
  Ep 021 | step 0200/467 | loss=1.0196 | diff=0.6549 | kd=0.2508 | recon=0.3396 | t=43s
  Ep 021 | step 0250/467 | loss=1.0084 | diff=0.6542 | kd=0.2502 | recon=0.3292 | t=54s
  Ep 021 | step 0300/467 | loss=1.0075 | diff=0.6553 | kd=0.3314 | recon=0.3191 | t=65s
  Ep 021 | step 0350/467 | loss=0.9942 | diff=0.6528 | kd=0.3412 | recon=0.3072 | t=73s
  Ep 021 | step 0400/467 | loss=0.9854 | diff=0.6599 | kd=0.2651 | recon=0.2990 | t=84s
  Ep 021 | step 0450/467 | loss=1.0163 | diff=0.6552 | kd=0.2331 | recon=0.3378 | t=94s

  ── Epoch 021/200 (132s) ──────────────────────
  Train  loss=1.0187  diff=0.6581  kd=0.2976  recon=0.3309
  Val    loss=1.0204  RMSE=0.4870  MAE=0.4066  lr=9.73e-05

  Ep 022 | step 0000/467 | loss=1.0040 | diff=0.6547 | kd=0.3489 | recon=0.3144 | t=1s
  Ep 022 | step 0050/467 | loss=0.9827 | diff=0.6581 | kd=0.2467 | recon=0.2999 | t=11s
  Ep 022 | step 0100/467 | loss=1.0132 | diff=0.6523 | kd=0.2969 | recon=0.3312 | t=22s
  Ep 022 | step 0150/467 | loss=1.0689 | diff=0.6612 | kd=0.3219 | recon=0.3755 | t=32s
  Ep 022 | step 0200/467 | loss=1.0147 | diff=0.6542 | kd=0.3015 | recon=0.3304 | t=42s
  Ep 022 | step 0250/467 | loss=0.9678 | diff=0.6526 | kd=0.3901 | recon=0.2762 | t=53s
  Ep 022 | step 0300/467 | loss=0.9936 | diff=0.6529 | kd=0.3398 | recon=0.3068 | t=63s
  Ep 022 | step 0350/467 | loss=0.9923 | diff=0.6515 | kd=0.3769 | recon=0.3031 | t=74s
  Ep 022 | step 0400/467 | loss=1.0349 | diff=0.6687 | kd=0.2976 | recon=0.3365 | t=84s
  Ep 022 | step 0450/467 | loss=1.0470 | diff=0.6544 | kd=0.2697 | recon=0.3656 | t=95s

  ── Epoch 022/200 (133s) ──────────────────────
  Train  loss=1.0168  diff=0.6567  kd=0.2944  recon=0.3307
  Val    loss=1.0105  RMSE=0.4904  MAE=0.4098  lr=9.71e-05
  [BEST] Checkpoint saved → checkpoints/best_model.pth

  Ep 023 | step 0000/467 | loss=0.9880 | diff=0.6526 | kd=0.2233 | recon=0.3130 | t=1s
  Ep 023 | step 0050/467 | loss=0.9919 | diff=0.6501 | kd=0.2472 | recon=0.3171 | t=11s
  Ep 023 | step 0100/467 | loss=1.0590 | diff=0.6510 | kd=0.2608 | recon=0.3820 | t=22s
  Ep 023 | step 0150/467 | loss=1.0122 | diff=0.6552 | kd=0.2232 | recon=0.3347 | t=32s
  Ep 023 | step 0200/467 | loss=0.9760 | diff=0.6565 | kd=0.2843 | recon=0.2911 | t=43s
  Ep 023 | step 0250/467 | loss=1.0211 | diff=0.6614 | kd=0.2289 | recon=0.3368 | t=53s
  Ep 023 | step 0300/467 | loss=0.9741 | diff=0.6569 | kd=0.3314 | recon=0.2840 | t=63s
  Ep 023 | step 0350/467 | loss=1.0410 | diff=0.6510 | kd=0.2496 | recon=0.3650 | t=74s
  Ep 023 | step 0400/467 | loss=1.0290 | diff=0.6490 | kd=0.2739 | recon=0.3526 | t=84s
  Ep 023 | step 0450/467 | loss=0.9943 | diff=0.6489 | kd=0.3400 | recon=0.3115 | t=95s

  ── Epoch 023/200 (133s) ──────────────────────
  Train  loss=1.0139  diff=0.6543  kd=0.2909  recon=0.3305
  Val    loss=1.0102  RMSE=0.4992  MAE=0.4173  lr=9.68e-05
  [BEST] Checkpoint saved → checkpoints/best_model.pth

  Ep 024 | step 0000/467 | loss=1.0112 | diff=0.6523 | kd=0.2400 | recon=0.3349 | t=1s
  Ep 024 | step 0050/467 | loss=1.1086 | diff=0.6631 | kd=0.4612 | recon=0.3994 | t=11s
  Ep 024 | step 0100/467 | loss=1.0297 | diff=0.6733 | kd=0.2816 | recon=0.3282 | t=22s
  Ep 024 | step 0150/467 | loss=1.0365 | diff=0.6707 | kd=0.2858 | recon=0.3372 | t=32s
  Ep 024 | step 0200/467 | loss=1.0419 | diff=0.6554 | kd=0.2571 | recon=0.3607 | t=43s
  Ep 024 | step 0250/467 | loss=1.0064 | diff=0.6465 | kd=0.4018 | recon=0.3198 | t=53s
  Ep 024 | step 0300/467 | loss=0.9911 | diff=0.6518 | kd=0.4243 | recon=0.2969 | t=64s
  Ep 024 | step 0350/467 | loss=1.0156 | diff=0.6486 | kd=0.2688 | recon=0.3401 | t=74s
  Ep 024 | step 0400/467 | loss=0.9804 | diff=0.6494 | kd=0.2845 | recon=0.3026 | t=85s
  Ep 024 | step 0450/467 | loss=1.0466 | diff=0.6647 | kd=0.2778 | recon=0.3541 | t=95s

  ── Epoch 024/200 (133s) ──────────────────────
  Train  loss=1.0132  diff=0.6542  kd=0.2880  recon=0.3302
  Val    loss=1.0082  RMSE=0.4848  MAE=0.4022  lr=9.65e-05
  [BEST] Checkpoint saved → checkpoints/best_model.pth

  Ep 025 | step 0000/467 | loss=1.0158 | diff=0.6610 | kd=0.2981 | recon=0.3250 | t=1s
  Ep 025 | step 0050/467 | loss=1.0055 | diff=0.6492 | kd=0.2364 | recon=0.3326 | t=11s
  Ep 025 | step 0100/467 | loss=1.0325 | diff=0.6496 | kd=0.2473 | recon=0.3581 | t=22s
  Ep 025 | step 0150/467 | loss=1.0434 | diff=0.6507 | kd=0.2213 | recon=0.3706 | t=32s
  Ep 025 | step 0200/467 | loss=1.0476 | diff=0.6510 | kd=0.2633 | recon=0.3703 | t=42s
  Ep 025 | step 0250/467 | loss=1.0111 | diff=0.6512 | kd=0.2290 | recon=0.3370 | t=53s
  Ep 025 | step 0300/467 | loss=1.0094 | diff=0.6487 | kd=0.3719 | recon=0.3235 | t=63s
  Ep 025 | step 0350/467 | loss=1.0030 | diff=0.6486 | kd=0.2474 | recon=0.3297 | t=74s
  Ep 025 | step 0400/467 | loss=1.0337 | diff=0.6668 | kd=0.2843 | recon=0.3384 | t=84s
  Ep 025 | step 0450/467 | loss=0.9806 | diff=0.6483 | kd=0.3028 | recon=0.3020 | t=94s

  ── Epoch 025/200 (132s) ──────────────────────
  Train  loss=1.0108  diff=0.6523  kd=0.2853  recon=0.3299
  Val    loss=1.0116  RMSE=0.4938  MAE=0.4116  lr=9.62e-05

  Ep 026 | step 0000/467 | loss=1.0308 | diff=0.6505 | kd=0.3785 | recon=0.3424 | t=1s
  Ep 026 | step 0050/467 | loss=0.9990 | diff=0.6504 | kd=0.3113 | recon=0.3175 | t=11s
  Ep 026 | step 0100/467 | loss=0.9914 | diff=0.6481 | kd=0.2434 | recon=0.3190 | t=22s
  Ep 026 | step 0150/467 | loss=0.9972 | diff=0.6498 | kd=0.2591 | recon=0.3216 | t=32s
  Ep 026 | step 0200/467 | loss=0.9861 | diff=0.6485 | kd=0.2926 | recon=0.3083 | t=42s
  Ep 026 | step 0250/467 | loss=0.9942 | diff=0.6679 | kd=0.2894 | recon=0.2974 | t=53s
  Ep 026 | step 0300/467 | loss=1.0539 | diff=0.6620 | kd=0.2981 | recon=0.3621 | t=63s
  Ep 026 | step 0350/467 | loss=1.0234 | diff=0.6452 | kd=0.2591 | recon=0.3523 | t=74s
  Ep 026 | step 0400/467 | loss=1.0452 | diff=0.6492 | kd=0.2474 | recon=0.3713 | t=84s
  Ep 026 | step 0450/467 | loss=1.0057 | diff=0.6525 | kd=0.3344 | recon=0.3197 | t=95s

  ── Epoch 026/200 (133s) ──────────────────────
  Train  loss=1.0067  diff=0.6508  kd=0.2857  recon=0.3273
  Val    loss=0.9995  RMSE=0.5406  MAE=0.4537  lr=9.59e-05
  [BEST] Checkpoint saved → checkpoints/best_model.pth

  Ep 027 | step 0000/467 | loss=1.0086 | diff=0.6472 | kd=0.3153 | recon=0.3298 | t=1s
  Ep 027 | step 0050/467 | loss=1.0159 | diff=0.6448 | kd=0.2651 | recon=0.3446 | t=11s
  Ep 027 | step 0100/467 | loss=1.0005 | diff=0.6495 | kd=0.2542 | recon=0.3256 | t=21s
  Ep 027 | step 0150/467 | loss=1.0315 | diff=0.6506 | kd=0.3144 | recon=0.3495 | t=32s
  Ep 027 | step 0200/467 | loss=1.0074 | diff=0.6449 | kd=0.2686 | recon=0.3356 | t=43s
  Ep 027 | step 0250/467 | loss=0.9689 | diff=0.6448 | kd=0.3246 | recon=0.2916 | t=54s
  Ep 027 | step 0300/467 | loss=1.0170 | diff=0.6461 | kd=0.2994 | recon=0.3409 | t=65s
  Ep 027 | step 0350/467 | loss=1.0406 | diff=0.6495 | kd=0.2736 | recon=0.3637 | t=75s
  Ep 027 | step 0400/467 | loss=1.0183 | diff=0.6483 | kd=0.2643 | recon=0.3437 | t=86s
  Ep 027 | step 0450/467 | loss=1.0099 | diff=0.6437 | kd=0.2655 | recon=0.3396 | t=97s

  ── Epoch 027/200 (136s) ──────────────────────
  Train  loss=1.0020  diff=0.6507  kd=0.2825  recon=0.3230
  Val    loss=0.9970  RMSE=0.5675  MAE=0.4715  lr=9.56e-05
  [BEST] Checkpoint saved → checkpoints/best_model.pth

  Ep 028 | step 0000/467 | loss=0.9806 | diff=0.6464 | kd=0.2578 | recon=0.3085 | t=1s
  Ep 028 | step 0050/467 | loss=1.0018 | diff=0.6480 | kd=0.2224 | recon=0.3316 | t=12s
  Ep 028 | step 0100/467 | loss=1.0361 | diff=0.6631 | kd=0.3102 | recon=0.3419 | t=22s
  Ep 028 | step 0150/467 | loss=1.0427 | diff=0.6467 | kd=0.2789 | recon=0.3681 | t=33s
  Ep 028 | step 0200/467 | loss=1.0028 | diff=0.6591 | kd=0.3220 | recon=0.3115 | t=44s
  Ep 028 | step 0250/467 | loss=1.0016 | diff=0.6484 | kd=0.2497 | recon=0.3282 | t=55s
  Ep 028 | step 0300/467 | loss=0.9695 | diff=0.6441 | kd=0.2759 | recon=0.2979 | t=66s
  Ep 028 | step 0350/467 | loss=1.0306 | diff=0.6470 | kd=0.2739 | recon=0.3562 | t=76s
  Ep 028 | step 0400/467 | loss=1.0101 | diff=0.6554 | kd=0.2979 | recon=0.3250 | t=87s
  Ep 028 | step 0450/467 | loss=0.9989 | diff=0.6457 | kd=0.2836 | recon=0.3248 | t=98s

  ── Epoch 028/200 (136s) ──────────────────────
  Train  loss=0.9988  diff=0.6487  kd=0.2805  recon=0.3221
  Val    loss=0.9957  RMSE=0.6371  MAE=0.5307  lr=9.53e-05
  [BEST] Checkpoint saved → checkpoints/best_model.pth

  Ep 029 | step 0000/467 | loss=1.0052 | diff=0.6449 | kd=0.2678 | recon=0.3335 | t=1s
  Ep 029 | step 0050/467 | loss=0.9883 | diff=0.6524 | kd=0.2836 | recon=0.3075 | t=12s
  Ep 029 | step 0100/467 | loss=1.0048 | diff=0.6463 | kd=0.3037 | recon=0.3282 | t=22s
  Ep 029 | step 0150/467 | loss=0.9863 | diff=0.6479 | kd=0.3705 | recon=0.3013 | t=33s
  Ep 029 | step 0200/467 | loss=0.9665 | diff=0.6432 | kd=0.3290 | recon=0.2904 | t=44s
  Ep 029 | step 0250/467 | loss=0.9825 | diff=0.6456 | kd=0.3063 | recon=0.3063 | t=55s
  Ep 029 | step 0300/467 | loss=1.0318 | diff=0.6458 | kd=0.2723 | recon=0.3587 | t=65s
  Ep 029 | step 0350/467 | loss=0.9788 | diff=0.6463 | kd=0.1980 | recon=0.3127 | t=76s
  Ep 029 | step 0400/467 | loss=1.0212 | diff=0.6622 | kd=0.2909 | recon=0.3299 | t=87s
  Ep 029 | step 0450/467 | loss=1.0278 | diff=0.6535 | kd=0.2307 | recon=0.3512 | t=98s

  ── Epoch 029/200 (136s) ──────────────────────
  Train  loss=0.9973  diff=0.6479  kd=0.2784  recon=0.3216
  Val    loss=0.9940  RMSE=0.5920  MAE=0.4874  lr=9.50e-05
  [BEST] Checkpoint saved → checkpoints/best_model.pth

  Ep 030 | step 0000/467 | loss=0.9554 | diff=0.6430 | kd=0.2144 | recon=0.2910 | t=1s
  Ep 030 | step 0050/467 | loss=0.9764 | diff=0.6607 | kd=0.2638 | recon=0.2893 | t=12s
  Ep 030 | step 0100/467 | loss=0.9970 | diff=0.6422 | kd=0.3657 | recon=0.3182 | t=22s
  Ep 030 | step 0150/467 | loss=0.9870 | diff=0.6458 | kd=0.2784 | recon=0.3133 | t=33s
  Ep 030 | step 0200/467 | loss=1.0081 | diff=0.6487 | kd=0.2606 | recon=0.3334 | t=44s
  Ep 030 | step 0250/467 | loss=1.0091 | diff=0.6446 | kd=0.3376 | recon=0.3307 | t=55s
  Ep 030 | step 0300/467 | loss=1.0158 | diff=0.6446 | kd=0.2644 | recon=0.3448 | t=65s
  Ep 030 | step 0350/467 | loss=0.9970 | diff=0.6615 | kd=0.2300 | recon=0.3125 | t=76s
  Ep 030 | step 0400/467 | loss=0.9716 | diff=0.6457 | kd=0.3203 | recon=0.2939 | t=87s
  Ep 030 | step 0450/467 | loss=0.9786 | diff=0.6413 | kd=0.3133 | recon=0.3059 | t=98s

  ── Epoch 030/200 (136s) ──────────────────────
  Train  loss=0.9957  diff=0.6471  kd=0.2771  recon=0.3209
  Val    loss=0.9917  RMSE=0.6137  MAE=0.5082  lr=9.46e-05
  [BEST] Checkpoint saved → checkpoints/best_model.pth
  [EP30] Checkpoint saved → checkpoints/epoch_030.pth

  Ep 031 | step 0000/467 | loss=1.0294 | diff=0.6457 | kd=0.2449 | recon=0.3593 | t=1s
  Ep 031 | step 0050/467 | loss=1.0073 | diff=0.6422 | kd=0.3144 | recon=0.3337 | t=12s
  Ep 031 | step 0100/467 | loss=1.0460 | diff=0.6424 | kd=0.2559 | recon=0.3780 | t=23s
  Ep 031 | step 0150/467 | loss=0.9907 | diff=0.6401 | kd=0.3040 | recon=0.3202 | t=34s
  Ep 031 | step 0200/467 | loss=0.9776 | diff=0.6443 | kd=0.3425 | recon=0.2990 | t=44s
  Ep 031 | step 0250/467 | loss=0.9789 | diff=0.6426 | kd=0.2699 | recon=0.3093 | t=55s
  Ep 031 | step 0300/467 | loss=1.0372 | diff=0.6423 | kd=0.2401 | recon=0.3709 | t=66s
  Ep 031 | step 0350/467 | loss=0.9887 | diff=0.6443 | kd=0.2530 | recon=0.3191 | t=77s
  Ep 031 | step 0400/467 | loss=0.9930 | diff=0.6439 | kd=0.2979 | recon=0.3193 | t=88s
  Ep 031 | step 0450/467 | loss=1.0041 | diff=0.6411 | kd=0.2985 | recon=0.3332 | t=99s

  ── Epoch 031/200 (137s) ──────────────────────
  Train  loss=0.9949  diff=0.6472  kd=0.2749  recon=0.3202
  Val    loss=0.9921  RMSE=0.5418  MAE=0.4462  lr=9.42e-05

  Ep 032 | step 0000/467 | loss=0.9932 | diff=0.6492 | kd=0.2393 | recon=0.3201 | t=1s
  Ep 032 | step 0050/467 | loss=0.9807 | diff=0.6466 | kd=0.2478 | recon=0.3093 | t=11s
  Ep 032 | step 0100/467 | loss=0.9812 | diff=0.6447 | kd=0.3384 | recon=0.3028 | t=22s
  Ep 032 | step 0150/467 | loss=1.0286 | diff=0.6415 | kd=0.3673 | recon=0.3503 | t=33s
  Ep 032 | step 0200/467 | loss=0.9615 | diff=0.6548 | kd=0.2926 | recon=0.2774 | t=44s
  Ep 032 | step 0250/467 | loss=1.0505 | diff=0.6518 | kd=0.2693 | recon=0.3718 | t=54s
  Ep 032 | step 0300/467 | loss=0.9779 | diff=0.6553 | kd=0.2776 | recon=0.2948 | t=65s
  Ep 032 | step 0350/467 | loss=0.9749 | diff=0.6425 | kd=0.2884 | recon=0.3036 | t=76s
  Ep 032 | step 0400/467 | loss=1.0098 | diff=0.6429 | kd=0.2812 | recon=0.3387 | t=87s
  Ep 032 | step 0450/467 | loss=0.9797 | diff=0.6519 | kd=0.2074 | recon=0.3071 | t=98s

  ── Epoch 032/200 (136s) ──────────────────────
  Train  loss=0.9924  diff=0.6462  kd=0.2756  recon=0.3187
  Val    loss=0.9824  RMSE=0.5926  MAE=0.4895  lr=9.39e-05
  [BEST] Checkpoint saved → checkpoints/best_model.pth

  Ep 033 | step 0000/467 | loss=1.0129 | diff=0.6626 | kd=0.2334 | recon=0.3270 | t=1s
  Ep 033 | step 0050/467 | loss=0.9713 | diff=0.6416 | kd=0.3216 | recon=0.2975 | t=11s
  Ep 033 | step 0100/467 | loss=1.0280 | diff=0.6424 | kd=0.2407 | recon=0.3615 | t=22s
  Ep 033 | step 0150/467 | loss=0.9915 | diff=0.6410 | kd=0.2525 | recon=0.3253 | t=33s
  Ep 033 | step 0200/467 | loss=0.9808 | diff=0.6416 | kd=0.2632 | recon=0.3129 | t=44s
  Ep 033 | step 0250/467 | loss=0.9636 | diff=0.6517 | kd=0.2189 | recon=0.2900 | t=55s
  Ep 033 | step 0300/467 | loss=0.9722 | diff=0.6500 | kd=0.3129 | recon=0.2909 | t=65s
  Ep 033 | step 0350/467 | loss=0.9754 | diff=0.6409 | kd=0.3509 | recon=0.2994 | t=76s
  Ep 033 | step 0400/467 | loss=1.0246 | diff=0.6448 | kd=0.2168 | recon=0.3581 | t=87s
  Ep 033 | step 0450/467 | loss=1.0097 | diff=0.6437 | kd=0.3022 | recon=0.3358 | t=98s

  ── Epoch 033/200 (137s) ──────────────────────
  Train  loss=0.9878  diff=0.6449  kd=0.2751  recon=0.3154
  Val    loss=0.9798  RMSE=0.5666  MAE=0.4623  lr=9.35e-05
  [BEST] Checkpoint saved → checkpoints/best_model.pth

  Ep 034 | step 0000/467 | loss=0.9465 | diff=0.6413 | kd=0.3282 | recon=0.2724 | t=1s
  Ep 034 | step 0050/467 | loss=0.9732 | diff=0.6418 | kd=0.2341 | recon=0.3080 | t=11s
  Ep 034 | step 0100/467 | loss=0.9700 | diff=0.6445 | kd=0.2308 | recon=0.3024 | t=22s
  Ep 034 | step 0150/467 | loss=0.9797 | diff=0.6437 | kd=0.2770 | recon=0.3083 | t=33s
  Ep 034 | step 0200/467 | loss=1.0139 | diff=0.6602 | kd=0.2555 | recon=0.3282 | t=44s
  Ep 034 | step 0250/467 | loss=0.9684 | diff=0.6411 | kd=0.2648 | recon=0.3008 | t=55s
  Ep 034 | step 0300/467 | loss=0.9736 | diff=0.6430 | kd=0.2367 | recon=0.3069 | t=65s
  Ep 034 | step 0350/467 | loss=0.9766 | diff=0.6429 | kd=0.2872 | recon=0.3050 | t=76s
  Ep 034 | step 0400/467 | loss=0.9717 | diff=0.6438 | kd=0.2641 | recon=0.3015 | t=87s
  Ep 034 | step 0450/467 | loss=1.0067 | diff=0.6409 | kd=0.2540 | recon=0.3404 | t=98s

  ── Epoch 034/200 (136s) ──────────────────────
  Train  loss=0.9844  diff=0.6452  kd=0.2737  recon=0.3118
  Val    loss=0.9782  RMSE=0.6146  MAE=0.5009  lr=9.31e-05
  [BEST] Checkpoint saved → checkpoints/best_model.pth

  Ep 035 | step 0000/467 | loss=0.9760 | diff=0.6444 | kd=0.2835 | recon=0.3032 | t=1s
  Ep 035 | step 0050/467 | loss=0.9712 | diff=0.6493 | kd=0.2147 | recon=0.3004 | t=12s
  Ep 035 | step 0100/467 | loss=0.9784 | diff=0.6414 | kd=0.2763 | recon=0.3094 | t=23s
  Ep 035 | step 0150/467 | loss=0.9574 | diff=0.6442 | kd=0.2384 | recon=0.2894 | t=33s
  Ep 035 | step 0200/467 | loss=0.9834 | diff=0.6426 | kd=0.3412 | recon=0.3066 | t=44s
  Ep 035 | step 0250/467 | loss=0.9681 | diff=0.6618 | kd=0.2217 | recon=0.2841 | t=55s
  Ep 035 | step 0300/467 | loss=0.9937 | diff=0.6404 | kd=0.2221 | recon=0.3310 | t=65s
  Ep 035 | step 0350/467 | loss=0.9626 | diff=0.6399 | kd=0.2915 | recon=0.2936 | t=76s
  Ep 035 | step 0400/467 | loss=0.9798 | diff=0.6411 | kd=0.2627 | recon=0.3124 | t=87s
  Ep 035 | step 0450/467 | loss=0.9691 | diff=0.6492 | kd=0.2774 | recon=0.2922 | t=98s

  ── Epoch 035/200 (137s) ──────────────────────
  Train  loss=0.9815  diff=0.6442  kd=0.2726  recon=0.3101
  Val    loss=0.9741  RMSE=0.5795  MAE=0.4680  lr=9.27e-05
  [BEST] Checkpoint saved → checkpoints/best_model.pth

  Ep 036 | step 0000/467 | loss=0.9866 | diff=0.6400 | kd=0.2588 | recon=0.3207 | t=1s
  Ep 036 | step 0050/467 | loss=0.9896 | diff=0.6405 | kd=0.3631 | recon=0.3128 | t=12s
  Ep 036 | step 0100/467 | loss=1.0019 | diff=0.6435 | kd=0.3005 | recon=0.3283 | t=22s
  Ep 036 | step 0150/467 | loss=0.9677 | diff=0.6419 | kd=0.2372 | recon=0.3021 | t=33s
  Ep 036 | step 0200/467 | loss=0.9810 | diff=0.6455 | kd=0.2733 | recon=0.3081 | t=44s
  Ep 036 | step 0250/467 | loss=0.9801 | diff=0.6397 | kd=0.2816 | recon=0.3122 | t=55s
  Ep 036 | step 0300/467 | loss=0.9835 | diff=0.6376 | kd=0.1919 | recon=0.3267 | t=65s
  Ep 036 | step 0350/467 | loss=0.9696 | diff=0.6403 | kd=0.2532 | recon=0.3040 | t=76s
  Ep 036 | step 0400/467 | loss=0.9814 | diff=0.6425 | kd=0.2623 | recon=0.3126 | t=87s
  Ep 036 | step 0450/467 | loss=0.9864 | diff=0.6420 | kd=0.2207 | recon=0.3223 | t=98s

  ── Epoch 036/200 (137s) ──────────────────────
  Train  loss=0.9789  diff=0.6433  kd=0.2716  recon=0.3084
  Val    loss=0.9731  RMSE=0.5338  MAE=0.4220  lr=9.23e-05
  [BEST] Checkpoint saved → checkpoints/best_model.pth

  Ep 037 | step 0000/467 | loss=0.9502 | diff=0.6490 | kd=0.3825 | recon=0.2630 | t=1s
  Ep 037 | step 0050/467 | loss=1.0088 | diff=0.6439 | kd=0.3132 | recon=0.3336 | t=12s
  Ep 037 | step 0100/467 | loss=0.9644 | diff=0.6395 | kd=0.2716 | recon=0.2978 | t=22s
  Ep 037 | step 0150/467 | loss=0.9986 | diff=0.6381 | kd=0.2645 | recon=0.3340 | t=33s
  Ep 037 | step 0200/467 | loss=0.9621 | diff=0.6548 | kd=0.3018 | recon=0.2771 | t=44s
  Ep 037 | step 0250/467 | loss=0.9375 | diff=0.6385 | kd=0.2837 | recon=0.2706 | t=55s
  Ep 037 | step 0300/467 | loss=0.9770 | diff=0.6401 | kd=0.2800 | recon=0.3089 | t=66s
  Ep 037 | step 0350/467 | loss=0.9525 | diff=0.6428 | kd=0.3127 | recon=0.2784 | t=76s
  Ep 037 | step 0400/467 | loss=1.0084 | diff=0.6530 | kd=0.2177 | recon=0.3336 | t=87s
  Ep 037 | step 0450/467 | loss=0.9748 | diff=0.6391 | kd=0.2803 | recon=0.3076 | t=98s

  ── Epoch 037/200 (137s) ──────────────────────
  Train  loss=0.9773  diff=0.6433  kd=0.2703  recon=0.3070
  Val    loss=0.9740  RMSE=0.5118  MAE=0.4023  lr=9.19e-05

  Ep 038 | step 0000/467 | loss=0.9613 | diff=0.6417 | kd=0.3033 | recon=0.2893 | t=1s
  Ep 038 | step 0050/467 | loss=0.9679 | diff=0.6480 | kd=0.2591 | recon=0.2940 | t=12s
  Ep 038 | step 0100/467 | loss=0.9988 | diff=0.6370 | kd=0.2390 | recon=0.3379 | t=22s
  Ep 038 | step 0150/467 | loss=0.9641 | diff=0.6360 | kd=0.2775 | recon=0.3003 | t=33s
  Ep 038 | step 0200/467 | loss=0.9877 | diff=0.6399 | kd=0.2796 | recon=0.3198 | t=44s
  Ep 038 | step 0250/467 | loss=0.9893 | diff=0.6427 | kd=0.2347 | recon=0.3231 | t=55s
  Ep 038 | step 0300/467 | loss=0.9459 | diff=0.6398 | kd=0.2084 | recon=0.2853 | t=64s
  Ep 038 | step 0350/467 | loss=0.9657 | diff=0.6458 | kd=0.2695 | recon=0.2929 | t=75s
  Ep 038 | step 0400/467 | loss=0.9660 | diff=0.6361 | kd=0.2592 | recon=0.3040 | t=85s
  Ep 038 | step 0450/467 | loss=1.0057 | diff=0.6403 | kd=0.2562 | recon=0.3398 | t=95s

  ── Epoch 038/200 (132s) ──────────────────────
  Train  loss=0.9746  diff=0.6422  kd=0.2693  recon=0.3055
  Val    loss=0.9727  RMSE=0.5122  MAE=0.4000  lr=9.14e-05
  [BEST] Checkpoint saved → checkpoints/best_model.pth

  Ep 039 | step 0000/467 | loss=0.9793 | diff=0.6377 | kd=0.2548 | recon=0.3162 | t=1s
  Ep 039 | step 0050/467 | loss=1.0061 | diff=0.6458 | kd=0.2144 | recon=0.3389 | t=11s
  Ep 039 | step 0100/467 | loss=0.9818 | diff=0.6400 | kd=0.2253 | recon=0.3193 | t=21s
  Ep 039 | step 0150/467 | loss=0.9690 | diff=0.6484 | kd=0.2739 | recon=0.2932 | t=32s
  Ep 039 | step 0200/467 | loss=0.9660 | diff=0.6387 | kd=0.3108 | recon=0.2962 | t=40s
  Ep 039 | step 0250/467 | loss=0.9303 | diff=0.6389 | kd=0.2558 | recon=0.2658 | t=50s
  Ep 039 | step 0300/467 | loss=0.9879 | diff=0.6517 | kd=0.2920 | recon=0.3071 | t=61s
  Ep 039 | step 0350/467 | loss=0.9523 | diff=0.6376 | kd=0.2388 | recon=0.2909 | t=71s
  Ep 039 | step 0400/467 | loss=0.9958 | diff=0.6399 | kd=0.2649 | recon=0.3294 | t=82s
  Ep 039 | step 0450/467 | loss=1.0124 | diff=0.6397 | kd=0.3109 | recon=0.3416 | t=93s

  ── Epoch 039/200 (131s) ──────────────────────
  Train  loss=0.9742  diff=0.6420  kd=0.2674  recon=0.3054
  Val    loss=0.9720  RMSE=0.5664  MAE=0.4488  lr=9.10e-05
  [BEST] Checkpoint saved → checkpoints/best_model.pth

  Ep 040 | step 0000/467 | loss=0.9444 | diff=0.6365 | kd=0.2718 | recon=0.2807 | t=1s
  Ep 040 | step 0050/467 | loss=0.9432 | diff=0.6594 | kd=0.2859 | recon=0.2552 | t=12s
  Ep 040 | step 0100/467 | loss=0.9771 | diff=0.6522 | kd=0.2412 | recon=0.3008 | t=22s
  Ep 040 | step 0150/467 | loss=0.9648 | diff=0.6409 | kd=0.3040 | recon=0.2934 | t=33s
  Ep 040 | step 0200/467 | loss=0.9502 | diff=0.6389 | kd=0.3206 | recon=0.2792 | t=44s
  Ep 040 | step 0250/467 | loss=0.9838 | diff=0.6385 | kd=0.2008 | recon=0.3252 | t=54s
  Ep 040 | step 0300/467 | loss=0.9691 | diff=0.6403 | kd=0.3333 | recon=0.2955 | t=65s
  Ep 040 | step 0350/467 | loss=0.9940 | diff=0.6385 | kd=0.2520 | recon=0.3302 | t=76s
  Ep 040 | step 0400/467 | loss=0.9511 | diff=0.6390 | kd=0.3291 | recon=0.2792 | t=87s
  Ep 040 | step 0450/467 | loss=0.9635 | diff=0.6358 | kd=0.2647 | recon=0.3012 | t=97s

  ── Epoch 040/200 (136s) ──────────────────────
  Train  loss=0.9733  diff=0.6414  kd=0.2663  recon=0.3053
  Val    loss=0.9698  RMSE=0.5334  MAE=0.4180  lr=9.05e-05
  [BEST] Checkpoint saved → checkpoints/best_model.pth
  [EP40] Checkpoint saved → checkpoints/epoch_040.pth

  Ep 041 | step 0000/467 | loss=0.9997 | diff=0.6432 | kd=0.2366 | recon=0.3329 | t=1s
  Ep 041 | step 0050/467 | loss=0.9715 | diff=0.6542 | kd=0.2760 | recon=0.2896 | t=11s
  Ep 041 | step 0100/467 | loss=0.9747 | diff=0.6392 | kd=0.2861 | recon=0.3068 | t=22s
  Ep 041 | step 0150/467 | loss=0.9451 | diff=0.6353 | kd=0.2211 | recon=0.2876 | t=33s
  Ep 041 | step 0200/467 | loss=0.9436 | diff=0.6407 | kd=0.2897 | recon=0.2739 | t=44s
  Ep 041 | step 0250/467 | loss=0.9852 | diff=0.6525 | kd=0.2209 | recon=0.3106 | t=55s
  Ep 041 | step 0300/467 | loss=0.9892 | diff=0.6401 | kd=0.2561 | recon=0.3235 | t=66s
  Ep 041 | step 0350/467 | loss=0.9484 | diff=0.6411 | kd=0.2656 | recon=0.2807 | t=77s
  Ep 041 | step 0400/467 | loss=1.0177 | diff=0.6448 | kd=0.2145 | recon=0.3515 | t=88s
  Ep 041 | step 0450/467 | loss=0.9444 | diff=0.6364 | kd=0.2364 | recon=0.2843 | t=99s

  ── Epoch 041/200 (138s) ──────────────────────
  Train  loss=0.9714  diff=0.6406  kd=0.2657  recon=0.3042
  Val    loss=0.9748  RMSE=0.5410  MAE=0.4206  lr=9.01e-05

  Ep 042 | step 0000/467 | loss=0.9830 | diff=0.6377 | kd=0.2810 | recon=0.3172 | t=1s
  Ep 042 | step 0050/467 | loss=1.0136 | diff=0.6519 | kd=0.2593 | recon=0.3358 | t=12s
  Ep 042 | step 0100/467 | loss=0.9956 | diff=0.6378 | kd=0.2502 | recon=0.3328 | t=23s
  Ep 042 | step 0150/467 | loss=0.9901 | diff=0.6403 | kd=0.2619 | recon=0.3236 | t=33s
  Ep 042 | step 0200/467 | loss=0.9589 | diff=0.6402 | kd=0.2396 | recon=0.2947 | t=44s
  Ep 042 | step 0250/467 | loss=0.9552 | diff=0.6399 | kd=0.2008 | recon=0.2952 | t=55s
  Ep 042 | step 0300/467 | loss=0.9693 | diff=0.6394 | kd=0.2390 | recon=0.3059 | t=66s
  Ep 042 | step 0350/467 | loss=0.9378 | diff=0.6441 | kd=0.2416 | recon=0.2696 | t=76s
  Ep 042 | step 0400/467 | loss=0.9661 | diff=0.6376 | kd=0.1998 | recon=0.3085 | t=87s
  Ep 042 | step 0450/467 | loss=0.9784 | diff=0.6379 | kd=0.2304 | recon=0.3174 | t=98s

  ── Epoch 042/200 (137s) ──────────────────────
  Train  loss=0.9716  diff=0.6411  kd=0.2646  recon=0.3041
  Val    loss=0.9693  RMSE=0.5611  MAE=0.4406  lr=8.96e-05
  [BEST] Checkpoint saved → checkpoints/best_model.pth

  Ep 043 | step 0000/467 | loss=0.9873 | diff=0.6368 | kd=0.2897 | recon=0.3216 | t=1s
  Ep 043 | step 0050/467 | loss=0.9831 | diff=0.6517 | kd=0.2253 | recon=0.3089 | t=12s
  Ep 043 | step 0100/467 | loss=0.9604 | diff=0.6377 | kd=0.3156 | recon=0.2911 | t=22s
  Ep 043 | step 0150/467 | loss=0.9544 | diff=0.6563 | kd=0.2302 | recon=0.2751 | t=33s
  Ep 043 | step 0200/467 | loss=0.9821 | diff=0.6344 | kd=0.2255 | recon=0.3252 | t=44s
  Ep 043 | step 0250/467 | loss=0.9627 | diff=0.6397 | kd=0.2829 | recon=0.2948 | t=55s
  Ep 043 | step 0300/467 | loss=0.9772 | diff=0.6383 | kd=0.2361 | recon=0.3153 | t=66s
  Ep 043 | step 0350/467 | loss=0.9503 | diff=0.6354 | kd=0.2561 | recon=0.2893 | t=76s
  Ep 043 | step 0400/467 | loss=0.9805 | diff=0.6459 | kd=0.2388 | recon=0.3108 | t=87s
  Ep 043 | step 0450/467 | loss=0.9829 | diff=0.6355 | kd=0.3347 | recon=0.3140 | t=98s

  ── Epoch 043/200 (136s) ──────────────────────
  Train  loss=0.9703  diff=0.6403  kd=0.2637  recon=0.3037
  Val    loss=0.9655  RMSE=0.5802  MAE=0.4587  lr=8.91e-05
  [BEST] Checkpoint saved → checkpoints/best_model.pth

  Ep 044 | step 0000/467 | loss=0.9648 | diff=0.6372 | kd=0.2817 | recon=0.2994 | t=1s
  Ep 044 | step 0050/467 | loss=0.9660 | diff=0.6500 | kd=0.2615 | recon=0.2898 | t=11s
  Ep 044 | step 0100/467 | loss=0.9151 | diff=0.6383 | kd=0.3571 | recon=0.2410 | t=22s
  Ep 044 | step 0150/467 | loss=0.9891 | diff=0.6386 | kd=0.2957 | recon=0.3209 | t=33s
  Ep 044 | step 0200/467 | loss=0.9912 | diff=0.6593 | kd=0.3141 | recon=0.3005 | t=44s
  Ep 044 | step 0250/467 | loss=0.9609 | diff=0.6350 | kd=0.3521 | recon=0.2907 | t=55s
  Ep 044 | step 0300/467 | loss=0.9916 | diff=0.6408 | kd=0.2567 | recon=0.3252 | t=66s
  Ep 044 | step 0350/467 | loss=0.9658 | diff=0.6409 | kd=0.2166 | recon=0.3033 | t=76s
  Ep 044 | step 0400/467 | loss=0.9479 | diff=0.6341 | kd=0.3150 | recon=0.2823 | t=87s
  Ep 044 | step 0450/467 | loss=0.9852 | diff=0.6497 | kd=0.2107 | recon=0.3144 | t=98s

  ── Epoch 044/200 (137s) ──────────────────────
  Train  loss=0.9683  diff=0.6394  kd=0.2631  recon=0.3026
  Val    loss=0.9675  RMSE=0.6319  MAE=0.5063  lr=8.86e-05

  Ep 045 | step 0000/467 | loss=1.0185 | diff=0.6359 | kd=0.2073 | recon=0.3618 | t=1s
  Ep 045 | step 0050/467 | loss=0.9912 | diff=0.6344 | kd=0.2351 | recon=0.3333 | t=11s
  Ep 045 | step 0100/467 | loss=1.0187 | diff=0.6355 | kd=0.3496 | recon=0.3483 | t=22s
  Ep 045 | step 0150/467 | loss=0.9735 | diff=0.6474 | kd=0.3096 | recon=0.2951 | t=33s
  Ep 045 | step 0200/467 | loss=0.9512 | diff=0.6390 | kd=0.2372 | recon=0.2885 | t=44s
  Ep 045 | step 0250/467 | loss=0.9524 | diff=0.6379 | kd=0.3864 | recon=0.2759 | t=54s
  Ep 045 | step 0300/467 | loss=0.9818 | diff=0.6341 | kd=0.2112 | recon=0.3266 | t=65s
  Ep 045 | step 0350/467 | loss=0.9329 | diff=0.6461 | kd=0.2450 | recon=0.2623 | t=76s
  Ep 045 | step 0400/467 | loss=0.9550 | diff=0.6368 | kd=0.2536 | recon=0.2929 | t=87s
  Ep 045 | step 0450/467 | loss=0.9899 | diff=0.6342 | kd=0.2146 | recon=0.3342 | t=98s

  ── Epoch 045/200 (136s) ──────────────────────
  Train  loss=0.9683  diff=0.6395  kd=0.2628  recon=0.3025
  Val    loss=0.9655  RMSE=0.6490  MAE=0.5229  lr=8.81e-05

  Ep 046 | step 0000/467 | loss=0.9870 | diff=0.6394 | kd=0.2437 | recon=0.3232 | t=1s
  Ep 046 | step 0050/467 | loss=0.9612 | diff=0.6462 | kd=0.2660 | recon=0.2884 | t=12s
  Ep 046 | step 0100/467 | loss=0.9677 | diff=0.6353 | kd=0.3203 | recon=0.3004 | t=22s
  Ep 046 | step 0150/467 | loss=0.9598 | diff=0.6386 | kd=0.2773 | recon=0.2935 | t=33s
  Ep 046 | step 0200/467 | loss=0.9644 | diff=0.6367 | kd=0.2495 | recon=0.3028 | t=44s
  Ep 046 | step 0250/467 | loss=0.9494 | diff=0.6373 | kd=0.3561 | recon=0.2765 | t=55s
  Ep 046 | step 0300/467 | loss=0.9437 | diff=0.6357 | kd=0.2775 | recon=0.2803 | t=65s
  Ep 046 | step 0350/467 | loss=0.9588 | diff=0.6380 | kd=0.3066 | recon=0.2901 | t=76s
  Ep 046 | step 0400/467 | loss=0.9991 | diff=0.6413 | kd=0.2106 | recon=0.3367 | t=87s
  Ep 046 | step 0450/467 | loss=0.9395 | diff=0.6360 | kd=0.2279 | recon=0.2807 | t=98s

  ── Epoch 046/200 (136s) ──────────────────────
  Train  loss=0.9669  diff=0.6391  kd=0.2617  recon=0.3016
  Val    loss=0.9628  RMSE=0.5932  MAE=0.4769  lr=8.76e-05
  [BEST] Checkpoint saved → checkpoints/best_model.pth

  Ep 047 | step 0000/467 | loss=0.9892 | diff=0.6409 | kd=0.2690 | recon=0.3214 | t=1s
  Ep 047 | step 0050/467 | loss=0.9694 | diff=0.6369 | kd=0.2126 | recon=0.3113 | t=11s
  Ep 047 | step 0100/467 | loss=0.9658 | diff=0.6376 | kd=0.2814 | recon=0.3001 | t=22s
  Ep 047 | step 0150/467 | loss=0.9603 | diff=0.6351 | kd=0.3100 | recon=0.2942 | t=33s
  Ep 047 | step 0200/467 | loss=0.9722 | diff=0.6399 | kd=0.2686 | recon=0.3054 | t=44s
  Ep 047 | step 0250/467 | loss=0.9781 | diff=0.6362 | kd=0.2522 | recon=0.3168 | t=55s
  Ep 047 | step 0300/467 | loss=0.9824 | diff=0.6485 | kd=0.2465 | recon=0.3092 | t=66s
  Ep 047 | step 0350/467 | loss=0.9971 | diff=0.6350 | kd=0.2851 | recon=0.3335 | t=76s
  Ep 047 | step 0400/467 | loss=0.9815 | diff=0.6342 | kd=0.2310 | recon=0.3243 | t=87s
  Ep 047 | step 0450/467 | loss=0.9734 | diff=0.6546 | kd=0.2048 | recon=0.2984 | t=98s

  ── Epoch 047/200 (137s) ──────────────────────
  Train  loss=0.9666  diff=0.6394  kd=0.2618  recon=0.3010
  Val    loss=0.9650  RMSE=0.6057  MAE=0.4894  lr=8.71e-05

  Ep 048 | step 0000/467 | loss=1.0176 | diff=0.6781 | kd=0.2151 | recon=0.3180 | t=1s
  Ep 048 | step 0050/467 | loss=0.9572 | diff=0.6376 | kd=0.2297 | recon=0.2966 | t=12s
  Ep 048 | step 0100/467 | loss=1.0031 | diff=0.6358 | kd=0.2452 | recon=0.3427 | t=22s
  Ep 048 | step 0150/467 | loss=0.9361 | diff=0.6329 | kd=0.2423 | recon=0.2789 | t=33s
  Ep 048 | step 0200/467 | loss=0.9871 | diff=0.6352 | kd=0.2565 | recon=0.3263 | t=44s
  Ep 048 | step 0250/467 | loss=0.9899 | diff=0.6371 | kd=0.2969 | recon=0.3231 | t=55s
  Ep 048 | step 0300/467 | loss=0.9512 | diff=0.6346 | kd=0.3408 | recon=0.2825 | t=66s
  Ep 048 | step 0350/467 | loss=0.9502 | diff=0.6353 | kd=0.2829 | recon=0.2866 | t=77s
  Ep 048 | step 0400/467 | loss=0.9684 | diff=0.6360 | kd=0.2833 | recon=0.3040 | t=87s
  Ep 048 | step 0450/467 | loss=0.9551 | diff=0.6332 | kd=0.3651 | recon=0.2854 | t=98s

  ── Epoch 048/200 (137s) ──────────────────────
  Train  loss=0.9639  diff=0.6379  kd=0.2606  recon=0.3000
  Val    loss=0.9591  RMSE=0.6328  MAE=0.5058  lr=8.66e-05
  [BEST] Checkpoint saved → checkpoints/best_model.pth

  Ep 049 | step 0000/467 | loss=0.9637 | diff=0.6345 | kd=0.3074 | recon=0.2984 | t=1s
  Ep 049 | step 0050/467 | loss=0.9888 | diff=0.6345 | kd=0.2469 | recon=0.3296 | t=12s
  Ep 049 | step 0100/467 | loss=0.9590 | diff=0.6339 | kd=0.3142 | recon=0.2938 | t=23s
  Ep 049 | step 0150/467 | loss=0.9320 | diff=0.6324 | kd=0.1949 | recon=0.2801 | t=33s
  Ep 049 | step 0200/467 | loss=0.9955 | diff=0.6362 | kd=0.2729 | recon=0.3320 | t=44s
  Ep 049 | step 0250/467 | loss=1.0193 | diff=0.6384 | kd=0.2860 | recon=0.3523 | t=55s
  Ep 049 | step 0300/467 | loss=0.9754 | diff=0.6352 | kd=0.2287 | recon=0.3173 | t=66s
  Ep 049 | step 0350/467 | loss=0.9588 | diff=0.6393 | kd=0.2562 | recon=0.2939 | t=76s
  Ep 049 | step 0400/467 | loss=0.9870 | diff=0.6336 | kd=0.2464 | recon=0.3288 | t=87s
  Ep 049 | step 0450/467 | loss=0.9830 | diff=0.6354 | kd=0.2989 | recon=0.3177 | t=98s

  ── Epoch 049/200 (137s) ──────────────────────
  Train  loss=0.9629  diff=0.6380  kd=0.2596  recon=0.2989
  Val    loss=0.9569  RMSE=0.6138  MAE=0.4973  lr=8.60e-05
  [BEST] Checkpoint saved → checkpoints/best_model.pth

  Ep 050 | step 0000/467 | loss=0.9898 | diff=0.6347 | kd=0.2363 | recon=0.3315 | t=1s
  Ep 050 | step 0050/467 | loss=0.9913 | diff=0.6361 | kd=0.2664 | recon=0.3286 | t=11s
  Ep 050 | step 0100/467 | loss=0.9695 | diff=0.6322 | kd=0.3097 | recon=0.3063 | t=22s
  Ep 050 | step 0150/467 | loss=0.9555 | diff=0.6321 | kd=0.2650 | recon=0.2969 | t=33s
  Ep 050 | step 0200/467 | loss=0.9391 | diff=0.6346 | kd=0.3604 | recon=0.2685 | t=44s
  Ep 050 | step 0250/467 | loss=0.9426 | diff=0.6351 | kd=0.2238 | recon=0.2852 | t=55s
  Ep 050 | step 0300/467 | loss=0.9767 | diff=0.6353 | kd=0.2430 | recon=0.3172 | t=65s
  Ep 050 | step 0350/467 | loss=0.9672 | diff=0.6354 | kd=0.2229 | recon=0.3095 | t=76s
  Ep 050 | step 0400/467 | loss=0.9551 | diff=0.6326 | kd=0.2623 | recon=0.2963 | t=87s
  Ep 050 | step 0450/467 | loss=0.9438 | diff=0.6356 | kd=0.2170 | recon=0.2865 | t=98s

  ── Epoch 050/200 (134s) ──────────────────────
  Train  loss=0.9624  diff=0.6376  kd=0.2587  recon=0.2990
  Val    loss=0.9591  RMSE=0.5875  MAE=0.4735  lr=8.55e-05
  [EP50] Checkpoint saved → checkpoints/epoch_050.pth

  Ep 051 | step 0000/467 | loss=1.0137 | diff=0.6342 | kd=0.2850 | recon=0.3510 | t=1s
  Ep 051 | step 0050/467 | loss=1.0017 | diff=0.6352 | kd=0.2421 | recon=0.3423 | t=11s
  Ep 051 | step 0100/467 | loss=0.9508 | diff=0.6327 | kd=0.1982 | recon=0.2983 | t=21s
  Ep 051 | step 0150/467 | loss=0.9496 | diff=0.6366 | kd=0.2374 | recon=0.2893 | t=32s
  Ep 051 | step 0200/467 | loss=0.9451 | diff=0.6330 | kd=0.2856 | recon=0.2835 | t=42s
  Ep 051 | step 0250/467 | loss=0.9305 | diff=0.6353 | kd=0.2795 | recon=0.2673 | t=52s
  Ep 051 | step 0300/467 | loss=0.9591 | diff=0.6403 | kd=0.3278 | recon=0.2861 | t=63s
  Ep 051 | step 0350/467 | loss=0.9813 | diff=0.6340 | kd=0.2548 | recon=0.3218 | t=73s
  Ep 051 | step 0400/467 | loss=0.9415 | diff=0.6371 | kd=0.3790 | recon=0.2665 | t=83s
  Ep 051 | step 0450/467 | loss=0.9655 | diff=0.6353 | kd=0.2356 | recon=0.3066 | t=93s

  ── Epoch 051/200 (132s) ──────────────────────
  Train  loss=0.9619  diff=0.6371  kd=0.2584  recon=0.2990
  Val    loss=0.9590  RMSE=0.5825  MAE=0.4678  lr=8.49e-05

  Ep 052 | step 0000/467 | loss=0.9613 | diff=0.6347 | kd=0.2928 | recon=0.2973 | t=1s
  Ep 052 | step 0050/467 | loss=0.9926 | diff=0.6349 | kd=0.2540 | recon=0.3323 | t=12s
  Ep 052 | step 0100/467 | loss=0.9416 | diff=0.6350 | kd=0.2821 | recon=0.2784 | t=22s
  Ep 052 | step 0150/467 | loss=0.9691 | diff=0.6344 | kd=0.2348 | recon=0.3112 | t=33s
  Ep 052 | step 0200/467 | loss=0.9750 | diff=0.6360 | kd=0.2199 | recon=0.3171 | t=44s
  Ep 052 | step 0250/467 | loss=0.9647 | diff=0.6341 | kd=0.2812 | recon=0.3025 | t=55s
  Ep 052 | step 0300/467 | loss=0.9916 | diff=0.6521 | kd=0.2139 | recon=0.3181 | t=66s
  Ep 052 | step 0350/467 | loss=0.9419 | diff=0.6327 | kd=0.2688 | recon=0.2823 | t=76s
  Ep 052 | step 0400/467 | loss=0.9678 | diff=0.6346 | kd=0.2150 | recon=0.3117 | t=87s
  Ep 052 | step 0450/467 | loss=0.9449 | diff=0.6328 | kd=0.3266 | recon=0.2794 | t=98s

  ── Epoch 052/200 (137s) ──────────────────────
  Train  loss=0.9605  diff=0.6369  kd=0.2573  recon=0.2979
  Val    loss=0.9627  RMSE=0.5552  MAE=0.4411  lr=8.44e-05

  Ep 053 | step 0000/467 | loss=0.9371 | diff=0.6344 | kd=0.2520 | recon=0.2774 | t=1s
  Ep 053 | step 0050/467 | loss=0.9606 | diff=0.6356 | kd=0.2799 | recon=0.2970 | t=12s
  Ep 053 | step 0100/467 | loss=0.9583 | diff=0.6638 | kd=0.2378 | recon=0.2707 | t=22s
  Ep 053 | step 0150/467 | loss=0.9628 | diff=0.6330 | kd=0.2458 | recon=0.3053 | t=33s
  Ep 053 | step 0200/467 | loss=0.9429 | diff=0.6322 | kd=0.2258 | recon=0.2881 | t=44s
  Ep 053 | step 0250/467 | loss=0.9410 | diff=0.6336 | kd=0.2331 | recon=0.2842 | t=55s
  Ep 053 | step 0300/467 | loss=0.9375 | diff=0.6323 | kd=0.2331 | recon=0.2819 | t=66s
  Ep 053 | step 0350/467 | loss=0.9429 | diff=0.6346 | kd=0.2415 | recon=0.2841 | t=76s
  Ep 053 | step 0400/467 | loss=0.9717 | diff=0.6337 | kd=0.2211 | recon=0.3159 | t=87s
  Ep 053 | step 0450/467 | loss=0.9604 | diff=0.6337 | kd=0.2726 | recon=0.2995 | t=98s

  ── Epoch 053/200 (136s) ──────────────────────
  Train  loss=0.9603  diff=0.6366  kd=0.2568  recon=0.2980
  Val    loss=0.9591  RMSE=0.6091  MAE=0.4882  lr=8.38e-05

  Ep 054 | step 0000/467 | loss=0.9966 | diff=0.6334 | kd=0.2376 | recon=0.3394 | t=1s
  Ep 054 | step 0050/467 | loss=0.9193 | diff=0.6372 | kd=0.2492 | recon=0.2572 | t=11s
  Ep 054 | step 0100/467 | loss=0.9666 | diff=0.6324 | kd=0.2731 | recon=0.3069 | t=22s
  Ep 054 | step 0150/467 | loss=0.9592 | diff=0.6353 | kd=0.2444 | recon=0.2994 | t=33s
  Ep 054 | step 0200/467 | loss=0.9664 | diff=0.6346 | kd=0.2811 | recon=0.3036 | t=44s
  Ep 054 | step 0250/467 | loss=0.9567 | diff=0.6327 | kd=0.2571 | recon=0.2983 | t=54s
  Ep 054 | step 0300/467 | loss=0.9990 | diff=0.6435 | kd=0.2417 | recon=0.3313 | t=65s
  Ep 054 | step 0350/467 | loss=0.9447 | diff=0.6328 | kd=0.2727 | recon=0.2847 | t=76s
  Ep 054 | step 0400/467 | loss=0.9405 | diff=0.6329 | kd=0.3301 | recon=0.2745 | t=87s
  Ep 054 | step 0450/467 | loss=0.9316 | diff=0.6359 | kd=0.2281 | recon=0.2729 | t=98s

  ── Epoch 054/200 (136s) ──────────────────────
  Train  loss=0.9601  diff=0.6372  kd=0.2561  recon=0.2973
  Val    loss=0.9567  RMSE=0.6104  MAE=0.4940  lr=8.32e-05
  [BEST] Checkpoint saved → checkpoints/best_model.pth

  Ep 055 | step 0000/467 | loss=0.9650 | diff=0.6349 | kd=0.3147 | recon=0.2986 | t=1s
  Ep 055 | step 0050/467 | loss=0.9687 | diff=0.6521 | kd=0.2789 | recon=0.2886 | t=11s
  Ep 055 | step 0100/467 | loss=0.9978 | diff=0.6341 | kd=0.2817 | recon=0.3355 | t=22s
  Ep 055 | step 0150/467 | loss=0.9222 | diff=0.6367 | kd=0.2973 | recon=0.2558 | t=33s
  Ep 055 | step 0200/467 | loss=0.9351 | diff=0.6325 | kd=0.2220 | recon=0.2804 | t=44s
  Ep 055 | step 0250/467 | loss=0.9644 | diff=0.6323 | kd=0.3460 | recon=0.2974 | t=55s
  Ep 055 | step 0300/467 | loss=0.9567 | diff=0.6336 | kd=0.2706 | recon=0.2960 | t=65s
  Ep 055 | step 0350/467 | loss=0.9964 | diff=0.6324 | kd=0.2502 | recon=0.3389 | t=76s
  Ep 055 | step 0400/467 | loss=0.9685 | diff=0.6379 | kd=0.2327 | recon=0.3073 | t=87s
  Ep 055 | step 0450/467 | loss=0.9778 | diff=0.6491 | kd=0.2257 | recon=0.3061 | t=98s

  ── Epoch 055/200 (137s) ──────────────────────
  Train  loss=0.9591  diff=0.6360  kd=0.2556  recon=0.2976
  Val    loss=0.9553  RMSE=0.5460  MAE=0.4383  lr=8.26e-05
  [BEST] Checkpoint saved → checkpoints/best_model.pth

  Ep 056 | step 0000/467 | loss=0.9580 | diff=0.6339 | kd=0.2881 | recon=0.2952 | t=1s
  Ep 056 | step 0050/467 | loss=0.9825 | diff=0.6369 | kd=0.2923 | recon=0.3164 | t=12s
  Ep 056 | step 0100/467 | loss=0.9535 | diff=0.6322 | kd=0.2247 | recon=0.2988 | t=22s
  Ep 056 | step 0150/467 | loss=0.9668 | diff=0.6369 | kd=0.2233 | recon=0.3076 | t=33s
  Ep 056 | step 0200/467 | loss=0.9404 | diff=0.6358 | kd=0.2437 | recon=0.2802 | t=44s
  Ep 056 | step 0250/467 | loss=0.9618 | diff=0.6333 | kd=0.2870 | recon=0.2998 | t=55s
  Ep 056 | step 0300/467 | loss=0.9615 | diff=0.6332 | kd=0.2365 | recon=0.3047 | t=65s
  Ep 056 | step 0350/467 | loss=0.9087 | diff=0.6387 | kd=0.3877 | recon=0.2312 | t=76s
  Ep 056 | step 0400/467 | loss=0.9875 | diff=0.6347 | kd=0.2793 | recon=0.3249 | t=87s
  Ep 056 | step 0450/467 | loss=0.9676 | diff=0.6356 | kd=0.2533 | recon=0.3066 | t=98s

  ── Epoch 056/200 (136s) ──────────────────────
  Train  loss=0.9590  diff=0.6362  kd=0.2546  recon=0.2974
  Val    loss=0.9538  RMSE=0.6058  MAE=0.4872  lr=8.21e-05
  [BEST] Checkpoint saved → checkpoints/best_model.pth

  Ep 057 | step 0000/467 | loss=0.9069 | diff=0.6327 | kd=0.2388 | recon=0.2503 | t=1s
  Ep 057 | step 0050/467 | loss=0.9561 | diff=0.6336 | kd=0.2681 | recon=0.2957 | t=11s
  Ep 057 | step 0100/467 | loss=0.9348 | diff=0.6466 | kd=0.2121 | recon=0.2670 | t=22s
  Ep 057 | step 0150/467 | loss=0.9619 | diff=0.6317 | kd=0.3152 | recon=0.2987 | t=33s
  Ep 057 | step 0200/467 | loss=0.9545 | diff=0.6518 | kd=0.2370 | recon=0.2789 | t=44s
  Ep 057 | step 0250/467 | loss=0.9636 | diff=0.6498 | kd=0.2632 | recon=0.2875 | t=54s
  Ep 057 | step 0300/467 | loss=0.9636 | diff=0.6369 | kd=0.2249 | recon=0.3042 | t=65s
  Ep 057 | step 0350/467 | loss=0.9227 | diff=0.6342 | kd=0.2178 | recon=0.2668 | t=76s
  Ep 057 | step 0400/467 | loss=0.9365 | diff=0.6369 | kd=0.2793 | recon=0.2717 | t=86s
  Ep 057 | step 0450/467 | loss=0.9611 | diff=0.6324 | kd=0.2350 | recon=0.3051 | t=97s

  ── Epoch 057/200 (136s) ──────────────────────
  Train  loss=0.9572  diff=0.6351  kd=0.2538  recon=0.2968
  Val    loss=0.9551  RMSE=0.6358  MAE=0.5177  lr=8.14e-05

  Ep 058 | step 0000/467 | loss=0.9411 | diff=0.6317 | kd=0.3246 | recon=0.2770 | t=1s
  Ep 058 | step 0050/467 | loss=0.9785 | diff=0.6320 | kd=0.2493 | recon=0.3216 | t=11s
  Ep 058 | step 0100/467 | loss=0.9949 | diff=0.6681 | kd=0.2535 | recon=0.3014 | t=22s
  Ep 058 | step 0150/467 | loss=0.9561 | diff=0.6321 | kd=0.2803 | recon=0.2959 | t=33s
  Ep 058 | step 0200/467 | loss=0.9599 | diff=0.6322 | kd=0.2775 | recon=0.2999 | t=44s
  Ep 058 | step 0250/467 | loss=0.9469 | diff=0.6380 | kd=0.2879 | recon=0.2801 | t=55s
  Ep 058 | step 0300/467 | loss=0.9189 | diff=0.6308 | kd=0.2445 | recon=0.2636 | t=66s
  Ep 058 | step 0350/467 | loss=0.9369 | diff=0.6444 | kd=0.2079 | recon=0.2718 | t=77s
  Ep 058 | step 0400/467 | loss=0.9516 | diff=0.6399 | kd=0.2457 | recon=0.2871 | t=87s
  Ep 058 | step 0450/467 | loss=0.9359 | diff=0.6333 | kd=0.2197 | recon=0.2806 | t=98s

  ── Epoch 058/200 (137s) ──────────────────────
  Train  loss=0.9569  diff=0.6350  kd=0.2531  recon=0.2966
  Val    loss=0.9529  RMSE=0.6024  MAE=0.4825  lr=8.08e-05
  [BEST] Checkpoint saved → checkpoints/best_model.pth

  Ep 059 | step 0000/467 | loss=0.9253 | diff=0.6286 | kd=0.2477 | recon=0.2719 | t=1s
  Ep 059 | step 0050/467 | loss=0.9577 | diff=0.6354 | kd=0.2425 | recon=0.2981 | t=11s
  Ep 059 | step 0100/467 | loss=0.9621 | diff=0.6553 | kd=0.2247 | recon=0.2843 | t=22s
  Ep 059 | step 0150/467 | loss=0.9473 | diff=0.6322 | kd=0.2273 | recon=0.2923 | t=33s
  Ep 059 | step 0200/467 | loss=0.9782 | diff=0.6338 | kd=0.2114 | recon=0.3233 | t=44s
  Ep 059 | step 0250/467 | loss=0.9954 | diff=0.6345 | kd=0.2234 | recon=0.3386 | t=55s
  Ep 059 | step 0300/467 | loss=0.9393 | diff=0.6339 | kd=0.2180 | recon=0.2836 | t=65s
  Ep 059 | step 0350/467 | loss=0.9742 | diff=0.6400 | kd=0.3068 | recon=0.3036 | t=76s
  Ep 059 | step 0400/467 | loss=0.9615 | diff=0.6347 | kd=0.2235 | recon=0.3044 | t=87s
  Ep 059 | step 0450/467 | loss=0.9623 | diff=0.6370 | kd=0.2724 | recon=0.2981 | t=98s

  ── Epoch 059/200 (136s) ──────────────────────
  Train  loss=0.9562  diff=0.6345  kd=0.2523  recon=0.2965
  Val    loss=0.9524  RMSE=0.6445  MAE=0.5228  lr=8.02e-05
  [BEST] Checkpoint saved → checkpoints/best_model.pth

  Ep 060 | step 0000/467 | loss=0.9583 | diff=0.6322 | kd=0.2658 | recon=0.2996 | t=1s
  Ep 060 | step 0050/467 | loss=0.9548 | diff=0.6290 | kd=0.2536 | recon=0.3004 | t=11s
  Ep 060 | step 0100/467 | loss=0.9352 | diff=0.6325 | kd=0.2261 | recon=0.2801 | t=22s
  Ep 060 | step 0150/467 | loss=0.9642 | diff=0.6317 | kd=0.2743 | recon=0.3051 | t=33s
  Ep 060 | step 0200/467 | loss=0.9707 | diff=0.6386 | kd=0.2263 | recon=0.3094 | t=44s
  Ep 060 | step 0250/467 | loss=0.9324 | diff=0.6348 | kd=0.2276 | recon=0.2749 | t=55s
  Ep 060 | step 0300/467 | loss=0.9577 | diff=0.6386 | kd=0.1855 | recon=0.3005 | t=65s
  Ep 060 | step 0350/467 | loss=0.9628 | diff=0.6330 | kd=0.2842 | recon=0.3014 | t=76s
  Ep 060 | step 0400/467 | loss=0.9376 | diff=0.6299 | kd=0.2288 | recon=0.2848 | t=87s
  Ep 060 | step 0450/467 | loss=0.9626 | diff=0.6330 | kd=0.3408 | recon=0.2956 | t=98s

  ── Epoch 060/200 (136s) ──────────────────────
  Train  loss=0.9563  diff=0.6348  kd=0.2516  recon=0.2963
  Val    loss=0.9607  RMSE=0.6233  MAE=0.4991  lr=7.96e-05
  [EP60] Checkpoint saved → checkpoints/epoch_060.pth

  Ep 061 | step 0000/467 | loss=0.9391 | diff=0.6309 | kd=0.2555 | recon=0.2827 | t=1s
  Ep 061 | step 0050/467 | loss=0.9563 | diff=0.6300 | kd=0.2281 | recon=0.3035 | t=11s
  Ep 061 | step 0100/467 | loss=0.9612 | diff=0.6370 | kd=0.2112 | recon=0.3031 | t=22s
  Ep 061 | step 0150/467 | loss=0.9574 | diff=0.6322 | kd=0.3215 | recon=0.2931 | t=33s
  Ep 061 | step 0200/467 | loss=0.9458 | diff=0.6321 | kd=0.2227 | recon=0.2914 | t=44s
  Ep 061 | step 0250/467 | loss=0.9790 | diff=0.6298 | kd=0.2516 | recon=0.3241 | t=55s
  Ep 061 | step 0300/467 | loss=0.9876 | diff=0.6340 | kd=0.2423 | recon=0.3293 | t=65s
  Ep 061 | step 0350/467 | loss=0.9709 | diff=0.6333 | kd=0.2206 | recon=0.3156 | t=76s
  Ep 061 | step 0400/467 | loss=0.9977 | diff=0.6346 | kd=0.2629 | recon=0.3369 | t=87s
  Ep 061 | step 0450/467 | loss=0.9346 | diff=0.6299 | kd=0.2595 | recon=0.2788 | t=98s

  ── Epoch 061/200 (136s) ──────────────────────
  Train  loss=0.9557  diff=0.6344  kd=0.2509  recon=0.2962
  Val    loss=0.9541  RMSE=0.6872  MAE=0.5593  lr=7.90e-05

  Ep 062 | step 0000/467 | loss=0.9573 | diff=0.6339 | kd=0.2274 | recon=0.3006 | t=1s
  Ep 062 | step 0050/467 | loss=0.9508 | diff=0.6322 | kd=0.2627 | recon=0.2924 | t=11s
  Ep 062 | step 0100/467 | loss=0.9542 | diff=0.6452 | kd=0.2547 | recon=0.2835 | t=22s
  Ep 062 | step 0150/467 | loss=0.9523 | diff=0.6466 | kd=0.2236 | recon=0.2834 | t=33s
  Ep 062 | step 0200/467 | loss=0.9683 | diff=0.6339 | kd=0.2353 | recon=0.3108 | t=44s
  Ep 062 | step 0250/467 | loss=0.9957 | diff=0.6358 | kd=0.2077 | recon=0.3392 | t=55s
  Ep 062 | step 0300/467 | loss=0.9464 | diff=0.6349 | kd=0.2259 | recon=0.2889 | t=65s
  Ep 062 | step 0350/467 | loss=0.9810 | diff=0.6329 | kd=0.2895 | recon=0.3191 | t=76s
  Ep 062 | step 0400/467 | loss=0.9984 | diff=0.6295 | kd=0.2506 | recon=0.3438 | t=87s
  Ep 062 | step 0450/467 | loss=0.9910 | diff=0.6506 | kd=0.2554 | recon=0.3149 | t=98s

  ── Epoch 062/200 (136s) ──────────────────────
  Train  loss=0.9558  diff=0.6346  kd=0.2509  recon=0.2961
  Val    loss=0.9509  RMSE=0.6505  MAE=0.5232  lr=7.83e-05
  [BEST] Checkpoint saved → checkpoints/best_model.pth

  Ep 063 | step 0000/467 | loss=0.9617 | diff=0.6295 | kd=0.2314 | recon=0.3090 | t=1s
  Ep 063 | step 0050/467 | loss=0.9509 | diff=0.6324 | kd=0.2569 | recon=0.2927 | t=11s
  Ep 063 | step 0100/467 | loss=0.9726 | diff=0.6355 | kd=0.2212 | recon=0.3149 | t=21s
  Ep 063 | step 0150/467 | loss=0.9944 | diff=0.6316 | kd=0.2227 | recon=0.3405 | t=31s
  Ep 063 | step 0200/467 | loss=0.9349 | diff=0.6318 | kd=0.2368 | recon=0.2795 | t=42s
  Ep 063 | step 0250/467 | loss=0.9639 | diff=0.6344 | kd=0.2281 | recon=0.3067 | t=52s
  Ep 063 | step 0300/467 | loss=0.9603 | diff=0.6320 | kd=0.2011 | recon=0.3081 | t=62s
  Ep 063 | step 0350/467 | loss=0.9538 | diff=0.6334 | kd=0.2309 | recon=0.2973 | t=72s
  Ep 063 | step 0400/467 | loss=0.9754 | diff=0.6352 | kd=0.2680 | recon=0.3134 | t=83s
  Ep 063 | step 0450/467 | loss=0.9488 | diff=0.6312 | kd=0.2121 | recon=0.2964 | t=93s

  ── Epoch 063/200 (130s) ──────────────────────
  Train  loss=0.9546  diff=0.6338  kd=0.2500  recon=0.2958
  Val    loss=0.9529  RMSE=0.6687  MAE=0.5401  lr=7.77e-05

  Ep 064 | step 0000/467 | loss=0.9238 | diff=0.6327 | kd=0.3380 | recon=0.2573 | t=1s
  Ep 064 | step 0050/467 | loss=0.9608 | diff=0.6419 | kd=0.3122 | recon=0.2876 | t=11s
  Ep 064 | step 0100/467 | loss=0.9669 | diff=0.6385 | kd=0.2502 | recon=0.3035 | t=19s
  Ep 064 | step 0150/467 | loss=0.9676 | diff=0.6486 | kd=0.3044 | recon=0.2885 | t=30s
  Ep 064 | step 0200/467 | loss=0.9641 | diff=0.6321 | kd=0.2490 | recon=0.3071 | t=40s
  Ep 064 | step 0250/467 | loss=0.9593 | diff=0.6394 | kd=0.3083 | recon=0.2891 | t=51s
  Ep 064 | step 0300/467 | loss=0.9490 | diff=0.6339 | kd=0.2954 | recon=0.2856 | t=61s
  Ep 064 | step 0350/467 | loss=0.9288 | diff=0.6319 | kd=0.2922 | recon=0.2676 | t=72s
  Ep 064 | step 0400/467 | loss=0.9774 | diff=0.6528 | kd=0.2057 | recon=0.3040 | t=82s
  Ep 064 | step 0450/467 | loss=0.9519 | diff=0.6338 | kd=0.2778 | recon=0.2903 | t=93s

  ── Epoch 064/200 (131s) ──────────────────────
  Train  loss=0.9544  diff=0.6339  kd=0.2491  recon=0.2956
  Val    loss=0.9519  RMSE=0.6242  MAE=0.5066  lr=7.70e-05

  Ep 065 | step 0000/467 | loss=0.9281 | diff=0.6314 | kd=0.2206 | recon=0.2747 | t=1s
  Ep 065 | step 0050/467 | loss=0.9253 | diff=0.6302 | kd=0.2206 | recon=0.2730 | t=11s
  Ep 065 | step 0100/467 | loss=0.9541 | diff=0.6311 | kd=0.2481 | recon=0.2982 | t=22s
  Ep 065 | step 0150/467 | loss=0.9359 | diff=0.6320 | kd=0.2394 | recon=0.2799 | t=32s
  Ep 065 | step 0200/467 | loss=1.0086 | diff=0.6385 | kd=0.2902 | recon=0.3410 | t=42s
  Ep 065 | step 0250/467 | loss=0.9573 | diff=0.6300 | kd=0.2266 | recon=0.3046 | t=53s
  Ep 065 | step 0300/467 | loss=0.9410 | diff=0.6325 | kd=0.2629 | recon=0.2822 | t=63s
  Ep 065 | step 0350/467 | loss=0.9656 | diff=0.6330 | kd=0.2283 | recon=0.3098 | t=74s
  Ep 065 | step 0400/467 | loss=0.9115 | diff=0.6311 | kd=0.2131 | recon=0.2591 | t=85s
  Ep 065 | step 0450/467 | loss=0.9471 | diff=0.6324 | kd=0.2118 | recon=0.2936 | t=96s

  ── Epoch 065/200 (135s) ──────────────────────
  Train  loss=0.9544  diff=0.6338  kd=0.2487  recon=0.2957
  Val    loss=0.9520  RMSE=0.6644  MAE=0.5404  lr=7.64e-05

  Ep 066 | step 0000/467 | loss=0.9566 | diff=0.6327 | kd=0.2439 | recon=0.2995 | t=1s
  Ep 066 | step 0050/467 | loss=0.9542 | diff=0.6313 | kd=0.2331 | recon=0.2996 | t=12s
  Ep 066 | step 0100/467 | loss=0.9461 | diff=0.6301 | kd=0.2574 | recon=0.2903 | t=22s
  Ep 066 | step 0150/467 | loss=0.9810 | diff=0.6487 | kd=0.2387 | recon=0.3084 | t=33s
  Ep 066 | step 0200/467 | loss=0.9566 | diff=0.6301 | kd=0.2191 | recon=0.3046 | t=44s
  Ep 066 | step 0250/467 | loss=0.9639 | diff=0.6315 | kd=0.2321 | recon=0.3092 | t=55s
  Ep 066 | step 0300/467 | loss=0.9577 | diff=0.6304 | kd=0.2261 | recon=0.3047 | t=65s
  Ep 066 | step 0350/467 | loss=0.9160 | diff=0.6296 | kd=0.2540 | recon=0.2611 | t=76s
  Ep 066 | step 0400/467 | loss=0.9171 | diff=0.6307 | kd=0.2486 | recon=0.2615 | t=87s
  Ep 066 | step 0450/467 | loss=0.9430 | diff=0.6291 | kd=0.2456 | recon=0.2893 | t=97s

  ── Epoch 066/200 (136s) ──────────────────────
  Train  loss=0.9544  diff=0.6342  kd=0.2476  recon=0.2954
  Val    loss=0.9534  RMSE=0.6921  MAE=0.5600  lr=7.57e-05

  Ep 067 | step 0000/467 | loss=0.9620 | diff=0.6337 | kd=0.2097 | recon=0.3074 | t=1s
  Ep 067 | step 0050/467 | loss=0.9322 | diff=0.6335 | kd=0.2163 | recon=0.2771 | t=12s
  Ep 067 | step 0100/467 | loss=0.9911 | diff=0.6303 | kd=0.2898 | recon=0.3318 | t=22s
  Ep 067 | step 0150/467 | loss=0.9704 | diff=0.6336 | kd=0.2325 | recon=0.3135 | t=33s
  Ep 067 | step 0200/467 | loss=0.9653 | diff=0.6328 | kd=0.3042 | recon=0.3021 | t=44s
  Ep 067 | step 0250/467 | loss=0.9709 | diff=0.6302 | kd=0.2206 | recon=0.3186 | t=54s
  Ep 067 | step 0300/467 | loss=0.9332 | diff=0.6316 | kd=0.2133 | recon=0.2803 | t=65s
  Ep 067 | step 0350/467 | loss=0.9574 | diff=0.6371 | kd=0.2575 | recon=0.2945 | t=76s
  Ep 067 | step 0400/467 | loss=0.9536 | diff=0.6305 | kd=0.2490 | recon=0.2982 | t=87s
  Ep 067 | step 0450/467 | loss=0.9928 | diff=0.6331 | kd=0.2224 | recon=0.3374 | t=97s

  ── Epoch 067/200 (136s) ──────────────────────
  Train  loss=0.9537  diff=0.6336  kd=0.2476  recon=0.2954
  Val    loss=0.9503  RMSE=0.6426  MAE=0.5207  lr=7.50e-05
  [BEST] Checkpoint saved → checkpoints/best_model.pth

  Ep 068 | step 0000/467 | loss=0.9488 | diff=0.6403 | kd=0.2202 | recon=0.2865 | t=1s
  Ep 068 | step 0050/467 | loss=0.9703 | diff=0.6317 | kd=0.2529 | recon=0.3132 | t=11s
  Ep 068 | step 0100/467 | loss=0.9442 | diff=0.6317 | kd=0.2006 | recon=0.2924 | t=22s
  Ep 068 | step 0150/467 | loss=0.9804 | diff=0.6397 | kd=0.2210 | recon=0.3186 | t=33s
  Ep 068 | step 0200/467 | loss=0.9578 | diff=0.6318 | kd=0.2374 | recon=0.3022 | t=44s
  Ep 068 | step 0250/467 | loss=0.9308 | diff=0.6295 | kd=0.2210 | recon=0.2792 | t=54s
  Ep 068 | step 0300/467 | loss=0.9655 | diff=0.6346 | kd=0.2308 | recon=0.3078 | t=65s
  Ep 068 | step 0350/467 | loss=0.9593 | diff=0.6387 | kd=0.2843 | recon=0.2922 | t=76s
  Ep 068 | step 0400/467 | loss=0.9342 | diff=0.6306 | kd=0.3563 | recon=0.2680 | t=86s
  Ep 068 | step 0450/467 | loss=0.9260 | diff=0.6297 | kd=0.2404 | recon=0.2723 | t=97s

  ── Epoch 068/200 (136s) ──────────────────────
  Train  loss=0.9534  diff=0.6336  kd=0.2472  recon=0.2951
  Val    loss=0.9507  RMSE=0.6557  MAE=0.5314  lr=7.43e-05

  Ep 069 | step 0000/467 | loss=0.9529 | diff=0.6505 | kd=0.2550 | recon=0.2769 | t=1s
  Ep 069 | step 0050/467 | loss=0.9554 | diff=0.6315 | kd=0.2863 | recon=0.2952 | t=12s
  Ep 069 | step 0100/467 | loss=0.9545 | diff=0.6288 | kd=0.2162 | recon=0.3041 | t=22s
  Ep 069 | step 0150/467 | loss=0.9410 | diff=0.6315 | kd=0.2300 | recon=0.2865 | t=33s
  Ep 069 | step 0200/467 | loss=0.9583 | diff=0.6358 | kd=0.2114 | recon=0.3014 | t=44s
  Ep 069 | step 0250/467 | loss=0.9711 | diff=0.6316 | kd=0.2020 | recon=0.3193 | t=55s
  Ep 069 | step 0300/467 | loss=0.9298 | diff=0.6302 | kd=0.2769 | recon=0.2719 | t=65s
  Ep 069 | step 0350/467 | loss=0.9522 | diff=0.6350 | kd=0.2346 | recon=0.2936 | t=76s
  Ep 069 | step 0400/467 | loss=0.9294 | diff=0.6353 | kd=0.2349 | recon=0.2706 | t=87s
  Ep 069 | step 0450/467 | loss=0.9830 | diff=0.6311 | kd=0.2117 | recon=0.3308 | t=97s

  ── Epoch 069/200 (136s) ──────────────────────
  Train  loss=0.9530  diff=0.6334  kd=0.2460  recon=0.2950
  Val    loss=0.9489  RMSE=0.6371  MAE=0.5164  lr=7.37e-05
  [BEST] Checkpoint saved → checkpoints/best_model.pth

  Ep 070 | step 0000/467 | loss=0.9301 | diff=0.6360 | kd=0.1992 | recon=0.2742 | t=1s
  Ep 070 | step 0050/467 | loss=0.9526 | diff=0.6301 | kd=0.2389 | recon=0.2986 | t=12s
  Ep 070 | step 0100/467 | loss=0.9753 | diff=0.6320 | kd=0.2614 | recon=0.3172 | t=23s
  Ep 070 | step 0150/467 | loss=0.9560 | diff=0.6497 | kd=0.2088 | recon=0.2854 | t=34s
  Ep 070 | step 0200/467 | loss=0.9845 | diff=0.6548 | kd=0.1976 | recon=0.3099 | t=45s
  Ep 070 | step 0250/467 | loss=0.9725 | diff=0.6333 | kd=0.1894 | recon=0.3202 | t=56s
  Ep 070 | step 0300/467 | loss=0.9541 | diff=0.6306 | kd=0.3328 | recon=0.2902 | t=67s
  Ep 070 | step 0350/467 | loss=0.9747 | diff=0.6317 | kd=0.2180 | recon=0.3212 | t=78s
  Ep 070 | step 0400/467 | loss=0.9724 | diff=0.6276 | kd=0.2433 | recon=0.3204 | t=89s
  Ep 070 | step 0450/467 | loss=0.9397 | diff=0.6291 | kd=0.2450 | recon=0.2861 | t=100s

  ── Epoch 070/200 (139s) ──────────────────────
  Train  loss=0.9519  diff=0.6327  kd=0.2456  recon=0.2947
  Val    loss=0.9515  RMSE=0.6831  MAE=0.5544  lr=7.30e-05
  [EP70] Checkpoint saved → checkpoints/epoch_070.pth

  Ep 071 | step 0000/467 | loss=0.9504 | diff=0.6285 | kd=0.2297 | recon=0.2989 | t=1s
  Ep 071 | step 0050/467 | loss=0.9473 | diff=0.6285 | kd=0.2037 | recon=0.2985 | t=11s
  Ep 071 | step 0100/467 | loss=0.9439 | diff=0.6295 | kd=0.3000 | recon=0.2843 | t=22s
  Ep 071 | step 0150/467 | loss=0.9360 | diff=0.6295 | kd=0.2600 | recon=0.2805 | t=33s
  Ep 071 | step 0200/467 | loss=0.9843 | diff=0.6524 | kd=0.2888 | recon=0.3031 | t=44s
  Ep 071 | step 0250/467 | loss=0.9393 | diff=0.6277 | kd=0.2252 | recon=0.2891 | t=55s
  Ep 071 | step 0300/467 | loss=0.9405 | diff=0.6288 | kd=0.2501 | recon=0.2868 | t=65s
  Ep 071 | step 0350/467 | loss=0.9454 | diff=0.6297 | kd=0.2160 | recon=0.2940 | t=76s
  Ep 071 | step 0400/467 | loss=0.9780 | diff=0.6303 | kd=0.2356 | recon=0.3241 | t=87s
  Ep 071 | step 0450/467 | loss=0.9470 | diff=0.6330 | kd=0.2715 | recon=0.2868 | t=98s

  ── Epoch 071/200 (136s) ──────────────────────
  Train  loss=0.9516  diff=0.6326  kd=0.2451  recon=0.2945
  Val    loss=0.9467  RMSE=0.6741  MAE=0.5475  lr=7.23e-05
  [BEST] Checkpoint saved → checkpoints/best_model.pth

  Ep 072 | step 0000/467 | loss=0.9200 | diff=0.6303 | kd=0.2933 | recon=0.2603 | t=1s
  Ep 072 | step 0050/467 | loss=0.9767 | diff=0.6453 | kd=0.3300 | recon=0.2984 | t=11s
  Ep 072 | step 0100/467 | loss=0.9371 | diff=0.6319 | kd=0.2747 | recon=0.2777 | t=22s
  Ep 072 | step 0150/467 | loss=0.9649 | diff=0.6298 | kd=0.2321 | recon=0.3119 | t=33s
  Ep 072 | step 0200/467 | loss=0.9453 | diff=0.6272 | kd=0.2542 | recon=0.2926 | t=44s
  Ep 072 | step 0250/467 | loss=0.9440 | diff=0.6378 | kd=0.2215 | recon=0.2840 | t=54s
  Ep 072 | step 0300/467 | loss=0.9429 | diff=0.6317 | kd=0.2620 | recon=0.2850 | t=65s
  Ep 072 | step 0350/467 | loss=0.9455 | diff=0.6290 | kd=0.2171 | recon=0.2948 | t=76s
  Ep 072 | step 0400/467 | loss=0.9704 | diff=0.6276 | kd=0.2756 | recon=0.3153 | t=87s
  Ep 072 | step 0450/467 | loss=0.9388 | diff=0.6294 | kd=0.2450 | recon=0.2849 | t=98s

  ── Epoch 072/200 (136s) ──────────────────────
  Train  loss=0.9508  diff=0.6318  kd=0.2446  recon=0.2945
  Val    loss=0.9506  RMSE=0.6879  MAE=0.5626  lr=7.16e-05

  Ep 073 | step 0000/467 | loss=0.9591 | diff=0.6287 | kd=0.2105 | recon=0.3094 | t=1s
  Ep 073 | step 0050/467 | loss=0.9382 | diff=0.6340 | kd=0.2480 | recon=0.2794 | t=12s
  Ep 073 | step 0100/467 | loss=0.9204 | diff=0.6294 | kd=0.3238 | recon=0.2587 | t=22s
  Ep 073 | step 0150/467 | loss=0.9610 | diff=0.6315 | kd=0.1958 | recon=0.3099 | t=33s
  Ep 073 | step 0200/467 | loss=0.9514 | diff=0.6321 | kd=0.2732 | recon=0.2919 | t=44s
  Ep 073 | step 0250/467 | loss=0.9240 | diff=0.6297 | kd=0.3386 | recon=0.2604 | t=54s
  Ep 073 | step 0300/467 | loss=0.9602 | diff=0.6315 | kd=0.2471 | recon=0.3040 | t=65s
  Ep 073 | step 0350/467 | loss=0.9257 | diff=0.6269 | kd=0.2786 | recon=0.2709 | t=76s
  Ep 073 | step 0400/467 | loss=0.9526 | diff=0.6287 | kd=0.2345 | recon=0.3004 | t=87s
  Ep 073 | step 0450/467 | loss=0.9586 | diff=0.6319 | kd=0.2145 | recon=0.3052 | t=97s

  ── Epoch 073/200 (136s) ──────────────────────
  Train  loss=0.9511  diff=0.6323  kd=0.2440  recon=0.2944
  Val    loss=0.9479  RMSE=0.7343  MAE=0.6008  lr=7.09e-05

  Ep 074 | step 0000/467 | loss=0.9311 | diff=0.6292 | kd=0.2760 | recon=0.2743 | t=1s
  Ep 074 | step 0050/467 | loss=0.9368 | diff=0.6308 | kd=0.2437 | recon=0.2816 | t=12s
  Ep 074 | step 0100/467 | loss=0.9161 | diff=0.6266 | kd=0.2805 | recon=0.2615 | t=22s
  Ep 074 | step 0150/467 | loss=0.9403 | diff=0.6370 | kd=0.2126 | recon=0.2821 | t=33s
  Ep 074 | step 0200/467 | loss=1.0012 | diff=0.6274 | kd=0.2284 | recon=0.3510 | t=44s
  Ep 074 | step 0250/467 | loss=0.9394 | diff=0.6278 | kd=0.2021 | recon=0.2914 | t=54s
  Ep 074 | step 0300/467 | loss=0.9487 | diff=0.6314 | kd=0.2882 | recon=0.2885 | t=65s
  Ep 074 | step 0350/467 | loss=0.9408 | diff=0.6325 | kd=0.2159 | recon=0.2867 | t=76s
  Ep 074 | step 0400/467 | loss=0.9590 | diff=0.6280 | kd=0.2293 | recon=0.3081 | t=87s
  Ep 074 | step 0450/467 | loss=0.9373 | diff=0.6279 | kd=0.2234 | recon=0.2871 | t=97s

  ── Epoch 074/200 (136s) ──────────────────────
  Train  loss=0.9500  diff=0.6316  kd=0.2433  recon=0.2941
  Val    loss=0.9485  RMSE=0.6812  MAE=0.5561  lr=7.02e-05

  Ep 075 | step 0000/467 | loss=0.9503 | diff=0.6285 | kd=0.2107 | recon=0.3007 | t=1s
  Ep 075 | step 0050/467 | loss=0.9409 | diff=0.6261 | kd=0.2706 | recon=0.2877 | t=11s
  Ep 075 | step 0100/467 | loss=0.9591 | diff=0.6306 | kd=0.3352 | recon=0.2949 | t=22s
  Ep 075 | step 0150/467 | loss=0.9304 | diff=0.6277 | kd=0.2687 | recon=0.2758 | t=33s
  Ep 075 | step 0200/467 | loss=0.9646 | diff=0.6305 | kd=0.2295 | recon=0.3111 | t=44s
  Ep 075 | step 0250/467 | loss=0.9349 | diff=0.6278 | kd=0.2643 | recon=0.2807 | t=55s
  Ep 075 | step 0300/467 | loss=0.9243 | diff=0.6350 | kd=0.2052 | recon=0.2687 | t=65s
  Ep 075 | step 0350/467 | loss=0.9207 | diff=0.6283 | kd=0.2401 | recon=0.2684 | t=76s
  Ep 075 | step 0400/467 | loss=0.9268 | diff=0.6287 | kd=0.2065 | recon=0.2774 | t=87s
  Ep 075 | step 0450/467 | loss=0.9418 | diff=0.6267 | kd=0.2476 | recon=0.2903 | t=98s

  ── Epoch 075/200 (136s) ──────────────────────
  Train  loss=0.9481  diff=0.6297  kd=0.2424  recon=0.2942
  Val    loss=0.9461  RMSE=0.6932  MAE=0.5600  lr=6.94e-05
  [BEST] Checkpoint saved → checkpoints/best_model.pth

  Ep 076 | step 0000/467 | loss=0.9265 | diff=0.6308 | kd=0.2783 | recon=0.2678 | t=1s
  Ep 076 | step 0050/467 | loss=0.9525 | diff=0.6312 | kd=0.2069 | recon=0.3006 | t=11s
  Ep 076 | step 0100/467 | loss=0.9180 | diff=0.6283 | kd=0.2838 | recon=0.2613 | t=22s
  Ep 076 | step 0150/467 | loss=0.9390 | diff=0.6274 | kd=0.2157 | recon=0.2900 | t=33s
  Ep 076 | step 0200/467 | loss=0.9459 | diff=0.6288 | kd=0.2086 | recon=0.2962 | t=43s
  Ep 076 | step 0250/467 | loss=0.9402 | diff=0.6297 | kd=0.1941 | recon=0.2910 | t=54s
  Ep 076 | step 0300/467 | loss=0.9592 | diff=0.6253 | kd=0.2442 | recon=0.3095 | t=65s
  Ep 076 | step 0350/467 | loss=0.9453 | diff=0.6445 | kd=0.2051 | recon=0.2803 | t=76s
  Ep 076 | step 0400/467 | loss=0.9565 | diff=0.6273 | kd=0.2638 | recon=0.3028 | t=86s
  Ep 076 | step 0450/467 | loss=0.9322 | diff=0.6344 | kd=0.2397 | recon=0.2738 | t=97s

  ── Epoch 076/200 (135s) ──────────────────────
  Train  loss=0.9486  diff=0.6301  kd=0.2425  recon=0.2942
  Val    loss=0.9459  RMSE=0.7230  MAE=0.5904  lr=6.87e-05
  [BEST] Checkpoint saved → checkpoints/best_model.pth

  Ep 077 | step 0000/467 | loss=0.9474 | diff=0.6260 | kd=0.2447 | recon=0.2969 | t=1s
  Ep 077 | step 0050/467 | loss=0.9425 | diff=0.6291 | kd=0.1959 | recon=0.2938 | t=12s
  Ep 077 | step 0100/467 | loss=0.9383 | diff=0.6263 | kd=0.1990 | recon=0.2921 | t=22s
  Ep 077 | step 0150/467 | loss=0.9284 | diff=0.6281 | kd=0.2709 | recon=0.2732 | t=33s
  Ep 077 | step 0200/467 | loss=0.9582 | diff=0.6310 | kd=0.2781 | recon=0.2994 | t=44s
  Ep 077 | step 0250/467 | loss=0.9389 | diff=0.6287 | kd=0.2553 | recon=0.2847 | t=55s
  Ep 077 | step 0300/467 | loss=0.9314 | diff=0.6261 | kd=0.2455 | recon=0.2808 | t=65s
  Ep 077 | step 0350/467 | loss=0.9625 | diff=0.6532 | kd=0.2657 | recon=0.2828 | t=76s
  Ep 077 | step 0400/467 | loss=0.9857 | diff=0.6410 | kd=0.2252 | recon=0.3221 | t=87s
  Ep 077 | step 0450/467 | loss=0.9509 | diff=0.6303 | kd=0.2404 | recon=0.2965 | t=98s

  ── Epoch 077/200 (136s) ──────────────────────
  Train  loss=0.9478  diff=0.6296  kd=0.2417  recon=0.2940
  Val    loss=0.9448  RMSE=0.7014  MAE=0.5706  lr=6.80e-05
  [BEST] Checkpoint saved → checkpoints/best_model.pth

  Ep 078 | step 0000/467 | loss=0.9574 | diff=0.6286 | kd=0.2390 | recon=0.3049 | t=1s
  Ep 078 | step 0050/467 | loss=0.9282 | diff=0.6260 | kd=0.2359 | recon=0.2787 | t=11s
  Ep 078 | step 0100/467 | loss=0.9610 | diff=0.6260 | kd=0.2255 | recon=0.3124 | t=22s
  Ep 078 | step 0150/467 | loss=0.9489 | diff=0.6249 | kd=0.2673 | recon=0.2973 | t=33s
  Ep 078 | step 0200/467 | loss=0.9335 | diff=0.6268 | kd=0.1924 | recon=0.2875 | t=44s
  Ep 078 | step 0250/467 | loss=0.9451 | diff=0.6262 | kd=0.2550 | recon=0.2934 | t=54s
  Ep 078 | step 0300/467 | loss=0.9623 | diff=0.6260 | kd=0.2742 | recon=0.3090 | t=65s
  Ep 078 | step 0350/467 | loss=0.9572 | diff=0.6367 | kd=0.1998 | recon=0.3005 | t=76s
  Ep 078 | step 0400/467 | loss=0.9724 | diff=0.6448 | kd=0.2311 | recon=0.3044 | t=87s
  Ep 078 | step 0450/467 | loss=0.9595 | diff=0.6280 | kd=0.2200 | recon=0.3095 | t=97s

  ── Epoch 078/200 (136s) ──────────────────────
  Train  loss=0.9473  diff=0.6293  kd=0.2415  recon=0.2938
  Val    loss=0.9461  RMSE=0.7072  MAE=0.5764  lr=6.73e-05

  Ep 079 | step 0000/467 | loss=0.9841 | diff=0.6261 | kd=0.2347 | recon=0.3345 | t=1s
  Ep 079 | step 0050/467 | loss=0.9684 | diff=0.6459 | kd=0.2015 | recon=0.3024 | t=11s
  Ep 079 | step 0100/467 | loss=0.9400 | diff=0.6293 | kd=0.2520 | recon=0.2855 | t=22s
  Ep 079 | step 0150/467 | loss=0.9478 | diff=0.6260 | kd=0.2231 | recon=0.2995 | t=33s
  Ep 079 | step 0200/467 | loss=0.9283 | diff=0.6258 | kd=0.2186 | recon=0.2807 | t=44s
  Ep 079 | step 0250/467 | loss=0.9302 | diff=0.6412 | kd=0.3170 | recon=0.2573 | t=54s
  Ep 079 | step 0300/467 | loss=0.9300 | diff=0.6322 | kd=0.3371 | recon=0.2641 | t=65s
  Ep 079 | step 0350/467 | loss=0.9669 | diff=0.6374 | kd=0.2392 | recon=0.3056 | t=76s
  Ep 079 | step 0400/467 | loss=0.9285 | diff=0.6249 | kd=0.2528 | recon=0.2783 | t=87s
  Ep 079 | step 0450/467 | loss=0.9646 | diff=0.6366 | kd=0.3100 | recon=0.2969 | t=97s

  ── Epoch 079/200 (136s) ──────────────────────
  Train  loss=0.9465  diff=0.6290  kd=0.2409  recon=0.2934
  Val    loss=0.9461  RMSE=0.6925  MAE=0.5615  lr=6.65e-05

  Ep 080 | step 0000/467 | loss=0.9547 | diff=0.6300 | kd=0.2418 | recon=0.3005 | t=1s
  Ep 080 | step 0050/467 | loss=0.9513 | diff=0.6272 | kd=0.2877 | recon=0.2953 | t=11s
  Ep 080 | step 0100/467 | loss=0.9726 | diff=0.6253 | kd=0.2390 | recon=0.3234 | t=22s
  Ep 080 | step 0150/467 | loss=0.9343 | diff=0.6241 | kd=0.2163 | recon=0.2885 | t=33s
  Ep 080 | step 0200/467 | loss=0.9612 | diff=0.6316 | kd=0.2748 | recon=0.3021 | t=44s
  Ep 080 | step 0250/467 | loss=0.9245 | diff=0.6279 | kd=0.2348 | recon=0.2731 | t=54s
  Ep 080 | step 0300/467 | loss=0.9259 | diff=0.6253 | kd=0.2084 | recon=0.2798 | t=65s
  Ep 080 | step 0350/467 | loss=0.9087 | diff=0.6238 | kd=0.2603 | recon=0.2589 | t=76s
  Ep 080 | step 0400/467 | loss=0.9231 | diff=0.6264 | kd=0.2627 | recon=0.2704 | t=87s
  Ep 080 | step 0450/467 | loss=0.9418 | diff=0.6250 | kd=0.1855 | recon=0.2982 | t=98s

  ── Epoch 080/200 (136s) ──────────────────────
  Train  loss=0.9461  diff=0.6282  kd=0.2406  recon=0.2938
  Val    loss=0.9414  RMSE=0.7691  MAE=0.6335  lr=6.58e-05
  [BEST] Checkpoint saved → checkpoints/best_model.pth
  [EP80] Checkpoint saved → checkpoints/epoch_080.pth

  Ep 081 | step 0000/467 | loss=0.9378 | diff=0.6277 | kd=0.2508 | recon=0.2850 | t=1s
  Ep 081 | step 0050/467 | loss=0.9502 | diff=0.6296 | kd=0.2218 | recon=0.2984 | t=12s
  Ep 081 | step 0100/467 | loss=0.9671 | diff=0.6246 | kd=0.2119 | recon=0.3213 | t=22s
  Ep 081 | step 0150/467 | loss=0.9735 | diff=0.6296 | kd=0.2198 | recon=0.3220 | t=33s
  Ep 081 | step 0200/467 | loss=0.9458 | diff=0.6413 | kd=0.2357 | recon=0.2809 | t=43s
  Ep 081 | step 0250/467 | loss=1.0074 | diff=0.6257 | kd=0.2296 | recon=0.3588 | t=53s
  Ep 081 | step 0300/467 | loss=0.9561 | diff=0.6267 | kd=0.2887 | recon=0.3005 | t=63s
  Ep 081 | step 0350/467 | loss=0.9736 | diff=0.6328 | kd=0.2091 | recon=0.3199 | t=73s
  Ep 081 | step 0400/467 | loss=0.9396 | diff=0.6464 | kd=0.2591 | recon=0.2673 | t=83s
  Ep 081 | step 0450/467 | loss=0.9620 | diff=0.6251 | kd=0.2375 | recon=0.3131 | t=94s

  ── Epoch 081/200 (130s) ──────────────────────
  Train  loss=0.9466  diff=0.6286  kd=0.2402  recon=0.2940
  Val    loss=0.9439  RMSE=0.6997  MAE=0.5712  lr=6.51e-05

  Ep 082 | step 0000/467 | loss=0.9669 | diff=0.6244 | kd=0.2332 | recon=0.3192 | t=1s
  Ep 082 | step 0050/467 | loss=0.9664 | diff=0.6408 | kd=0.2242 | recon=0.3032 | t=11s
  Ep 082 | step 0100/467 | loss=0.9306 | diff=0.6247 | kd=0.2270 | recon=0.2832 | t=21s
  Ep 082 | step 0150/467 | loss=0.9578 | diff=0.6336 | kd=0.2090 | recon=0.3033 | t=31s
  Ep 082 | step 0200/467 | loss=0.9714 | diff=0.6266 | kd=0.2428 | recon=0.3205 | t=41s
  Ep 082 | step 0250/467 | loss=0.9411 | diff=0.6267 | kd=0.1829 | recon=0.2962 | t=51s
  Ep 082 | step 0300/467 | loss=0.9792 | diff=0.6248 | kd=0.2296 | recon=0.3314 | t=62s
  Ep 082 | step 0350/467 | loss=0.9331 | diff=0.6256 | kd=0.2211 | recon=0.2854 | t=73s
  Ep 082 | step 0400/467 | loss=0.9338 | diff=0.6326 | kd=0.2375 | recon=0.2774 | t=84s
  Ep 082 | step 0450/467 | loss=0.9759 | diff=0.6258 | kd=0.2335 | recon=0.3267 | t=95s

  ── Epoch 082/200 (134s) ──────────────────────
  Train  loss=0.9449  diff=0.6275  kd=0.2397  recon=0.2934
  Val    loss=0.9444  RMSE=0.7272  MAE=0.5952  lr=6.43e-05

  Ep 083 | step 0000/467 | loss=0.9387 | diff=0.6308 | kd=0.2355 | recon=0.2844 | t=1s
  Ep 083 | step 0050/467 | loss=0.9151 | diff=0.6255 | kd=0.1826 | recon=0.2714 | t=12s
  Ep 083 | step 0100/467 | loss=0.9472 | diff=0.6268 | kd=0.3022 | recon=0.2901 | t=23s
  Ep 083 | step 0150/467 | loss=0.9373 | diff=0.6246 | kd=0.2351 | recon=0.2892 | t=33s
  Ep 083 | step 0200/467 | loss=0.9053 | diff=0.6252 | kd=0.2352 | recon=0.2566 | t=44s
  Ep 083 | step 0250/467 | loss=0.9613 | diff=0.6376 | kd=0.2376 | recon=0.2999 | t=55s
  Ep 083 | step 0300/467 | loss=0.9229 | diff=0.6269 | kd=0.2130 | recon=0.2747 | t=66s
  Ep 083 | step 0350/467 | loss=0.9613 | diff=0.6275 | kd=0.2025 | recon=0.3136 | t=76s
  Ep 083 | step 0400/467 | loss=0.9746 | diff=0.6373 | kd=0.2632 | recon=0.3110 | t=87s
  Ep 083 | step 0450/467 | loss=0.9417 | diff=0.6436 | kd=0.2177 | recon=0.2764 | t=98s

  ── Epoch 083/200 (137s) ──────────────────────
  Train  loss=0.9455  diff=0.6284  kd=0.2392  recon=0.2931
  Val    loss=0.9435  RMSE=0.7071  MAE=0.5722  lr=6.36e-05

  Ep 084 | step 0000/467 | loss=0.9526 | diff=0.6303 | kd=0.2205 | recon=0.3003 | t=1s
  Ep 084 | step 0050/467 | loss=0.9752 | diff=0.6245 | kd=0.2657 | recon=0.3242 | t=12s
  Ep 084 | step 0100/467 | loss=0.9834 | diff=0.6409 | kd=0.2629 | recon=0.3162 | t=22s
  Ep 084 | step 0150/467 | loss=0.9519 | diff=0.6280 | kd=0.2092 | recon=0.3030 | t=33s
  Ep 084 | step 0200/467 | loss=0.9339 | diff=0.6234 | kd=0.2278 | recon=0.2876 | t=44s
  Ep 084 | step 0250/467 | loss=0.9632 | diff=0.6255 | kd=0.2003 | recon=0.3177 | t=55s
  Ep 084 | step 0300/467 | loss=0.9443 | diff=0.6261 | kd=0.2591 | recon=0.2924 | t=65s
  Ep 084 | step 0350/467 | loss=0.9774 | diff=0.6233 | kd=0.2383 | recon=0.3302 | t=76s
  Ep 084 | step 0400/467 | loss=0.9395 | diff=0.6240 | kd=0.2437 | recon=0.2912 | t=87s
  Ep 084 | step 0450/467 | loss=0.9346 | diff=0.6248 | kd=0.2573 | recon=0.2841 | t=98s

  ── Epoch 084/200 (136s) ──────────────────────
  Train  loss=0.9451  diff=0.6280  kd=0.2387  recon=0.2932
  Val    loss=0.9442  RMSE=0.7213  MAE=0.5887  lr=6.28e-05

  Ep 085 | step 0000/467 | loss=0.9745 | diff=0.6254 | kd=0.2444 | recon=0.3246 | t=1s
  Ep 085 | step 0050/467 | loss=0.9224 | diff=0.6264 | kd=0.2221 | recon=0.2739 | t=11s
  Ep 085 | step 0100/467 | loss=0.9208 | diff=0.6269 | kd=0.2197 | recon=0.2719 | t=22s
  Ep 085 | step 0150/467 | loss=0.9392 | diff=0.6247 | kd=0.1839 | recon=0.2962 | t=33s
  Ep 085 | step 0200/467 | loss=0.9290 | diff=0.6237 | kd=0.2799 | recon=0.2773 | t=44s
  Ep 085 | step 0250/467 | loss=0.9398 | diff=0.6250 | kd=0.2445 | recon=0.2903 | t=54s
  Ep 085 | step 0300/467 | loss=0.9522 | diff=0.6255 | kd=0.2523 | recon=0.3015 | t=65s
  Ep 085 | step 0350/467 | loss=0.9304 | diff=0.6247 | kd=0.2065 | recon=0.2850 | t=76s
  Ep 085 | step 0400/467 | loss=0.9255 | diff=0.6275 | kd=0.2020 | recon=0.2778 | t=87s
  Ep 085 | step 0450/467 | loss=0.9426 | diff=0.6352 | kd=0.2722 | recon=0.2801 | t=98s

  ── Epoch 085/200 (136s) ──────────────────────
  Train  loss=0.9450  diff=0.6280  kd=0.2381  recon=0.2932
  Val    loss=0.9432  RMSE=0.8547  MAE=0.7111  lr=6.21e-05

  Ep 086 | step 0000/467 | loss=0.9353 | diff=0.6252 | kd=0.2877 | recon=0.2814 | t=1s
  Ep 086 | step 0050/467 | loss=0.9433 | diff=0.6321 | kd=0.2571 | recon=0.2855 | t=11s
  Ep 086 | step 0100/467 | loss=0.9643 | diff=0.6299 | kd=0.2766 | recon=0.3067 | t=22s
  Ep 086 | step 0150/467 | loss=0.8877 | diff=0.6254 | kd=0.2468 | recon=0.2377 | t=33s
  Ep 086 | step 0200/467 | loss=0.9317 | diff=0.6271 | kd=0.2699 | recon=0.2776 | t=44s
  Ep 086 | step 0250/467 | loss=0.9502 | diff=0.6244 | kd=0.2566 | recon=0.3001 | t=54s
  Ep 086 | step 0300/467 | loss=0.9496 | diff=0.6253 | kd=0.2313 | recon=0.3012 | t=65s
  Ep 086 | step 0350/467 | loss=0.9567 | diff=0.6279 | kd=0.3035 | recon=0.2985 | t=76s
  Ep 086 | step 0400/467 | loss=0.9265 | diff=0.6246 | kd=0.2022 | recon=0.2818 | t=87s
  Ep 086 | step 0450/467 | loss=0.9344 | diff=0.6248 | kd=0.2077 | recon=0.2888 | t=97s

  ── Epoch 086/200 (136s) ──────────────────────
  Train  loss=0.9440  diff=0.6271  kd=0.2384  recon=0.2930
  Val    loss=0.9429  RMSE=0.7653  MAE=0.6295  lr=6.13e-05

  Ep 087 | step 0000/467 | loss=0.9350 | diff=0.6261 | kd=0.2419 | recon=0.2847 | t=1s
  Ep 087 | step 0050/467 | loss=0.9443 | diff=0.6236 | kd=0.2445 | recon=0.2963 | t=11s
  Ep 087 | step 0100/467 | loss=0.8960 | diff=0.6285 | kd=0.2584 | recon=0.2416 | t=22s
  Ep 087 | step 0150/467 | loss=0.9399 | diff=0.6245 | kd=0.2387 | recon=0.2915 | t=33s
  Ep 087 | step 0200/467 | loss=0.9382 | diff=0.6274 | kd=0.2432 | recon=0.2864 | t=44s
  Ep 087 | step 0250/467 | loss=0.9655 | diff=0.6249 | kd=0.2629 | recon=0.3143 | t=55s
  Ep 087 | step 0300/467 | loss=0.9642 | diff=0.6240 | kd=0.2206 | recon=0.3182 | t=65s
  Ep 087 | step 0350/467 | loss=0.9653 | diff=0.6380 | kd=0.1969 | recon=0.3076 | t=76s
  Ep 087 | step 0400/467 | loss=0.9638 | diff=0.6257 | kd=0.1904 | recon=0.3191 | t=87s
  Ep 087 | step 0450/467 | loss=0.9673 | diff=0.6244 | kd=0.2194 | recon=0.3209 | t=98s

  ── Epoch 087/200 (136s) ──────────────────────
  Train  loss=0.9439  diff=0.6273  kd=0.2375  recon=0.2928
  Val    loss=0.9430  RMSE=0.7786  MAE=0.6381  lr=6.05e-05

  Ep 088 | step 0000/467 | loss=0.9376 | diff=0.6369 | kd=0.2470 | recon=0.2760 | t=1s
  Ep 088 | step 0050/467 | loss=0.9419 | diff=0.6253 | kd=0.2359 | recon=0.2930 | t=11s
  Ep 088 | step 0100/467 | loss=0.9392 | diff=0.6249 | kd=0.2096 | recon=0.2933 | t=22s
  Ep 088 | step 0150/467 | loss=0.9138 | diff=0.6251 | kd=0.2415 | recon=0.2646 | t=33s
  Ep 088 | step 0200/467 | loss=0.9103 | diff=0.6240 | kd=0.2192 | recon=0.2644 | t=44s
  Ep 088 | step 0250/467 | loss=0.9245 | diff=0.6249 | kd=0.3019 | recon=0.2694 | t=54s
  Ep 088 | step 0300/467 | loss=0.9386 | diff=0.6429 | kd=0.1961 | recon=0.2761 | t=65s
  Ep 088 | step 0350/467 | loss=0.9618 | diff=0.6233 | kd=0.2062 | recon=0.3178 | t=76s
  Ep 088 | step 0400/467 | loss=0.9216 | diff=0.6267 | kd=0.2811 | recon=0.2668 | t=87s
  Ep 088 | step 0450/467 | loss=0.9558 | diff=0.6277 | kd=0.2375 | recon=0.3044 | t=97s

  ── Epoch 088/200 (136s) ──────────────────────
  Train  loss=0.9440  diff=0.6274  kd=0.2372  recon=0.2929
  Val    loss=0.9419  RMSE=0.7249  MAE=0.5872  lr=5.98e-05

  Ep 089 | step 0000/467 | loss=0.9741 | diff=0.6330 | kd=0.2198 | recon=0.3192 | t=1s
  Ep 089 | step 0050/467 | loss=0.9377 | diff=0.6402 | kd=0.2374 | recon=0.2737 | t=12s
  Ep 089 | step 0100/467 | loss=0.9199 | diff=0.6226 | kd=0.2269 | recon=0.2746 | t=22s
  Ep 089 | step 0150/467 | loss=0.9526 | diff=0.6276 | kd=0.1986 | recon=0.3051 | t=33s
  Ep 089 | step 0200/467 | loss=0.9528 | diff=0.6260 | kd=0.1722 | recon=0.3097 | t=44s
  Ep 089 | step 0250/467 | loss=0.9495 | diff=0.6233 | kd=0.2277 | recon=0.3035 | t=54s
  Ep 089 | step 0300/467 | loss=0.9615 | diff=0.6270 | kd=0.2693 | recon=0.3076 | t=65s
  Ep 089 | step 0350/467 | loss=0.9219 | diff=0.6271 | kd=0.2093 | recon=0.2739 | t=76s
  Ep 089 | step 0400/467 | loss=0.9278 | diff=0.6257 | kd=0.2437 | recon=0.2777 | t=87s
  Ep 089 | step 0450/467 | loss=0.9689 | diff=0.6258 | kd=0.2441 | recon=0.3187 | t=97s

  ── Epoch 089/200 (136s) ──────────────────────
  Train  loss=0.9431  diff=0.6269  kd=0.2366  recon=0.2926
  Val    loss=0.9421  RMSE=0.7335  MAE=0.5945  lr=5.90e-05

  Ep 090 | step 0000/467 | loss=0.9613 | diff=0.6242 | kd=0.2095 | recon=0.3162 | t=1s
  Ep 090 | step 0050/467 | loss=0.9267 | diff=0.6249 | kd=0.2286 | recon=0.2790 | t=12s
  Ep 090 | step 0100/467 | loss=0.9433 | diff=0.6240 | kd=0.2026 | recon=0.2990 | t=22s
  Ep 090 | step 0150/467 | loss=0.9395 | diff=0.6292 | kd=0.2364 | recon=0.2867 | t=33s
  Ep 090 | step 0200/467 | loss=0.9862 | diff=0.6359 | kd=0.2030 | recon=0.3300 | t=44s
  Ep 090 | step 0250/467 | loss=0.9377 | diff=0.6237 | kd=0.2045 | recon=0.2935 | t=54s
  Ep 090 | step 0300/467 | loss=0.9665 | diff=0.6231 | kd=0.2279 | recon=0.3206 | t=65s
  Ep 090 | step 0350/467 | loss=0.9615 | diff=0.6296 | kd=0.2562 | recon=0.3063 | t=76s
  Ep 090 | step 0400/467 | loss=0.9222 | diff=0.6237 | kd=0.2237 | recon=0.2761 | t=86s
  Ep 090 | step 0450/467 | loss=0.9403 | diff=0.6226 | kd=0.2472 | recon=0.2929 | t=97s

  ── Epoch 090/200 (136s) ──────────────────────
  Train  loss=0.9428  diff=0.6265  kd=0.2364  recon=0.2926
  Val    loss=0.9415  RMSE=0.7293  MAE=0.5904  lr=5.82e-05
  [EP90] Checkpoint saved → checkpoints/epoch_090.pth

  Ep 091 | step 0000/467 | loss=0.9346 | diff=0.6238 | kd=0.2395 | recon=0.2868 | t=1s
  Ep 091 | step 0050/467 | loss=0.9271 | diff=0.6287 | kd=0.2006 | recon=0.2784 | t=11s
  Ep 091 | step 0100/467 | loss=0.9527 | diff=0.6250 | kd=0.2517 | recon=0.3026 | t=22s
  Ep 091 | step 0150/467 | loss=0.9616 | diff=0.6252 | kd=0.2560 | recon=0.3108 | t=33s
  Ep 091 | step 0200/467 | loss=0.9752 | diff=0.6234 | kd=0.2586 | recon=0.3260 | t=44s
  Ep 091 | step 0250/467 | loss=0.9538 | diff=0.6288 | kd=0.2741 | recon=0.2976 | t=54s
  Ep 091 | step 0300/467 | loss=0.9468 | diff=0.6261 | kd=0.2110 | recon=0.2996 | t=65s
  Ep 091 | step 0350/467 | loss=0.9060 | diff=0.6277 | kd=0.1875 | recon=0.2595 | t=76s
  Ep 091 | step 0400/467 | loss=0.9588 | diff=0.6303 | kd=0.2392 | recon=0.3046 | t=87s
  Ep 091 | step 0450/467 | loss=0.9169 | diff=0.6241 | kd=0.2355 | recon=0.2693 | t=97s

  ── Epoch 091/200 (136s) ──────────────────────
  Train  loss=0.9435  diff=0.6274  kd=0.2362  recon=0.2925
  Val    loss=0.9425  RMSE=0.7253  MAE=0.5939  lr=5.75e-05

  Ep 092 | step 0000/467 | loss=0.9238 | diff=0.6239 | kd=0.2113 | recon=0.2788 | t=1s
  Ep 092 | step 0050/467 | loss=0.9503 | diff=0.6244 | kd=0.2422 | recon=0.3017 | t=11s
  Ep 092 | step 0100/467 | loss=0.9043 | diff=0.6243 | kd=0.2039 | recon=0.2596 | t=22s
  Ep 092 | step 0150/467 | loss=0.9367 | diff=0.6244 | kd=0.1962 | recon=0.2927 | t=33s
  Ep 092 | step 0200/467 | loss=0.9077 | diff=0.6304 | kd=0.2303 | recon=0.2543 | t=44s
  Ep 092 | step 0250/467 | loss=0.9582 | diff=0.6311 | kd=0.2670 | recon=0.3004 | t=54s
  Ep 092 | step 0300/467 | loss=0.9377 | diff=0.6228 | kd=0.1858 | recon=0.2962 | t=65s
  Ep 092 | step 0350/467 | loss=0.9070 | diff=0.6243 | kd=0.2258 | recon=0.2601 | t=76s
  Ep 092 | step 0400/467 | loss=0.9221 | diff=0.6237 | kd=0.1806 | recon=0.2804 | t=86s
  Ep 092 | step 0450/467 | loss=0.9190 | diff=0.6269 | kd=0.3337 | recon=0.2587 | t=97s

  ── Epoch 092/200 (136s) ──────────────────────
  Train  loss=0.9422  diff=0.6264  kd=0.2359  recon=0.2922
  Val    loss=0.9412  RMSE=0.7318  MAE=0.5952  lr=5.67e-05
  [BEST] Checkpoint saved → checkpoints/best_model.pth

  Ep 093 | step 0000/467 | loss=0.9556 | diff=0.6283 | kd=0.2363 | recon=0.3037 | t=1s
  Ep 093 | step 0050/467 | loss=0.9434 | diff=0.6261 | kd=0.2750 | recon=0.2899 | t=11s
  Ep 093 | step 0100/467 | loss=0.9835 | diff=0.6289 | kd=0.2388 | recon=0.3308 | t=22s
  Ep 093 | step 0150/467 | loss=0.9403 | diff=0.6225 | kd=0.2324 | recon=0.2946 | t=33s
  Ep 093 | step 0200/467 | loss=0.9518 | diff=0.6224 | kd=0.2181 | recon=0.3076 | t=44s
  Ep 093 | step 0250/467 | loss=0.9474 | diff=0.6233 | kd=0.2765 | recon=0.2964 | t=55s
  Ep 093 | step 0300/467 | loss=0.9329 | diff=0.6218 | kd=0.3973 | recon=0.2714 | t=65s
  Ep 093 | step 0350/467 | loss=0.9592 | diff=0.6260 | kd=0.3754 | recon=0.2956 | t=76s
  Ep 093 | step 0400/467 | loss=0.9549 | diff=0.6250 | kd=0.3252 | recon=0.2974 | t=87s
  Ep 093 | step 0450/467 | loss=0.9124 | diff=0.6324 | kd=0.1921 | recon=0.2608 | t=98s

  ── Epoch 093/200 (136s) ──────────────────────
  Train  loss=0.9408  diff=0.6248  kd=0.2355  recon=0.2924
  Val    loss=0.9403  RMSE=0.6854  MAE=0.5521  lr=5.59e-05
  [BEST] Checkpoint saved → checkpoints/best_model.pth

  Ep 094 | step 0000/467 | loss=0.9198 | diff=0.6252 | kd=0.2430 | recon=0.2703 | t=1s
  Ep 094 | step 0050/467 | loss=0.9361 | diff=0.6241 | kd=0.2142 | recon=0.2906 | t=10s
  Ep 094 | step 0100/467 | loss=0.9392 | diff=0.6260 | kd=0.2742 | recon=0.2858 | t=20s
  Ep 094 | step 0150/467 | loss=0.9118 | diff=0.6224 | kd=0.2723 | recon=0.2622 | t=30s
  Ep 094 | step 0200/467 | loss=0.8919 | diff=0.6221 | kd=0.2200 | recon=0.2478 | t=41s
  Ep 094 | step 0250/467 | loss=0.9343 | diff=0.6234 | kd=0.1924 | recon=0.2917 | t=51s
  Ep 094 | step 0300/467 | loss=0.9623 | diff=0.6230 | kd=0.2081 | recon=0.3185 | t=61s
  Ep 094 | step 0350/467 | loss=0.9508 | diff=0.6248 | kd=0.2127 | recon=0.3047 | t=71s
  Ep 094 | step 0400/467 | loss=0.9263 | diff=0.6287 | kd=0.1984 | recon=0.2778 | t=81s
  Ep 094 | step 0450/467 | loss=0.8873 | diff=0.6205 | kd=0.2509 | recon=0.2417 | t=91s

  ── Epoch 094/200 (128s) ──────────────────────
  Train  loss=0.9400  diff=0.6246  kd=0.2350  recon=0.2919
  Val    loss=0.9389  RMSE=0.6725  MAE=0.5423  lr=5.52e-05
  [BEST] Checkpoint saved → checkpoints/best_model.pth

  Ep 095 | step 0000/467 | loss=0.9488 | diff=0.6240 | kd=0.1916 | recon=0.3057 | t=1s
  Ep 095 | step 0050/467 | loss=0.9571 | diff=0.6198 | kd=0.2052 | recon=0.3168 | t=11s
  Ep 095 | step 0100/467 | loss=0.9358 | diff=0.6213 | kd=0.2191 | recon=0.2925 | t=22s
  Ep 095 | step 0150/467 | loss=0.9507 | diff=0.6413 | kd=0.2658 | recon=0.2828 | t=33s
  Ep 095 | step 0200/467 | loss=0.9344 | diff=0.6226 | kd=0.2520 | recon=0.2866 | t=44s
  Ep 095 | step 0250/467 | loss=0.9478 | diff=0.6283 | kd=0.2256 | recon=0.2969 | t=54s
  Ep 095 | step 0300/467 | loss=0.9468 | diff=0.6204 | kd=0.1960 | recon=0.3068 | t=65s
  Ep 095 | step 0350/467 | loss=0.9483 | diff=0.6252 | kd=0.1843 | recon=0.3047 | t=76s
  Ep 095 | step 0400/467 | loss=0.9161 | diff=0.6383 | kd=0.1931 | recon=0.2585 | t=87s
  Ep 095 | step 0450/467 | loss=0.9381 | diff=0.6219 | kd=0.1830 | recon=0.2979 | t=97s

  ── Epoch 095/200 (136s) ──────────────────────
  Train  loss=0.9390  diff=0.6238  kd=0.2348  recon=0.2917
  Val    loss=0.9411  RMSE=0.6456  MAE=0.5187  lr=5.44e-05

  Ep 096 | step 0000/467 | loss=0.9424 | diff=0.6235 | kd=0.2076 | recon=0.2981 | t=1s
  Ep 096 | step 0050/467 | loss=0.9471 | diff=0.6278 | kd=0.1926 | recon=0.3000 | t=11s
  Ep 096 | step 0100/467 | loss=0.9558 | diff=0.6217 | kd=0.2769 | recon=0.3064 | t=22s
  Ep 096 | step 0150/467 | loss=0.9656 | diff=0.6354 | kd=0.2074 | recon=0.3095 | t=33s
  Ep 096 | step 0200/467 | loss=0.9399 | diff=0.6213 | kd=0.1957 | recon=0.2991 | t=44s
  Ep 096 | step 0250/467 | loss=0.9197 | diff=0.6238 | kd=0.2926 | recon=0.2667 | t=54s
  Ep 096 | step 0300/467 | loss=0.9415 | diff=0.6254 | kd=0.2331 | recon=0.2928 | t=65s
  Ep 096 | step 0350/467 | loss=0.9401 | diff=0.6242 | kd=0.2702 | recon=0.2889 | t=76s
  Ep 096 | step 0400/467 | loss=0.9580 | diff=0.6194 | kd=0.2539 | recon=0.3132 | t=86s
  Ep 096 | step 0450/467 | loss=0.9464 | diff=0.6222 | kd=0.2845 | recon=0.2957 | t=97s

  ── Epoch 096/200 (135s) ──────────────────────
  Train  loss=0.9385  diff=0.6231  kd=0.2345  recon=0.2919
  Val    loss=0.9384  RMSE=0.6894  MAE=0.5577  lr=5.36e-05
  [BEST] Checkpoint saved → checkpoints/best_model.pth

  Ep 097 | step 0000/467 | loss=0.9730 | diff=0.6304 | kd=0.2936 | recon=0.3133 | t=1s
  Ep 097 | step 0050/467 | loss=0.9481 | diff=0.6273 | kd=0.2433 | recon=0.2965 | t=11s
  Ep 097 | step 0100/467 | loss=0.9556 | diff=0.6206 | kd=0.2105 | recon=0.3139 | t=22s
  Ep 097 | step 0150/467 | loss=0.9397 | diff=0.6265 | kd=0.2676 | recon=0.2865 | t=33s
  Ep 097 | step 0200/467 | loss=0.9567 | diff=0.6225 | kd=0.1880 | recon=0.3154 | t=44s
  Ep 097 | step 0250/467 | loss=0.9752 | diff=0.6364 | kd=0.2774 | recon=0.3110 | t=54s
  Ep 097 | step 0300/467 | loss=0.9229 | diff=0.6207 | kd=0.2665 | recon=0.2755 | t=65s
  Ep 097 | step 0350/467 | loss=0.9551 | diff=0.6199 | kd=0.2123 | recon=0.3140 | t=76s
  Ep 097 | step 0400/467 | loss=0.9265 | diff=0.6191 | kd=0.2138 | recon=0.2860 | t=87s
  Ep 097 | step 0450/467 | loss=0.9017 | diff=0.6220 | kd=0.3093 | recon=0.2487 | t=97s

  ── Epoch 097/200 (136s) ──────────────────────
  Train  loss=0.9377  diff=0.6232  kd=0.2341  recon=0.2911
  Val    loss=0.9360  RMSE=0.6921  MAE=0.5572  lr=5.28e-05
  [BEST] Checkpoint saved → checkpoints/best_model.pth

  Ep 098 | step 0000/467 | loss=0.8988 | diff=0.6214 | kd=0.1950 | recon=0.2579 | t=1s
  Ep 098 | step 0050/467 | loss=0.9378 | diff=0.6228 | kd=0.2362 | recon=0.2915 | t=11s
  Ep 098 | step 0100/467 | loss=0.9434 | diff=0.6214 | kd=0.1964 | recon=0.3024 | t=22s
  Ep 098 | step 0150/467 | loss=0.9324 | diff=0.6202 | kd=0.1875 | recon=0.2934 | t=33s
  Ep 098 | step 0200/467 | loss=0.9185 | diff=0.6189 | kd=0.1857 | recon=0.2810 | t=43s
  Ep 098 | step 0250/467 | loss=0.9814 | diff=0.6202 | kd=0.2169 | recon=0.3396 | t=54s
  Ep 098 | step 0300/467 | loss=0.9145 | diff=0.6286 | kd=0.3523 | recon=0.2507 | t=65s
  Ep 098 | step 0350/467 | loss=0.9398 | diff=0.6222 | kd=0.2111 | recon=0.2965 | t=76s
  Ep 098 | step 0400/467 | loss=0.9417 | diff=0.6204 | kd=0.2174 | recon=0.2996 | t=86s
  Ep 098 | step 0450/467 | loss=0.9642 | diff=0.6194 | kd=0.2191 | recon=0.3230 | t=97s

  ── Epoch 098/200 (135s) ──────────────────────
  Train  loss=0.9373  diff=0.6228  kd=0.2345  recon=0.2911
  Val    loss=0.9372  RMSE=0.6983  MAE=0.5654  lr=5.21e-05

  Ep 099 | step 0000/467 | loss=0.9192 | diff=0.6192 | kd=0.2441 | recon=0.2755 | t=1s
  Ep 099 | step 0050/467 | loss=0.9270 | diff=0.6211 | kd=0.2134 | recon=0.2846 | t=11s
  Ep 099 | step 0100/467 | loss=0.9369 | diff=0.6213 | kd=0.2132 | recon=0.2942 | t=22s
  Ep 099 | step 0150/467 | loss=0.9427 | diff=0.6223 | kd=0.2465 | recon=0.2957 | t=33s
  Ep 099 | step 0200/467 | loss=0.9079 | diff=0.6208 | kd=0.1994 | recon=0.2672 | t=43s
  Ep 099 | step 0250/467 | loss=0.8946 | diff=0.6223 | kd=0.2799 | recon=0.2443 | t=54s
  Ep 099 | step 0300/467 | loss=0.9204 | diff=0.6201 | kd=0.2212 | recon=0.2782 | t=65s
  Ep 099 | step 0350/467 | loss=0.8847 | diff=0.6217 | kd=0.2403 | recon=0.2390 | t=76s
  Ep 099 | step 0400/467 | loss=0.9402 | diff=0.6207 | kd=0.2009 | recon=0.2994 | t=86s
  Ep 099 | step 0450/467 | loss=0.9366 | diff=0.6215 | kd=0.2583 | recon=0.2892 | t=97s

  ── Epoch 099/200 (135s) ──────────────────────
  Train  loss=0.9375  diff=0.6229  kd=0.2339  recon=0.2912
  Val    loss=0.9355  RMSE=0.6265  MAE=0.4993  lr=5.13e-05
  [BEST] Checkpoint saved → checkpoints/best_model.pth

  Ep 100 | step 0000/467 | loss=0.9267 | diff=0.6236 | kd=0.2305 | recon=0.2801 | t=1s
  Ep 100 | step 0050/467 | loss=0.9236 | diff=0.6229 | kd=0.1975 | recon=0.2809 | t=11s
  Ep 100 | step 0100/467 | loss=0.9145 | diff=0.6190 | kd=0.2576 | recon=0.2697 | t=22s
  Ep 100 | step 0150/467 | loss=0.9167 | diff=0.6212 | kd=0.2123 | recon=0.2743 | t=33s
  Ep 100 | step 0200/467 | loss=0.9504 | diff=0.6239 | kd=0.2298 | recon=0.3036 | t=44s
  Ep 100 | step 0250/467 | loss=0.8922 | diff=0.6188 | kd=0.2873 | recon=0.2446 | t=54s
  Ep 100 | step 0300/467 | loss=0.9263 | diff=0.6200 | kd=0.2602 | recon=0.2803 | t=65s
  Ep 100 | step 0350/467 | loss=0.9638 | diff=0.6212 | kd=0.2271 | recon=0.3199 | t=76s
  Ep 100 | step 0400/467 | loss=0.9241 | diff=0.6217 | kd=0.2204 | recon=0.2804 | t=87s
  Ep 100 | step 0450/467 | loss=0.9041 | diff=0.6211 | kd=0.2276 | recon=0.2602 | t=97s

  ── Epoch 100/200 (136s) ──────────────────────
  Train  loss=0.9370  diff=0.6227  kd=0.2334  recon=0.2910
  Val    loss=0.9362  RMSE=0.7099  MAE=0.5791  lr=5.05e-05
  [EP100] Checkpoint saved → checkpoints/epoch_100.pth

  Ep 101 | step 0000/467 | loss=0.9579 | diff=0.6214 | kd=0.2899 | recon=0.3075 | t=1s
  Ep 101 | step 0050/467 | loss=0.9506 | diff=0.6264 | kd=0.2182 | recon=0.3025 | t=11s
  Ep 101 | step 0100/467 | loss=0.9365 | diff=0.6209 | kd=0.2379 | recon=0.2918 | t=22s
  Ep 101 | step 0150/467 | loss=0.9067 | diff=0.6196 | kd=0.2370 | recon=0.2634 | t=33s
  Ep 101 | step 0200/467 | loss=0.9446 | diff=0.6192 | kd=0.2260 | recon=0.3029 | t=43s
  Ep 101 | step 0250/467 | loss=0.9539 | diff=0.6263 | kd=0.2697 | recon=0.3006 | t=54s
  Ep 101 | step 0300/467 | loss=0.9293 | diff=0.6214 | kd=0.2790 | recon=0.2801 | t=65s
  Ep 101 | step 0350/467 | loss=0.8965 | diff=0.6208 | kd=0.1948 | recon=0.2562 | t=75s
  Ep 101 | step 0400/467 | loss=0.9405 | diff=0.6214 | kd=0.2227 | recon=0.2969 | t=86s
  Ep 101 | step 0450/467 | loss=0.9390 | diff=0.6199 | kd=0.2540 | recon=0.2937 | t=97s

  ── Epoch 101/200 (135s) ──────────────────────
  Train  loss=0.9366  diff=0.6227  kd=0.2336  recon=0.2905
  Val    loss=0.9354  RMSE=0.7493  MAE=0.6153  lr=4.97e-05
  [BEST] Checkpoint saved → checkpoints/best_model.pth

  Ep 102 | step 0000/467 | loss=0.9316 | diff=0.6214 | kd=0.2344 | recon=0.2868 | t=1s
  Ep 102 | step 0050/467 | loss=0.9257 | diff=0.6233 | kd=0.2351 | recon=0.2789 | t=11s
  Ep 102 | step 0100/467 | loss=0.9279 | diff=0.6214 | kd=0.1915 | recon=0.2874 | t=22s
  Ep 102 | step 0150/467 | loss=0.9464 | diff=0.6183 | kd=0.2359 | recon=0.3046 | t=33s
  Ep 102 | step 0200/467 | loss=0.9424 | diff=0.6247 | kd=0.2607 | recon=0.2916 | t=44s
  Ep 102 | step 0250/467 | loss=0.9561 | diff=0.6216 | kd=0.2039 | recon=0.3140 | t=54s
  Ep 102 | step 0300/467 | loss=0.9519 | diff=0.6343 | kd=0.2248 | recon=0.2952 | t=65s
  Ep 102 | step 0350/467 | loss=0.9428 | diff=0.6209 | kd=0.2580 | recon=0.2962 | t=76s
  Ep 102 | step 0400/467 | loss=0.9175 | diff=0.6193 | kd=0.2309 | recon=0.2751 | t=87s
  Ep 102 | step 0450/467 | loss=0.9156 | diff=0.6244 | kd=0.2171 | recon=0.2695 | t=97s

  ── Epoch 102/200 (136s) ──────────────────────
  Train  loss=0.9359  diff=0.6223  kd=0.2331  recon=0.2903
  Val    loss=0.9355  RMSE=0.6567  MAE=0.5288  lr=4.89e-05

  Ep 103 | step 0000/467 | loss=0.9348 | diff=0.6199 | kd=0.2144 | recon=0.2934 | t=1s
  Ep 103 | step 0050/467 | loss=0.9154 | diff=0.6193 | kd=0.2230 | recon=0.2739 | t=11s
  Ep 103 | step 0100/467 | loss=0.9193 | diff=0.6201 | kd=0.2306 | recon=0.2762 | t=22s
  Ep 103 | step 0150/467 | loss=0.9135 | diff=0.6214 | kd=0.2134 | recon=0.2708 | t=33s
  Ep 103 | step 0200/467 | loss=0.9298 | diff=0.6278 | kd=0.2751 | recon=0.2745 | t=43s
  Ep 103 | step 0250/467 | loss=0.9547 | diff=0.6210 | kd=0.2366 | recon=0.3101 | t=54s
  Ep 103 | step 0300/467 | loss=0.9704 | diff=0.6304 | kd=0.2579 | recon=0.3142 | t=65s
  Ep 103 | step 0350/467 | loss=0.9554 | diff=0.6190 | kd=0.2388 | recon=0.3125 | t=76s
  Ep 103 | step 0400/467 | loss=0.9501 | diff=0.6225 | kd=0.2203 | recon=0.3056 | t=86s
  Ep 103 | step 0450/467 | loss=0.9530 | diff=0.6375 | kd=0.2292 | recon=0.2925 | t=97s

  ── Epoch 103/200 (136s) ──────────────────────
  Train  loss=0.9358  diff=0.6224  kd=0.2329  recon=0.2901
  Val    loss=0.9365  RMSE=0.6464  MAE=0.5188  lr=4.82e-05

  Ep 104 | step 0000/467 | loss=0.9200 | diff=0.6216 | kd=0.3513 | recon=0.2632 | t=1s
  Ep 104 | step 0050/467 | loss=0.9216 | diff=0.6198 | kd=0.2241 | recon=0.2793 | t=11s
  Ep 104 | step 0100/467 | loss=0.9523 | diff=0.6270 | kd=0.2033 | recon=0.3050 | t=22s
  Ep 104 | step 0150/467 | loss=0.9212 | diff=0.6221 | kd=0.2099 | recon=0.2781 | t=33s
  Ep 104 | step 0200/467 | loss=0.9549 | diff=0.6211 | kd=0.2278 | recon=0.3110 | t=44s
  Ep 104 | step 0250/467 | loss=0.9650 | diff=0.6183 | kd=0.2278 | recon=0.3240 | t=55s
  Ep 104 | step 0300/467 | loss=0.9074 | diff=0.6211 | kd=0.2989 | recon=0.2564 | t=66s
  Ep 104 | step 0350/467 | loss=0.9273 | diff=0.6190 | kd=0.2446 | recon=0.2839 | t=76s
  Ep 104 | step 0400/467 | loss=0.9422 | diff=0.6277 | kd=0.2232 | recon=0.2921 | t=87s
  Ep 104 | step 0450/467 | loss=0.9370 | diff=0.6195 | kd=0.2059 | recon=0.2969 | t=98s

  ── Epoch 104/200 (136s) ──────────────────────
  Train  loss=0.9355  diff=0.6224  kd=0.2328  recon=0.2899
  Val    loss=0.9340  RMSE=0.6960  MAE=0.5652  lr=4.74e-05
  [BEST] Checkpoint saved → checkpoints/best_model.pth

  Ep 105 | step 0000/467 | loss=0.9563 | diff=0.6212 | kd=0.2095 | recon=0.3142 | t=1s
  Ep 105 | step 0050/467 | loss=0.9391 | diff=0.6207 | kd=0.2248 | recon=0.2959 | t=11s
  Ep 105 | step 0100/467 | loss=0.9259 | diff=0.6236 | kd=0.2303 | recon=0.2793 | t=22s
  Ep 105 | step 0150/467 | loss=0.9027 | diff=0.6209 | kd=0.2543 | recon=0.2564 | t=33s
  Ep 105 | step 0200/467 | loss=0.9376 | diff=0.6238 | kd=0.2051 | recon=0.2932 | t=44s
  Ep 105 | step 0250/467 | loss=0.9689 | diff=0.6214 | kd=0.2775 | recon=0.3197 | t=54s
  Ep 105 | step 0300/467 | loss=0.9415 | diff=0.6212 | kd=0.2283 | recon=0.2975 | t=65s
  Ep 105 | step 0350/467 | loss=0.9151 | diff=0.6197 | kd=0.2955 | recon=0.2659 | t=76s
  Ep 105 | step 0400/467 | loss=0.9291 | diff=0.6268 | kd=0.2425 | recon=0.2780 | t=86s
  Ep 105 | step 0450/467 | loss=0.9235 | diff=0.6180 | kd=0.2183 | recon=0.2837 | t=97s

  ── Epoch 105/200 (135s) ──────────────────────
  Train  loss=0.9355  diff=0.6224  kd=0.2325  recon=0.2899
  Val    loss=0.9364  RMSE=0.6685  MAE=0.5411  lr=4.66e-05

  Ep 106 | step 0000/467 | loss=0.9446 | diff=0.6240 | kd=0.3283 | recon=0.2878 | t=1s
  Ep 106 | step 0050/467 | loss=0.9460 | diff=0.6199 | kd=0.3889 | recon=0.2872 | t=11s
  Ep 106 | step 0100/467 | loss=0.9539 | diff=0.6396 | kd=0.2013 | recon=0.2941 | t=22s
  Ep 106 | step 0150/467 | loss=0.9531 | diff=0.6235 | kd=0.1878 | recon=0.3108 | t=33s
  Ep 106 | step 0200/467 | loss=0.9420 | diff=0.6185 | kd=0.1915 | recon=0.3043 | t=43s
  Ep 106 | step 0250/467 | loss=0.9137 | diff=0.6235 | kd=0.1914 | recon=0.2711 | t=54s
  Ep 106 | step 0300/467 | loss=0.9186 | diff=0.6213 | kd=0.2123 | recon=0.2761 | t=65s
  Ep 106 | step 0350/467 | loss=0.9388 | diff=0.6190 | kd=0.2290 | recon=0.2969 | t=76s
  Ep 106 | step 0400/467 | loss=0.9121 | diff=0.6199 | kd=0.2467 | recon=0.2675 | t=87s
  Ep 106 | step 0450/467 | loss=0.9781 | diff=0.6301 | kd=0.1881 | recon=0.3292 | t=96s

  ── Epoch 106/200 (133s) ──────────────────────
  Train  loss=0.9349  diff=0.6221  kd=0.2326  recon=0.2895
  Val    loss=0.9343  RMSE=0.7132  MAE=0.5805  lr=4.58e-05

  Ep 107 | step 0000/467 | loss=0.9236 | diff=0.6190 | kd=0.2083 | recon=0.2838 | t=1s
  Ep 107 | step 0050/467 | loss=0.9268 | diff=0.6321 | kd=0.2357 | recon=0.2711 | t=11s
  Ep 107 | step 0100/467 | loss=0.9436 | diff=0.6220 | kd=0.2224 | recon=0.2994 | t=21s
  Ep 107 | step 0150/467 | loss=0.9726 | diff=0.6217 | kd=0.2542 | recon=0.3254 | t=31s
  Ep 107 | step 0200/467 | loss=0.9076 | diff=0.6184 | kd=0.2183 | recon=0.2674 | t=42s
  Ep 107 | step 0250/467 | loss=0.9440 | diff=0.6226 | kd=0.2510 | recon=0.2963 | t=52s
  Ep 107 | step 0300/467 | loss=0.9473 | diff=0.6188 | kd=0.1739 | recon=0.3112 | t=62s
  Ep 107 | step 0350/467 | loss=0.9482 | diff=0.6207 | kd=0.2236 | recon=0.3051 | t=72s
  Ep 107 | step 0400/467 | loss=0.9764 | diff=0.6353 | kd=0.2395 | recon=0.3171 | t=82s
  Ep 107 | step 0450/467 | loss=0.9347 | diff=0.6259 | kd=0.2868 | recon=0.2801 | t=93s

  ── Epoch 107/200 (131s) ──────────────────────
  Train  loss=0.9349  diff=0.6223  kd=0.2319  recon=0.2894
  Val    loss=0.9344  RMSE=0.6892  MAE=0.5605  lr=4.51e-05

  Ep 108 | step 0000/467 | loss=0.9344 | diff=0.6186 | kd=0.1897 | recon=0.2969 | t=1s
  Ep 108 | step 0050/467 | loss=0.9052 | diff=0.6261 | kd=0.2584 | recon=0.2533 | t=11s
  Ep 108 | step 0100/467 | loss=0.9520 | diff=0.6215 | kd=0.1905 | recon=0.3115 | t=22s
  Ep 108 | step 0150/467 | loss=0.8963 | diff=0.6186 | kd=0.1973 | recon=0.2580 | t=32s
  Ep 108 | step 0200/467 | loss=0.9123 | diff=0.6183 | kd=0.2068 | recon=0.2733 | t=42s
  Ep 108 | step 0250/467 | loss=0.9825 | diff=0.6201 | kd=0.2310 | recon=0.3393 | t=53s
  Ep 108 | step 0300/467 | loss=0.9587 | diff=0.6255 | kd=0.1963 | recon=0.3135 | t=63s
  Ep 108 | step 0350/467 | loss=0.8939 | diff=0.6225 | kd=0.3431 | recon=0.2371 | t=74s
  Ep 108 | step 0400/467 | loss=0.9326 | diff=0.6192 | kd=0.2184 | recon=0.2916 | t=84s
  Ep 108 | step 0450/467 | loss=0.9654 | diff=0.6205 | kd=0.2566 | recon=0.3192 | t=95s

  ── Epoch 108/200 (132s) ──────────────────────
  Train  loss=0.9342  diff=0.6218  kd=0.2319  recon=0.2892
  Val    loss=0.9329  RMSE=0.6528  MAE=0.5264  lr=4.43e-05
  [BEST] Checkpoint saved → checkpoints/best_model.pth

  Ep 109 | step 0000/467 | loss=0.9463 | diff=0.6193 | kd=0.2921 | recon=0.2977 | t=1s
  Ep 109 | step 0050/467 | loss=0.9100 | diff=0.6202 | kd=0.2419 | recon=0.2657 | t=11s
  Ep 109 | step 0100/467 | loss=0.8891 | diff=0.6178 | kd=0.3024 | recon=0.2411 | t=22s
  Ep 109 | step 0150/467 | loss=0.9121 | diff=0.6201 | kd=0.2128 | recon=0.2708 | t=32s
  Ep 109 | step 0200/467 | loss=0.9097 | diff=0.6197 | kd=0.1987 | recon=0.2701 | t=43s
  Ep 109 | step 0250/467 | loss=0.8974 | diff=0.6371 | kd=0.1900 | recon=0.2413 | t=53s
  Ep 109 | step 0300/467 | loss=0.9590 | diff=0.6236 | kd=0.2258 | recon=0.3128 | t=64s
  Ep 109 | step 0350/467 | loss=0.9017 | diff=0.6183 | kd=0.2241 | recon=0.2611 | t=74s
  Ep 109 | step 0400/467 | loss=0.9216 | diff=0.6208 | kd=0.2619 | recon=0.2746 | t=85s
  Ep 109 | step 0450/467 | loss=0.9349 | diff=0.6329 | kd=0.1984 | recon=0.2822 | t=95s

  ── Epoch 109/200 (133s) ──────────────────────
  Train  loss=0.9336  diff=0.6217  kd=0.2319  recon=0.2887
  Val    loss=0.9336  RMSE=0.6258  MAE=0.5015  lr=4.35e-05

  Ep 110 | step 0000/467 | loss=0.9682 | diff=0.6255 | kd=0.2170 | recon=0.3210 | t=1s
  Ep 110 | step 0050/467 | loss=0.9609 | diff=0.6178 | kd=0.2283 | recon=0.3203 | t=11s
  Ep 110 | step 0100/467 | loss=0.9261 | diff=0.6191 | kd=0.2410 | recon=0.2829 | t=22s
  Ep 110 | step 0150/467 | loss=0.9160 | diff=0.6180 | kd=0.2085 | recon=0.2771 | t=32s
  Ep 110 | step 0200/467 | loss=0.9643 | diff=0.6231 | kd=0.2014 | recon=0.3211 | t=43s
  Ep 110 | step 0250/467 | loss=0.9453 | diff=0.6181 | kd=0.2127 | recon=0.3059 | t=53s
  Ep 110 | step 0300/467 | loss=0.9203 | diff=0.6196 | kd=0.1963 | recon=0.2810 | t=64s
  Ep 110 | step 0350/467 | loss=0.9379 | diff=0.6231 | kd=0.2209 | recon=0.2927 | t=74s
  Ep 110 | step 0400/467 | loss=0.9242 | diff=0.6232 | kd=0.2360 | recon=0.2774 | t=85s
  Ep 110 | step 0450/467 | loss=0.9412 | diff=0.6201 | kd=0.2657 | recon=0.2945 | t=95s

  ── Epoch 110/200 (133s) ──────────────────────
  Train  loss=0.9336  diff=0.6218  kd=0.2315  recon=0.2886
  Val    loss=0.9332  RMSE=0.6580  MAE=0.5285  lr=4.28e-05
  [EP110] Checkpoint saved → checkpoints/epoch_110.pth

  Ep 111 | step 0000/467 | loss=0.9450 | diff=0.6229 | kd=0.2414 | recon=0.2979 | t=1s
  Ep 111 | step 0050/467 | loss=0.9406 | diff=0.6220 | kd=0.3102 | recon=0.2876 | t=11s
  Ep 111 | step 0100/467 | loss=0.9290 | diff=0.6200 | kd=0.2098 | recon=0.2880 | t=22s
  Ep 111 | step 0150/467 | loss=0.9173 | diff=0.6193 | kd=0.2886 | recon=0.2691 | t=32s
  Ep 111 | step 0200/467 | loss=0.9245 | diff=0.6224 | kd=0.2250 | recon=0.2796 | t=42s
  Ep 111 | step 0250/467 | loss=0.9453 | diff=0.6212 | kd=0.2218 | recon=0.3020 | t=53s
  Ep 111 | step 0300/467 | loss=0.9674 | diff=0.6222 | kd=0.2203 | recon=0.3232 | t=63s
  Ep 111 | step 0350/467 | loss=0.9461 | diff=0.6244 | kd=0.2114 | recon=0.3006 | t=74s
  Ep 111 | step 0400/467 | loss=0.9641 | diff=0.6180 | kd=0.2497 | recon=0.3212 | t=85s
  Ep 111 | step 0450/467 | loss=0.9527 | diff=0.6184 | kd=0.2030 | recon=0.3140 | t=96s

  ── Epoch 111/200 (134s) ──────────────────────
  Train  loss=0.9331  diff=0.6215  kd=0.2312  recon=0.2885
  Val    loss=0.9311  RMSE=0.6730  MAE=0.5430  lr=4.20e-05
  [BEST] Checkpoint saved → checkpoints/best_model.pth

  Ep 112 | step 0000/467 | loss=0.9274 | diff=0.6192 | kd=0.2105 | recon=0.2871 | t=1s
  Ep 112 | step 0050/467 | loss=0.9141 | diff=0.6187 | kd=0.3040 | recon=0.2650 | t=11s
  Ep 112 | step 0100/467 | loss=0.9506 | diff=0.6220 | kd=0.1965 | recon=0.3090 | t=22s
  Ep 112 | step 0150/467 | loss=0.9357 | diff=0.6227 | kd=0.1988 | recon=0.2931 | t=32s
  Ep 112 | step 0200/467 | loss=0.9031 | diff=0.6172 | kd=0.2099 | recon=0.2649 | t=43s
  Ep 112 | step 0250/467 | loss=0.9324 | diff=0.6217 | kd=0.2850 | recon=0.2822 | t=53s
  Ep 112 | step 0300/467 | loss=0.9354 | diff=0.6352 | kd=0.2040 | recon=0.2798 | t=64s
  Ep 112 | step 0350/467 | loss=0.9136 | diff=0.6209 | kd=0.2798 | recon=0.2647 | t=74s
  Ep 112 | step 0400/467 | loss=0.9349 | diff=0.6182 | kd=0.2892 | recon=0.2878 | t=85s
  Ep 112 | step 0450/467 | loss=0.9001 | diff=0.6270 | kd=0.2358 | recon=0.2495 | t=96s

  ── Epoch 112/200 (134s) ──────────────────────
  Train  loss=0.9327  diff=0.6216  kd=0.2313  recon=0.2880
  Val    loss=0.9307  RMSE=0.6449  MAE=0.5137  lr=4.12e-05
  [BEST] Checkpoint saved → checkpoints/best_model.pth

  Ep 113 | step 0000/467 | loss=0.9307 | diff=0.6393 | kd=0.2460 | recon=0.2667 | t=1s
  Ep 113 | step 0050/467 | loss=0.9481 | diff=0.6179 | kd=0.2419 | recon=0.3060 | t=11s
  Ep 113 | step 0100/467 | loss=0.9292 | diff=0.6222 | kd=0.1836 | recon=0.2887 | t=22s
  Ep 113 | step 0150/467 | loss=0.8915 | diff=0.6229 | kd=0.2564 | recon=0.2429 | t=33s
  Ep 113 | step 0200/467 | loss=0.9416 | diff=0.6214 | kd=0.2190 | recon=0.2982 | t=44s
  Ep 113 | step 0250/467 | loss=0.9083 | diff=0.6212 | kd=0.2296 | recon=0.2641 | t=55s
  Ep 113 | step 0300/467 | loss=0.9528 | diff=0.6174 | kd=0.3078 | recon=0.3046 | t=66s
  Ep 113 | step 0350/467 | loss=0.9446 | diff=0.6184 | kd=0.2928 | recon=0.2969 | t=76s
  Ep 113 | step 0400/467 | loss=0.9211 | diff=0.6197 | kd=0.1830 | recon=0.2831 | t=87s
  Ep 113 | step 0450/467 | loss=0.9179 | diff=0.6186 | kd=0.2475 | recon=0.2746 | t=98s

  ── Epoch 113/200 (137s) ──────────────────────
  Train  loss=0.9321  diff=0.6209  kd=0.2313  recon=0.2881
  Val    loss=0.9312  RMSE=0.6625  MAE=0.5345  lr=4.05e-05

  Ep 114 | step 0000/467 | loss=0.9448 | diff=0.6186 | kd=0.2355 | recon=0.3027 | t=1s
  Ep 114 | step 0050/467 | loss=0.9393 | diff=0.6182 | kd=0.2465 | recon=0.2964 | t=14s
  Ep 114 | step 0100/467 | loss=0.9797 | diff=0.6456 | kd=0.1969 | recon=0.3144 | t=31s
  Ep 114 | step 0150/467 | loss=0.9398 | diff=0.6176 | kd=0.2139 | recon=0.3008 | t=48s
  Ep 114 | step 0200/467 | loss=0.9089 | diff=0.6195 | kd=0.2720 | recon=0.2622 | t=66s
  Ep 114 | step 0250/467 | loss=0.9802 | diff=0.6210 | kd=0.2496 | recon=0.3343 | t=83s
  Ep 114 | step 0300/467 | loss=0.8861 | diff=0.6193 | kd=0.2120 | recon=0.2456 | t=100s
  Ep 114 | step 0350/467 | loss=0.9456 | diff=0.6242 | kd=0.2015 | recon=0.3012 | t=117s
  Ep 114 | step 0400/467 | loss=0.9514 | diff=0.6215 | kd=0.2516 | recon=0.3047 | t=134s
  Ep 114 | step 0450/467 | loss=0.8970 | diff=0.6208 | kd=0.2439 | recon=0.2519 | t=151s

  ── Epoch 114/200 (213s) ──────────────────────
  Train  loss=0.9326  diff=0.6216  kd=0.2310  recon=0.2879
  Val    loss=0.9317  RMSE=0.6801  MAE=0.5501  lr=3.97e-05

  Ep 115 | step 0000/467 | loss=0.9127 | diff=0.6194 | kd=0.1976 | recon=0.2736 | t=1s
  Ep 115 | step 0050/467 | loss=0.9323 | diff=0.6198 | kd=0.2120 | recon=0.2913 | t=18s
  Ep 115 | step 0100/467 | loss=0.9483 | diff=0.6248 | kd=0.2081 | recon=0.3027 | t=35s
  Ep 115 | step 0150/467 | loss=0.9509 | diff=0.6286 | kd=0.2448 | recon=0.2978 | t=52s
  Ep 115 | step 0200/467 | loss=0.9115 | diff=0.6189 | kd=0.3016 | recon=0.2624 | t=69s
  Ep 115 | step 0250/467 | loss=0.9526 | diff=0.6379 | kd=0.3566 | recon=0.2790 | t=86s
  Ep 115 | step 0300/467 | loss=0.9293 | diff=0.6426 | kd=0.2399 | recon=0.2627 | t=103s
  Ep 115 | step 0350/467 | loss=0.9265 | diff=0.6179 | kd=0.2568 | recon=0.2829 | t=120s
  Ep 115 | step 0400/467 | loss=0.9396 | diff=0.6208 | kd=0.1979 | recon=0.2990 | t=137s
  Ep 115 | step 0450/467 | loss=0.9497 | diff=0.6177 | kd=0.1926 | recon=0.3127 | t=154s

  ── Epoch 115/200 (217s) ──────────────────────
  Train  loss=0.9316  diff=0.6214  kd=0.2308  recon=0.2872
  Val    loss=0.9295  RMSE=0.6409  MAE=0.5130  lr=3.89e-05
  [BEST] Checkpoint saved → checkpoints/best_model.pth

  Ep 116 | step 0000/467 | loss=0.9456 | diff=0.6200 | kd=0.2607 | recon=0.2995 | t=1s
  Ep 116 | step 0050/467 | loss=0.9716 | diff=0.6186 | kd=0.2150 | recon=0.3315 | t=18s
  Ep 116 | step 0100/467 | loss=0.9451 | diff=0.6208 | kd=0.2011 | recon=0.3042 | t=35s
  Ep 116 | step 0150/467 | loss=0.9002 | diff=0.6214 | kd=0.2035 | recon=0.2584 | t=52s
  Ep 116 | step 0200/467 | loss=0.9204 | diff=0.6207 | kd=0.2861 | recon=0.2710 | t=69s
  Ep 116 | step 0250/467 | loss=0.9433 | diff=0.6197 | kd=0.2644 | recon=0.2971 | t=86s
  Ep 116 | step 0300/467 | loss=0.9250 | diff=0.6189 | kd=0.2089 | recon=0.2852 | t=103s
  Ep 116 | step 0350/467 | loss=0.9138 | diff=0.6269 | kd=0.2487 | recon=0.2621 | t=120s
  Ep 116 | step 0400/467 | loss=0.9607 | diff=0.6180 | kd=0.2333 | recon=0.3193 | t=137s
  Ep 116 | step 0450/467 | loss=0.9826 | diff=0.6444 | kd=0.2299 | recon=0.3151 | t=154s

  ── Epoch 116/200 (217s) ──────────────────────
  Train  loss=0.9310  diff=0.6210  kd=0.2310  recon=0.2869
  Val    loss=0.9310  RMSE=0.6626  MAE=0.5313  lr=3.82e-05

  Ep 117 | step 0000/467 | loss=0.9338 | diff=0.6276 | kd=0.2196 | recon=0.2842 | t=1s
  Ep 117 | step 0050/467 | loss=0.9609 | diff=0.6200 | kd=0.1887 | recon=0.3220 | t=18s
  Ep 117 | step 0100/467 | loss=0.9353 | diff=0.6184 | kd=0.2398 | recon=0.2929 | t=35s
  Ep 117 | step 0150/467 | loss=0.9200 | diff=0.6201 | kd=0.2130 | recon=0.2786 | t=46s
  Ep 117 | step 0200/467 | loss=0.9023 | diff=0.6198 | kd=0.1992 | recon=0.2626 | t=58s
  Ep 117 | step 0250/467 | loss=0.9494 | diff=0.6222 | kd=0.2061 | recon=0.3066 | t=68s
  Ep 117 | step 0300/467 | loss=0.9490 | diff=0.6308 | kd=0.1959 | recon=0.2986 | t=84s
  Ep 117 | step 0350/467 | loss=0.9155 | diff=0.6200 | kd=0.2076 | recon=0.2748 | t=101s
  Ep 117 | step 0400/467 | loss=0.9208 | diff=0.6188 | kd=0.2576 | recon=0.2762 | t=119s
  Ep 117 | step 0450/467 | loss=0.9163 | diff=0.6224 | kd=0.2739 | recon=0.2665 | t=137s

  ── Epoch 117/200 (201s) ──────────────────────
  Train  loss=0.9308  diff=0.6213  kd=0.2305  recon=0.2865
  Val    loss=0.9317  RMSE=0.5985  MAE=0.4749  lr=3.74e-05

  Ep 118 | step 0000/467 | loss=0.9069 | diff=0.6293 | kd=0.2281 | recon=0.2547 | t=1s
  Ep 118 | step 0050/467 | loss=0.9337 | diff=0.6211 | kd=0.2075 | recon=0.2919 | t=18s
  Ep 118 | step 0100/467 | loss=0.9272 | diff=0.6297 | kd=0.2763 | recon=0.2699 | t=36s
  Ep 118 | step 0150/467 | loss=0.9302 | diff=0.6291 | kd=0.1947 | recon=0.2816 | t=53s
  Ep 118 | step 0200/467 | loss=0.8988 | diff=0.6177 | kd=0.2125 | recon=0.2598 | t=71s
  Ep 118 | step 0250/467 | loss=0.9617 | diff=0.6189 | kd=0.2436 | recon=0.3184 | t=89s
  Ep 118 | step 0300/467 | loss=0.9268 | diff=0.6185 | kd=0.1959 | recon=0.2888 | t=106s
  Ep 118 | step 0350/467 | loss=0.9412 | diff=0.6317 | kd=0.2166 | recon=0.2879 | t=124s
  Ep 118 | step 0400/467 | loss=0.9398 | diff=0.6195 | kd=0.2237 | recon=0.2980 | t=137s
  Ep 118 | step 0450/467 | loss=0.9453 | diff=0.6217 | kd=0.2136 | recon=0.3022 | t=148s

  ── Epoch 118/200 (200s) ──────────────────────
  Train  loss=0.9302  diff=0.6212  kd=0.2307  recon=0.2860
  Val    loss=0.9292  RMSE=0.6432  MAE=0.5156  lr=3.67e-05
  [BEST] Checkpoint saved → checkpoints/best_model.pth

  Ep 119 | step 0000/467 | loss=0.8860 | diff=0.6181 | kd=0.2224 | recon=0.2457 | t=1s
  Ep 119 | step 0050/467 | loss=0.9483 | diff=0.6222 | kd=0.2289 | recon=0.3033 | t=18s
  Ep 119 | step 0100/467 | loss=0.8949 | diff=0.6176 | kd=0.2701 | recon=0.2503 | t=36s
  Ep 119 | step 0150/467 | loss=0.9521 | diff=0.6221 | kd=0.1873 | recon=0.3113 | t=54s
  Ep 119 | step 0200/467 | loss=0.9611 | diff=0.6202 | kd=0.2256 | recon=0.3184 | t=71s
  Ep 119 | step 0250/467 | loss=0.9115 | diff=0.6173 | kd=0.3170 | recon=0.2625 | t=89s
  Ep 119 | step 0300/467 | loss=0.8987 | diff=0.6193 | kd=0.1918 | recon=0.2602 | t=106s
  Ep 119 | step 0350/467 | loss=0.9202 | diff=0.6178 | kd=0.1968 | recon=0.2827 | t=124s
  Ep 119 | step 0400/467 | loss=0.9117 | diff=0.6185 | kd=0.1957 | recon=0.2737 | t=141s
  Ep 119 | step 0450/467 | loss=0.9526 | diff=0.6296 | kd=0.1992 | recon=0.3031 | t=159s

  ── Epoch 119/200 (223s) ──────────────────────
  Train  loss=0.9295  diff=0.6207  kd=0.2310  recon=0.2857
  Val    loss=0.9288  RMSE=0.6530  MAE=0.5251  lr=3.59e-05
  [BEST] Checkpoint saved → checkpoints/best_model.pth

  Ep 120 | step 0000/467 | loss=0.9443 | diff=0.6340 | kd=0.2764 | recon=0.2827 | t=1s
  Ep 120 | step 0050/467 | loss=0.9149 | diff=0.6205 | kd=0.2135 | recon=0.2731 | t=18s
  Ep 120 | step 0100/467 | loss=0.9229 | diff=0.6194 | kd=0.2363 | recon=0.2798 | t=36s
  Ep 120 | step 0150/467 | loss=0.9283 | diff=0.6303 | kd=0.2606 | recon=0.2720 | t=53s
  Ep 120 | step 0200/467 | loss=0.9127 | diff=0.6202 | kd=0.2356 | recon=0.2690 | t=66s
  Ep 120 | step 0250/467 | loss=0.9521 | diff=0.6253 | kd=0.2202 | recon=0.3048 | t=77s
  Ep 120 | step 0300/467 | loss=0.9185 | diff=0.6401 | kd=0.3067 | recon=0.2477 | t=88s
  Ep 120 | step 0350/467 | loss=0.9299 | diff=0.6368 | kd=0.1970 | recon=0.2733 | t=99s
  Ep 120 | step 0400/467 | loss=0.9241 | diff=0.6178 | kd=0.2817 | recon=0.2781 | t=116s
  Ep 120 | step 0450/467 | loss=0.9359 | diff=0.6232 | kd=0.2127 | recon=0.2914 | t=134s

  ── Epoch 120/200 (199s) ──────────────────────
  Train  loss=0.9298  diff=0.6211  kd=0.2303  recon=0.2856
  Val    loss=0.9267  RMSE=0.6794  MAE=0.5502  lr=3.52e-05
  [BEST] Checkpoint saved → checkpoints/best_model.pth
  [EP120] Checkpoint saved → checkpoints/epoch_120.pth

  Ep 121 | step 0000/467 | loss=0.9570 | diff=0.6188 | kd=0.2222 | recon=0.3159 | t=1s
  Ep 121 | step 0050/467 | loss=0.9076 | diff=0.6195 | kd=0.2632 | recon=0.2617 | t=18s
  Ep 121 | step 0100/467 | loss=0.9233 | diff=0.6179 | kd=0.2081 | recon=0.2846 | t=30s
  Ep 121 | step 0150/467 | loss=0.9259 | diff=0.6161 | kd=0.2423 | recon=0.2856 | t=41s
  Ep 121 | step 0200/467 | loss=0.9392 | diff=0.6188 | kd=0.2281 | recon=0.2976 | t=52s
  Ep 121 | step 0250/467 | loss=0.9790 | diff=0.6187 | kd=0.1856 | recon=0.3417 | t=67s
  Ep 121 | step 0300/467 | loss=0.9276 | diff=0.6181 | kd=0.2036 | recon=0.2892 | t=85s
  Ep 121 | step 0350/467 | loss=0.9379 | diff=0.6201 | kd=0.2512 | recon=0.2927 | t=103s
  Ep 121 | step 0400/467 | loss=0.9519 | diff=0.6397 | kd=0.2581 | recon=0.2864 | t=120s
  Ep 121 | step 0450/467 | loss=0.9323 | diff=0.6247 | kd=0.2501 | recon=0.2826 | t=138s

  ── Epoch 121/200 (202s) ──────────────────────
  Train  loss=0.9291  diff=0.6209  kd=0.2303  recon=0.2852
  Val    loss=0.9298  RMSE=0.6601  MAE=0.5314  lr=3.45e-05

  Ep 122 | step 0000/467 | loss=0.9217 | diff=0.6211 | kd=0.2249 | recon=0.2781 | t=1s
  Ep 122 | step 0050/467 | loss=0.9269 | diff=0.6174 | kd=0.2211 | recon=0.2874 | t=19s
  Ep 122 | step 0100/467 | loss=0.9180 | diff=0.6175 | kd=0.2357 | recon=0.2770 | t=36s
  Ep 122 | step 0150/467 | loss=0.9323 | diff=0.6187 | kd=0.2088 | recon=0.2926 | t=54s
  Ep 122 | step 0200/467 | loss=0.9186 | diff=0.6324 | kd=0.3195 | recon=0.2542 | t=71s
  Ep 122 | step 0250/467 | loss=0.9073 | diff=0.6197 | kd=0.2217 | recon=0.2655 | t=89s
  Ep 122 | step 0300/467 | loss=0.9403 | diff=0.6173 | kd=0.2016 | recon=0.3028 | t=107s
  Ep 122 | step 0350/467 | loss=0.9508 | diff=0.6244 | kd=0.2755 | recon=0.2989 | t=124s
  Ep 122 | step 0400/467 | loss=0.8964 | diff=0.6175 | kd=0.2692 | recon=0.2520 | t=142s
  Ep 122 | step 0450/467 | loss=0.9303 | diff=0.6193 | kd=0.2039 | recon=0.2906 | t=159s

  ── Epoch 122/200 (203s) ──────────────────────
  Train  loss=0.9285  diff=0.6209  kd=0.2303  recon=0.2845
  Val    loss=0.9284  RMSE=0.6790  MAE=0.5503  lr=3.37e-05

  Ep 123 | step 0000/467 | loss=0.9325 | diff=0.6200 | kd=0.2155 | recon=0.2910 | t=1s
  Ep 123 | step 0050/467 | loss=0.9397 | diff=0.6194 | kd=0.2042 | recon=0.2999 | t=12s
  Ep 123 | step 0100/467 | loss=0.9358 | diff=0.6203 | kd=0.2033 | recon=0.2952 | t=23s
  Ep 123 | step 0150/467 | loss=0.9499 | diff=0.6194 | kd=0.2048 | recon=0.3099 | t=34s
  Ep 123 | step 0200/467 | loss=0.9439 | diff=0.6181 | kd=0.2286 | recon=0.3030 | t=45s
  Ep 123 | step 0250/467 | loss=0.9272 | diff=0.6193 | kd=0.2485 | recon=0.2831 | t=56s
  Ep 123 | step 0300/467 | loss=0.9431 | diff=0.6168 | kd=0.2341 | recon=0.3028 | t=66s
  Ep 123 | step 0350/467 | loss=0.9028 | diff=0.6190 | kd=0.2100 | recon=0.2628 | t=77s
  Ep 123 | step 0400/467 | loss=0.9356 | diff=0.6176 | kd=0.1887 | recon=0.2992 | t=88s
  Ep 123 | step 0450/467 | loss=0.9272 | diff=0.6179 | kd=0.2190 | recon=0.2874 | t=99s

  ── Epoch 123/200 (149s) ──────────────────────
  Train  loss=0.9282  diff=0.6207  kd=0.2306  recon=0.2844
  Val    loss=0.9285  RMSE=0.6639  MAE=0.5343  lr=3.30e-05

  Ep 124 | step 0000/467 | loss=0.9694 | diff=0.6189 | kd=0.3008 | recon=0.3204 | t=1s
  Ep 124 | step 0050/467 | loss=0.8999 | diff=0.6195 | kd=0.1692 | recon=0.2635 | t=18s
  Ep 124 | step 0100/467 | loss=0.9417 | diff=0.6229 | kd=0.2476 | recon=0.2941 | t=36s
  Ep 124 | step 0150/467 | loss=0.9116 | diff=0.6181 | kd=0.2935 | recon=0.2642 | t=53s
  Ep 124 | step 0200/467 | loss=0.9274 | diff=0.6208 | kd=0.1811 | recon=0.2885 | t=70s
  Ep 124 | step 0250/467 | loss=0.9110 | diff=0.6199 | kd=0.1910 | recon=0.2721 | t=87s
  Ep 124 | step 0300/467 | loss=0.9341 | diff=0.6304 | kd=0.2467 | recon=0.2790 | t=103s
  Ep 124 | step 0350/467 | loss=0.9051 | diff=0.6194 | kd=0.2425 | recon=0.2614 | t=120s
  Ep 124 | step 0400/467 | loss=0.9141 | diff=0.6228 | kd=0.2232 | recon=0.2690 | t=137s
  Ep 124 | step 0450/467 | loss=0.9075 | diff=0.6171 | kd=0.2420 | recon=0.2661 | t=154s

  ── Epoch 124/200 (215s) ──────────────────────
  Train  loss=0.9272  diff=0.6202  kd=0.2301  recon=0.2841
  Val    loss=0.9256  RMSE=0.6786  MAE=0.5463  lr=3.23e-05
  [BEST] Checkpoint saved → checkpoints/best_model.pth

  Ep 125 | step 0000/467 | loss=0.9070 | diff=0.6238 | kd=0.2131 | recon=0.2619 | t=1s
  Ep 125 | step 0050/467 | loss=0.9556 | diff=0.6377 | kd=0.2225 | recon=0.2957 | t=18s
  Ep 125 | step 0100/467 | loss=0.9338 | diff=0.6185 | kd=0.1883 | recon=0.2965 | t=34s
  Ep 125 | step 0150/467 | loss=0.9129 | diff=0.6210 | kd=0.2151 | recon=0.2704 | t=52s
  Ep 125 | step 0200/467 | loss=0.9485 | diff=0.6211 | kd=0.1779 | recon=0.3096 | t=69s
  Ep 125 | step 0250/467 | loss=0.9420 | diff=0.6184 | kd=0.2454 | recon=0.2990 | t=87s
  Ep 125 | step 0300/467 | loss=0.8924 | diff=0.6208 | kd=0.2858 | recon=0.2430 | t=105s
  Ep 125 | step 0350/467 | loss=0.9005 | diff=0.6178 | kd=0.2282 | recon=0.2599 | t=122s
  Ep 125 | step 0400/467 | loss=0.9098 | diff=0.6184 | kd=0.2777 | recon=0.2636 | t=140s
  Ep 125 | step 0450/467 | loss=0.9340 | diff=0.6180 | kd=0.2022 | recon=0.2959 | t=158s

  ── Epoch 125/200 (222s) ──────────────────────
  Train  loss=0.9273  diff=0.6207  kd=0.2298  recon=0.2836
  Val    loss=0.9254  RMSE=0.6745  MAE=0.5430  lr=3.16e-05
  [BEST] Checkpoint saved → checkpoints/best_model.pth

  Ep 126 | step 0000/467 | loss=0.9157 | diff=0.6208 | kd=0.2004 | recon=0.2749 | t=1s
  Ep 126 | step 0050/467 | loss=0.8882 | diff=0.6184 | kd=0.2531 | recon=0.2446 | t=19s
  Ep 126 | step 0100/467 | loss=0.9409 | diff=0.6264 | kd=0.2070 | recon=0.2938 | t=36s
  Ep 126 | step 0150/467 | loss=0.9246 | diff=0.6179 | kd=0.1720 | recon=0.2895 | t=54s
  Ep 126 | step 0200/467 | loss=0.9400 | diff=0.6187 | kd=0.2063 | recon=0.3007 | t=71s
  Ep 126 | step 0250/467 | loss=0.9030 | diff=0.6240 | kd=0.2880 | recon=0.2502 | t=89s
  Ep 126 | step 0300/467 | loss=0.9176 | diff=0.6183 | kd=0.1950 | recon=0.2798 | t=106s
  Ep 126 | step 0350/467 | loss=0.9089 | diff=0.6148 | kd=0.2923 | recon=0.2649 | t=124s
  Ep 126 | step 0400/467 | loss=0.9396 | diff=0.6348 | kd=0.2292 | recon=0.2819 | t=141s
  Ep 126 | step 0450/467 | loss=0.9138 | diff=0.6201 | kd=0.2149 | recon=0.2722 | t=158s

  ── Epoch 126/200 (219s) ──────────────────────
  Train  loss=0.9267  diff=0.6205  kd=0.2299  recon=0.2833
  Val    loss=0.9258  RMSE=0.7044  MAE=0.5679  lr=3.08e-05

  Ep 127 | step 0000/467 | loss=0.9132 | diff=0.6183 | kd=0.1849 | recon=0.2764 | t=1s
  Ep 127 | step 0050/467 | loss=0.9500 | diff=0.6382 | kd=0.2293 | recon=0.2888 | t=18s
  Ep 127 | step 0100/467 | loss=0.9491 | diff=0.6178 | kd=0.2142 | recon=0.3099 | t=36s
  Ep 127 | step 0150/467 | loss=0.9389 | diff=0.6177 | kd=0.3171 | recon=0.2895 | t=53s
  Ep 127 | step 0200/467 | loss=0.9339 | diff=0.6183 | kd=0.2212 | recon=0.2934 | t=71s
  Ep 127 | step 0250/467 | loss=0.9263 | diff=0.6169 | kd=0.2010 | recon=0.2893 | t=88s
  Ep 127 | step 0300/467 | loss=0.9283 | diff=0.6183 | kd=0.2441 | recon=0.2856 | t=106s
  Ep 127 | step 0350/467 | loss=0.9259 | diff=0.6200 | kd=0.2661 | recon=0.2794 | t=123s
  Ep 127 | step 0400/467 | loss=0.9216 | diff=0.6208 | kd=0.2202 | recon=0.2788 | t=141s
  Ep 127 | step 0450/467 | loss=0.9317 | diff=0.6174 | kd=0.2067 | recon=0.2937 | t=158s

  ── Epoch 127/200 (223s) ──────────────────────
  Train  loss=0.9268  diff=0.6205  kd=0.2300  recon=0.2834
  Val    loss=0.9249  RMSE=0.6956  MAE=0.5608  lr=3.01e-05
  [BEST] Checkpoint saved → checkpoints/best_model.pth

  Ep 128 | step 0000/467 | loss=0.9041 | diff=0.6167 | kd=0.3345 | recon=0.2539 | t=1s
  Ep 128 | step 0050/467 | loss=0.9259 | diff=0.6196 | kd=0.1602 | recon=0.2903 | t=18s
  Ep 128 | step 0100/467 | loss=0.9124 | diff=0.6297 | kd=0.2231 | recon=0.2605 | t=36s
  Ep 128 | step 0150/467 | loss=0.9335 | diff=0.6171 | kd=0.2128 | recon=0.2950 | t=53s
  Ep 128 | step 0200/467 | loss=0.9708 | diff=0.6197 | kd=0.2618 | recon=0.3249 | t=71s
  Ep 128 | step 0250/467 | loss=0.9287 | diff=0.6183 | kd=0.2288 | recon=0.2875 | t=88s
  Ep 128 | step 0300/467 | loss=0.8985 | diff=0.6172 | kd=0.2312 | recon=0.2582 | t=106s
  Ep 128 | step 0350/467 | loss=0.9048 | diff=0.6294 | kd=0.2437 | recon=0.2511 | t=123s
  Ep 128 | step 0400/467 | loss=0.9316 | diff=0.6161 | kd=0.2394 | recon=0.2916 | t=141s
  Ep 128 | step 0450/467 | loss=0.9245 | diff=0.6195 | kd=0.2003 | recon=0.2850 | t=159s

  ── Epoch 128/200 (223s) ──────────────────────
  Train  loss=0.9262  diff=0.6200  kd=0.2299  recon=0.2832
  Val    loss=0.9261  RMSE=0.6689  MAE=0.5363  lr=2.94e-05

  Ep 129 | step 0000/467 | loss=0.9227 | diff=0.6290 | kd=0.2209 | recon=0.2715 | t=1s
  Ep 129 | step 0050/467 | loss=0.9185 | diff=0.6165 | kd=0.2603 | recon=0.2759 | t=18s
  Ep 129 | step 0100/467 | loss=0.9306 | diff=0.6173 | kd=0.1996 | recon=0.2934 | t=36s
  Ep 129 | step 0150/467 | loss=0.8921 | diff=0.6215 | kd=0.2209 | recon=0.2485 | t=53s
  Ep 129 | step 0200/467 | loss=0.9117 | diff=0.6176 | kd=0.1915 | recon=0.2750 | t=71s
  Ep 129 | step 0250/467 | loss=0.9142 | diff=0.6188 | kd=0.1968 | recon=0.2757 | t=88s
  Ep 129 | step 0300/467 | loss=0.9365 | diff=0.6193 | kd=0.2613 | recon=0.2910 | t=106s
  Ep 129 | step 0350/467 | loss=0.9501 | diff=0.6200 | kd=0.2580 | recon=0.3043 | t=123s
  Ep 129 | step 0400/467 | loss=0.9135 | diff=0.6190 | kd=0.2537 | recon=0.2691 | t=141s
  Ep 129 | step 0450/467 | loss=0.9306 | diff=0.6183 | kd=0.1944 | recon=0.2928 | t=158s

  ── Epoch 129/200 (220s) ──────────────────────
  Train  loss=0.9259  diff=0.6201  kd=0.2297  recon=0.2828
  Val    loss=0.9243  RMSE=0.6534  MAE=0.5217  lr=2.87e-05
  [BEST] Checkpoint saved → checkpoints/best_model.pth

  Ep 130 | step 0000/467 | loss=0.9121 | diff=0.6182 | kd=0.2444 | recon=0.2695 | t=1s
  Ep 130 | step 0050/467 | loss=0.9135 | diff=0.6192 | kd=0.2461 | recon=0.2697 | t=18s
  Ep 130 | step 0100/467 | loss=0.9226 | diff=0.6170 | kd=0.2469 | recon=0.2809 | t=36s
  Ep 130 | step 0150/467 | loss=0.9526 | diff=0.6387 | kd=0.3515 | recon=0.2787 | t=53s
  Ep 130 | step 0200/467 | loss=0.9636 | diff=0.6202 | kd=0.2064 | recon=0.3228 | t=71s
  Ep 130 | step 0250/467 | loss=0.9659 | diff=0.6191 | kd=0.2124 | recon=0.3256 | t=88s
  Ep 130 | step 0300/467 | loss=0.9167 | diff=0.6222 | kd=0.2165 | recon=0.2729 | t=106s
  Ep 130 | step 0350/467 | loss=0.9151 | diff=0.6235 | kd=0.1809 | recon=0.2735 | t=123s
  Ep 130 | step 0400/467 | loss=0.8924 | diff=0.6175 | kd=0.2578 | recon=0.2491 | t=141s
  Ep 130 | step 0450/467 | loss=0.9389 | diff=0.6184 | kd=0.2664 | recon=0.2938 | t=158s

  ── Epoch 130/200 (223s) ──────────────────────
  Train  loss=0.9255  diff=0.6199  kd=0.2293  recon=0.2826
  Val    loss=0.9253  RMSE=0.6701  MAE=0.5368  lr=2.80e-05
  [EP130] Checkpoint saved → checkpoints/epoch_130.pth

  Ep 131 | step 0000/467 | loss=0.9023 | diff=0.6181 | kd=0.2232 | recon=0.2618 | t=1s
  Ep 131 | step 0050/467 | loss=0.9650 | diff=0.6182 | kd=0.2295 | recon=0.3238 | t=18s
  Ep 131 | step 0100/467 | loss=0.9506 | diff=0.6213 | kd=0.2265 | recon=0.3067 | t=36s
  Ep 131 | step 0150/467 | loss=0.9571 | diff=0.6201 | kd=0.2785 | recon=0.3091 | t=53s
  Ep 131 | step 0200/467 | loss=0.9294 | diff=0.6183 | kd=0.2566 | recon=0.2854 | t=71s
  Ep 131 | step 0250/467 | loss=0.8993 | diff=0.6176 | kd=0.2571 | recon=0.2560 | t=88s
  Ep 131 | step 0300/467 | loss=0.9169 | diff=0.6182 | kd=0.2038 | recon=0.2783 | t=106s
  Ep 131 | step 0350/467 | loss=0.9321 | diff=0.6165 | kd=0.2222 | recon=0.2935 | t=123s
  Ep 131 | step 0400/467 | loss=0.9312 | diff=0.6179 | kd=0.2641 | recon=0.2868 | t=141s
  Ep 131 | step 0450/467 | loss=0.9250 | diff=0.6163 | kd=0.2121 | recon=0.2875 | t=158s

  ── Epoch 131/200 (222s) ──────────────────────
  Train  loss=0.9255  diff=0.6198  kd=0.2294  recon=0.2827
  Val    loss=0.9230  RMSE=0.6797  MAE=0.5451  lr=2.73e-05
  [BEST] Checkpoint saved → checkpoints/best_model.pth

  Ep 132 | step 0000/467 | loss=0.9282 | diff=0.6187 | kd=0.2115 | recon=0.2883 | t=1s
  Ep 132 | step 0050/467 | loss=0.9294 | diff=0.6171 | kd=0.2125 | recon=0.2910 | t=18s
  Ep 132 | step 0100/467 | loss=0.9200 | diff=0.6177 | kd=0.2013 | recon=0.2822 | t=36s
  Ep 132 | step 0150/467 | loss=0.9068 | diff=0.6174 | kd=0.2122 | recon=0.2682 | t=53s
  Ep 132 | step 0200/467 | loss=0.9633 | diff=0.6355 | kd=0.2398 | recon=0.3038 | t=71s
  Ep 132 | step 0250/467 | loss=0.9067 | diff=0.6192 | kd=0.2358 | recon=0.2640 | t=88s
  Ep 132 | step 0300/467 | loss=0.9335 | diff=0.6197 | kd=0.2131 | recon=0.2925 | t=106s
  Ep 132 | step 0350/467 | loss=0.9071 | diff=0.6178 | kd=0.2813 | recon=0.2611 | t=124s
  Ep 132 | step 0400/467 | loss=0.8970 | diff=0.6176 | kd=0.2574 | recon=0.2536 | t=140s
  Ep 132 | step 0450/467 | loss=0.9331 | diff=0.6169 | kd=0.2076 | recon=0.2954 | t=157s

  ── Epoch 132/200 (220s) ──────────────────────
  Train  loss=0.9247  diff=0.6194  kd=0.2291  recon=0.2823
  Val    loss=0.9229  RMSE=0.6810  MAE=0.5444  lr=2.67e-05
  [BEST] Checkpoint saved → checkpoints/best_model.pth

  Ep 133 | step 0000/467 | loss=0.9215 | diff=0.6160 | kd=0.3114 | recon=0.2744 | t=1s
  Ep 133 | step 0050/467 | loss=0.9455 | diff=0.6170 | kd=0.2105 | recon=0.3075 | t=18s
  Ep 133 | step 0100/467 | loss=0.9502 | diff=0.6288 | kd=0.2127 | recon=0.3001 | t=36s
  Ep 133 | step 0150/467 | loss=0.9457 | diff=0.6169 | kd=0.1971 | recon=0.3091 | t=54s
  Ep 133 | step 0200/467 | loss=0.9418 | diff=0.6178 | kd=0.2362 | recon=0.3003 | t=71s
  Ep 133 | step 0250/467 | loss=0.9375 | diff=0.6273 | kd=0.2238 | recon=0.2878 | t=89s
  Ep 133 | step 0300/467 | loss=0.9256 | diff=0.6179 | kd=0.2048 | recon=0.2872 | t=106s
  Ep 133 | step 0350/467 | loss=0.9173 | diff=0.6193 | kd=0.1944 | recon=0.2786 | t=124s
  Ep 133 | step 0400/467 | loss=0.9468 | diff=0.6191 | kd=0.2107 | recon=0.3066 | t=141s
  Ep 133 | step 0450/467 | loss=0.9647 | diff=0.6363 | kd=0.3386 | recon=0.2945 | t=159s

  ── Epoch 133/200 (223s) ──────────────────────
  Train  loss=0.9242  diff=0.6191  kd=0.2292  recon=0.2822
  Val    loss=0.9226  RMSE=0.6630  MAE=0.5300  lr=2.60e-05
  [BEST] Checkpoint saved → checkpoints/best_model.pth

  Ep 134 | step 0000/467 | loss=0.9209 | diff=0.6179 | kd=0.2112 | recon=0.2819 | t=1s
  Ep 134 | step 0050/467 | loss=0.9590 | diff=0.6158 | kd=0.2892 | recon=0.3142 | t=18s
  Ep 134 | step 0100/467 | loss=0.9579 | diff=0.6184 | kd=0.2555 | recon=0.3139 | t=36s
  Ep 134 | step 0150/467 | loss=0.9669 | diff=0.6219 | kd=0.2220 | recon=0.3229 | t=53s
  Ep 134 | step 0200/467 | loss=0.8969 | diff=0.6167 | kd=0.2066 | recon=0.2596 | t=71s
  Ep 134 | step 0250/467 | loss=0.9081 | diff=0.6163 | kd=0.2743 | recon=0.2644 | t=88s
  Ep 134 | step 0300/467 | loss=0.8827 | diff=0.6190 | kd=0.2402 | recon=0.2396 | t=106s
  Ep 134 | step 0350/467 | loss=0.9179 | diff=0.6186 | kd=0.1896 | recon=0.2803 | t=123s
  Ep 134 | step 0400/467 | loss=0.9249 | diff=0.6253 | kd=0.2353 | recon=0.2761 | t=141s
  Ep 134 | step 0450/467 | loss=0.9217 | diff=0.6162 | kd=0.2233 | recon=0.2832 | t=158s

  ── Epoch 134/200 (223s) ──────────────────────
  Train  loss=0.9241  diff=0.6189  kd=0.2291  recon=0.2822
  Val    loss=0.9251  RMSE=0.7044  MAE=0.5693  lr=2.53e-05

  Ep 135 | step 0000/467 | loss=0.9516 | diff=0.6162 | kd=0.2136 | recon=0.3141 | t=1s
  Ep 135 | step 0050/467 | loss=0.9419 | diff=0.6177 | kd=0.2069 | recon=0.3035 | t=18s
  Ep 135 | step 0100/467 | loss=0.9100 | diff=0.6177 | kd=0.2604 | recon=0.2663 | t=36s
  Ep 135 | step 0150/467 | loss=0.9252 | diff=0.6246 | kd=0.1923 | recon=0.2814 | t=53s
  Ep 135 | step 0200/467 | loss=0.9092 | diff=0.6189 | kd=0.1900 | recon=0.2713 | t=71s
  Ep 135 | step 0250/467 | loss=0.9319 | diff=0.6158 | kd=0.2715 | recon=0.2890 | t=88s
  Ep 135 | step 0300/467 | loss=0.9349 | diff=0.6230 | kd=0.2238 | recon=0.2895 | t=106s
  Ep 135 | step 0350/467 | loss=0.9350 | diff=0.6180 | kd=0.2302 | recon=0.2940 | t=123s
  Ep 135 | step 0400/467 | loss=0.9213 | diff=0.6169 | kd=0.2022 | recon=0.2842 | t=140s
  Ep 135 | step 0450/467 | loss=0.9219 | diff=0.6180 | kd=0.1714 | recon=0.2868 | t=156s

  ── Epoch 135/200 (220s) ──────────────────────
  Train  loss=0.9240  diff=0.6191  kd=0.2288  recon=0.2821
  Val    loss=0.9222  RMSE=0.6865  MAE=0.5539  lr=2.46e-05
  [BEST] Checkpoint saved → checkpoints/best_model.pth

  Ep 136 | step 0000/467 | loss=0.8873 | diff=0.6177 | kd=0.2561 | recon=0.2440 | t=1s
  Ep 136 | step 0050/467 | loss=0.9040 | diff=0.6208 | kd=0.2270 | recon=0.2605 | t=18s
  Ep 136 | step 0100/467 | loss=0.9173 | diff=0.6207 | kd=0.2358 | recon=0.2731 | t=35s
  Ep 136 | step 0150/467 | loss=0.8904 | diff=0.6165 | kd=0.2304 | recon=0.2508 | t=52s
  Ep 136 | step 0200/467 | loss=0.9274 | diff=0.6146 | kd=0.1884 | recon=0.2940 | t=69s
  Ep 136 | step 0250/467 | loss=0.9345 | diff=0.6174 | kd=0.2259 | recon=0.2945 | t=85s
  Ep 136 | step 0300/467 | loss=0.9202 | diff=0.6171 | kd=0.2182 | recon=0.2814 | t=102s
  Ep 136 | step 0350/467 | loss=0.9439 | diff=0.6221 | kd=0.2509 | recon=0.2966 | t=119s
  Ep 136 | step 0400/467 | loss=0.9319 | diff=0.6150 | kd=0.2953 | recon=0.2874 | t=136s
  Ep 136 | step 0450/467 | loss=0.9330 | diff=0.6253 | kd=0.2701 | recon=0.2807 | t=153s

  ── Epoch 136/200 (214s) ──────────────────────
  Train  loss=0.9225  diff=0.6178  kd=0.2291  recon=0.2818
  Val    loss=0.9209  RMSE=0.6960  MAE=0.5587  lr=2.40e-05
  [BEST] Checkpoint saved → checkpoints/best_model.pth

  Ep 137 | step 0000/467 | loss=0.9373 | diff=0.6165 | kd=0.2162 | recon=0.2991 | t=1s
  Ep 137 | step 0050/467 | loss=0.9219 | diff=0.6157 | kd=0.2001 | recon=0.2862 | t=18s
  Ep 137 | step 0100/467 | loss=0.8896 | diff=0.6168 | kd=0.2561 | recon=0.2471 | t=35s
  Ep 137 | step 0150/467 | loss=0.9202 | diff=0.6184 | kd=0.2416 | recon=0.2776 | t=52s
  Ep 137 | step 0200/467 | loss=0.9438 | diff=0.6170 | kd=0.2537 | recon=0.3014 | t=70s
  Ep 137 | step 0250/467 | loss=0.9473 | diff=0.6171 | kd=0.2595 | recon=0.3043 | t=87s
  Ep 137 | step 0300/467 | loss=0.9350 | diff=0.6275 | kd=0.2817 | recon=0.2793 | t=105s
  Ep 137 | step 0350/467 | loss=0.8826 | diff=0.6155 | kd=0.2636 | recon=0.2408 | t=122s
  Ep 137 | step 0400/467 | loss=0.9292 | diff=0.6278 | kd=0.2506 | recon=0.2763 | t=140s
  Ep 137 | step 0450/467 | loss=0.9517 | diff=0.6158 | kd=0.1996 | recon=0.3159 | t=157s

  ── Epoch 137/200 (222s) ──────────────────────
  Train  loss=0.9226  diff=0.6181  kd=0.2289  recon=0.2816
  Val    loss=0.9217  RMSE=0.6813  MAE=0.5466  lr=2.33e-05

  Ep 138 | step 0000/467 | loss=0.8892 | diff=0.6166 | kd=0.2090 | recon=0.2516 | t=1s
  Ep 138 | step 0050/467 | loss=0.9383 | diff=0.6198 | kd=0.2226 | recon=0.2962 | t=18s
  Ep 138 | step 0100/467 | loss=0.9619 | diff=0.6170 | kd=0.2845 | recon=0.3165 | t=36s
  Ep 138 | step 0150/467 | loss=0.8986 | diff=0.6206 | kd=0.2732 | recon=0.2506 | t=53s
  Ep 138 | step 0200/467 | loss=0.9017 | diff=0.6170 | kd=0.2020 | recon=0.2645 | t=71s
  Ep 138 | step 0250/467 | loss=0.9271 | diff=0.6148 | kd=0.2246 | recon=0.2899 | t=88s
  Ep 138 | step 0300/467 | loss=0.9286 | diff=0.6163 | kd=0.2159 | recon=0.2907 | t=106s
  Ep 138 | step 0350/467 | loss=0.9080 | diff=0.6155 | kd=0.1888 | recon=0.2736 | t=123s
  Ep 138 | step 0400/467 | loss=0.9280 | diff=0.6165 | kd=0.2289 | recon=0.2886 | t=139s
  Ep 138 | step 0450/467 | loss=0.9492 | diff=0.6148 | kd=0.1863 | recon=0.3158 | t=156s

  ── Epoch 138/200 (219s) ──────────────────────
  Train  loss=0.9219  diff=0.6176  kd=0.2285  recon=0.2815
  Val    loss=0.9218  RMSE=0.6575  MAE=0.5238  lr=2.27e-05

  Ep 139 | step 0000/467 | loss=0.9243 | diff=0.6170 | kd=0.2163 | recon=0.2857 | t=1s
  Ep 139 | step 0050/467 | loss=0.8980 | diff=0.6156 | kd=0.3118 | recon=0.2512 | t=18s
  Ep 139 | step 0100/467 | loss=0.9390 | diff=0.6247 | kd=0.1971 | recon=0.2946 | t=36s
  Ep 139 | step 0150/467 | loss=0.9351 | diff=0.6131 | kd=0.2205 | recon=0.2999 | t=53s
  Ep 139 | step 0200/467 | loss=0.9696 | diff=0.6177 | kd=0.2327 | recon=0.3285 | t=71s
  Ep 139 | step 0250/467 | loss=0.8839 | diff=0.6137 | kd=0.2548 | recon=0.2448 | t=88s
  Ep 139 | step 0300/467 | loss=0.9047 | diff=0.6211 | kd=0.2293 | recon=0.2607 | t=106s
  Ep 139 | step 0350/467 | loss=0.9160 | diff=0.6145 | kd=0.2218 | recon=0.2794 | t=123s
  Ep 139 | step 0400/467 | loss=0.9154 | diff=0.6167 | kd=0.2472 | recon=0.2740 | t=141s
  Ep 139 | step 0450/467 | loss=0.8789 | diff=0.6179 | kd=0.2917 | recon=0.2319 | t=158s

  ── Epoch 139/200 (223s) ──────────────────────
  Train  loss=0.9214  diff=0.6171  kd=0.2286  recon=0.2814
  Val    loss=0.9214  RMSE=0.6853  MAE=0.5503  lr=2.20e-05

  Ep 140 | step 0000/467 | loss=0.9247 | diff=0.6139 | kd=0.2252 | recon=0.2883 | t=1s
  Ep 140 | step 0050/467 | loss=0.9173 | diff=0.6140 | kd=0.2311 | recon=0.2802 | t=18s
  Ep 140 | step 0100/467 | loss=0.9153 | diff=0.6155 | kd=0.1760 | recon=0.2822 | t=36s
  Ep 140 | step 0150/467 | loss=0.9588 | diff=0.6296 | kd=0.2270 | recon=0.3066 | t=53s
  Ep 140 | step 0200/467 | loss=0.8964 | diff=0.6141 | kd=0.1831 | recon=0.2640 | t=71s
  Ep 140 | step 0250/467 | loss=0.8999 | diff=0.6170 | kd=0.3244 | recon=0.2505 | t=88s
  Ep 140 | step 0300/467 | loss=0.8858 | diff=0.6161 | kd=0.2372 | recon=0.2459 | t=106s
  Ep 140 | step 0350/467 | loss=0.9346 | diff=0.6152 | kd=0.1858 | recon=0.3008 | t=123s
  Ep 140 | step 0400/467 | loss=0.8878 | diff=0.6253 | kd=0.2590 | recon=0.2366 | t=141s
  Ep 140 | step 0450/467 | loss=0.8529 | diff=0.6150 | kd=0.2333 | recon=0.2146 | t=158s

  ── Epoch 140/200 (223s) ──────────────────────
  Train  loss=0.9212  diff=0.6169  kd=0.2282  recon=0.2815
  Val    loss=0.9206  RMSE=0.6699  MAE=0.5337  lr=2.14e-05
  [BEST] Checkpoint saved → checkpoints/best_model.pth
  [EP140] Checkpoint saved → checkpoints/epoch_140.pth

  Ep 141 | step 0000/467 | loss=0.8954 | diff=0.6151 | kd=0.2112 | recon=0.2592 | t=1s
  Ep 141 | step 0050/467 | loss=0.8966 | diff=0.6151 | kd=0.2818 | recon=0.2534 | t=19s
  Ep 141 | step 0100/467 | loss=0.9131 | diff=0.6181 | kd=0.2821 | recon=0.2668 | t=36s
  Ep 141 | step 0150/467 | loss=0.9307 | diff=0.6149 | kd=0.2403 | recon=0.2917 | t=53s
  Ep 141 | step 0200/467 | loss=0.8924 | diff=0.6143 | kd=0.2383 | recon=0.2542 | t=71s
  Ep 141 | step 0250/467 | loss=0.9201 | diff=0.6155 | kd=0.2231 | recon=0.2822 | t=88s
  Ep 141 | step 0300/467 | loss=0.9474 | diff=0.6177 | kd=0.2060 | recon=0.3091 | t=106s
  Ep 141 | step 0350/467 | loss=0.9200 | diff=0.6164 | kd=0.2304 | recon=0.2806 | t=123s
  Ep 141 | step 0400/467 | loss=0.9105 | diff=0.6127 | kd=0.1794 | recon=0.2799 | t=139s
  Ep 141 | step 0450/467 | loss=0.9133 | diff=0.6145 | kd=0.2312 | recon=0.2757 | t=156s

  ── Epoch 141/200 (220s) ──────────────────────
  Train  loss=0.9208  diff=0.6169  kd=0.2282  recon=0.2811
  Val    loss=0.9202  RMSE=0.6884  MAE=0.5511  lr=2.08e-05
  [BEST] Checkpoint saved → checkpoints/best_model.pth

  Ep 142 | step 0000/467 | loss=0.8880 | diff=0.6143 | kd=0.1916 | recon=0.2545 | t=1s
  Ep 142 | step 0050/467 | loss=0.9097 | diff=0.6145 | kd=0.2030 | recon=0.2749 | t=18s
  Ep 142 | step 0100/467 | loss=0.9515 | diff=0.6346 | kd=0.2009 | recon=0.2968 | t=36s
  Ep 142 | step 0150/467 | loss=0.8926 | diff=0.6158 | kd=0.2194 | recon=0.2548 | t=53s
  Ep 142 | step 0200/467 | loss=0.9502 | diff=0.6182 | kd=0.2217 | recon=0.3098 | t=71s
  Ep 142 | step 0250/467 | loss=0.9457 | diff=0.6277 | kd=0.2461 | recon=0.2935 | t=88s
  Ep 142 | step 0300/467 | loss=0.9094 | diff=0.6176 | kd=0.1936 | recon=0.2725 | t=106s
  Ep 142 | step 0350/467 | loss=0.8982 | diff=0.6158 | kd=0.2513 | recon=0.2573 | t=123s
  Ep 142 | step 0400/467 | loss=0.9369 | diff=0.6184 | kd=0.2033 | recon=0.2981 | t=141s
  Ep 142 | step 0450/467 | loss=0.9216 | diff=0.6141 | kd=0.2064 | recon=0.2869 | t=158s

  ── Epoch 142/200 (223s) ──────────────────────
  Train  loss=0.9205  diff=0.6164  kd=0.2282  recon=0.2813
  Val    loss=0.9192  RMSE=0.6745  MAE=0.5389  lr=2.02e-05
  [BEST] Checkpoint saved → checkpoints/best_model.pth

  Ep 143 | step 0000/467 | loss=0.8993 | diff=0.6159 | kd=0.1955 | recon=0.2638 | t=1s
  Ep 143 | step 0050/467 | loss=0.9235 | diff=0.6139 | kd=0.2390 | recon=0.2857 | t=18s
  Ep 143 | step 0100/467 | loss=0.9290 | diff=0.6155 | kd=0.1800 | recon=0.2955 | t=36s
  Ep 143 | step 0150/467 | loss=0.8940 | diff=0.6147 | kd=0.2891 | recon=0.2505 | t=53s
  Ep 143 | step 0200/467 | loss=0.9106 | diff=0.6299 | kd=0.1994 | recon=0.2608 | t=71s
  Ep 143 | step 0250/467 | loss=0.9306 | diff=0.6201 | kd=0.2446 | recon=0.2860 | t=89s
  Ep 143 | step 0300/467 | loss=0.9067 | diff=0.6147 | kd=0.2321 | recon=0.2687 | t=106s
  Ep 143 | step 0350/467 | loss=0.9274 | diff=0.6126 | kd=0.1909 | recon=0.2957 | t=124s
  Ep 143 | step 0400/467 | loss=0.9736 | diff=0.6172 | kd=0.2320 | recon=0.3332 | t=141s
  Ep 143 | step 0450/467 | loss=0.9165 | diff=0.6141 | kd=0.2161 | recon=0.2809 | t=159s

  ── Epoch 143/200 (223s) ──────────────────────
  Train  loss=0.9206  diff=0.6164  kd=0.2281  recon=0.2814
  Val    loss=0.9209  RMSE=0.7108  MAE=0.5728  lr=1.96e-05

  Ep 144 | step 0000/467 | loss=0.9059 | diff=0.6189 | kd=0.3024 | recon=0.2568 | t=1s
  Ep 144 | step 0050/467 | loss=0.9341 | diff=0.6160 | kd=0.2298 | recon=0.2951 | t=18s
  Ep 144 | step 0100/467 | loss=0.9038 | diff=0.6158 | kd=0.2269 | recon=0.2653 | t=36s
  Ep 144 | step 0150/467 | loss=0.8928 | diff=0.6135 | kd=0.2971 | recon=0.2496 | t=54s
  Ep 144 | step 0200/467 | loss=0.9254 | diff=0.6203 | kd=0.2179 | recon=0.2833 | t=71s
  Ep 144 | step 0250/467 | loss=0.9211 | diff=0.6137 | kd=0.2079 | recon=0.2866 | t=89s
  Ep 144 | step 0300/467 | loss=0.9088 | diff=0.6149 | kd=0.2013 | recon=0.2737 | t=106s
  Ep 144 | step 0350/467 | loss=0.9163 | diff=0.6161 | kd=0.2140 | recon=0.2788 | t=123s
  Ep 144 | step 0400/467 | loss=0.9224 | diff=0.6140 | kd=0.2654 | recon=0.2818 | t=139s
  Ep 144 | step 0450/467 | loss=0.9106 | diff=0.6148 | kd=0.3192 | recon=0.2639 | t=156s

  ── Epoch 144/200 (220s) ──────────────────────
  Train  loss=0.9203  diff=0.6164  kd=0.2284  recon=0.2811
  Val    loss=0.9212  RMSE=0.7192  MAE=0.5799  lr=1.89e-05

  Ep 145 | step 0000/467 | loss=0.9119 | diff=0.6165 | kd=0.2217 | recon=0.2733 | t=1s
  Ep 145 | step 0050/467 | loss=0.9097 | diff=0.6130 | kd=0.2469 | recon=0.2720 | t=18s
  Ep 145 | step 0100/467 | loss=0.9821 | diff=0.6219 | kd=0.2123 | recon=0.3390 | t=36s
  Ep 145 | step 0150/467 | loss=0.9429 | diff=0.6154 | kd=0.2156 | recon=0.3060 | t=53s
  Ep 145 | step 0200/467 | loss=0.9139 | diff=0.6142 | kd=0.1894 | recon=0.2808 | t=71s
  Ep 145 | step 0250/467 | loss=0.9440 | diff=0.6187 | kd=0.2308 | recon=0.3022 | t=89s
  Ep 145 | step 0300/467 | loss=0.9273 | diff=0.6154 | kd=0.2735 | recon=0.2845 | t=106s
  Ep 145 | step 0350/467 | loss=0.9669 | diff=0.6131 | kd=0.1827 | recon=0.3356 | t=124s
  Ep 145 | step 0400/467 | loss=0.9196 | diff=0.6133 | kd=0.2440 | recon=0.2819 | t=141s
  Ep 145 | step 0450/467 | loss=0.9101 | diff=0.6138 | kd=0.1735 | recon=0.2789 | t=158s

  ── Epoch 145/200 (223s) ──────────────────────
  Train  loss=0.9195  diff=0.6158  kd=0.2280  recon=0.2809
  Val    loss=0.9198  RMSE=0.6722  MAE=0.5377  lr=1.84e-05

  Ep 146 | step 0000/467 | loss=0.9156 | diff=0.6241 | kd=0.2190 | recon=0.2696 | t=1s
  Ep 146 | step 0050/467 | loss=0.9188 | diff=0.6134 | kd=0.2120 | recon=0.2841 | t=18s
  Ep 146 | step 0100/467 | loss=0.9244 | diff=0.6147 | kd=0.2445 | recon=0.2853 | t=36s
  Ep 146 | step 0150/467 | loss=0.9395 | diff=0.6145 | kd=0.2101 | recon=0.3040 | t=53s
  Ep 146 | step 0200/467 | loss=0.9263 | diff=0.6135 | kd=0.2779 | recon=0.2850 | t=71s
  Ep 146 | step 0250/467 | loss=0.9008 | diff=0.6157 | kd=0.2211 | recon=0.2630 | t=88s
  Ep 146 | step 0300/467 | loss=0.9486 | diff=0.6156 | kd=0.2085 | recon=0.3122 | t=106s
  Ep 146 | step 0350/467 | loss=0.9261 | diff=0.6134 | kd=0.2530 | recon=0.2874 | t=123s
  Ep 146 | step 0400/467 | loss=0.8988 | diff=0.6137 | kd=0.2419 | recon=0.2610 | t=141s
  Ep 146 | step 0450/467 | loss=0.8810 | diff=0.6151 | kd=0.2845 | recon=0.2374 | t=158s

  ── Epoch 146/200 (223s) ──────────────────────
  Train  loss=0.9200  diff=0.6161  kd=0.2280  recon=0.2810
  Val    loss=0.9194  RMSE=0.6710  MAE=0.5353  lr=1.78e-05

  Ep 147 | step 0000/467 | loss=0.8890 | diff=0.6129 | kd=0.2421 | recon=0.2518 | t=1s
  Ep 147 | step 0050/467 | loss=0.9132 | diff=0.6141 | kd=0.2211 | recon=0.2770 | t=18s
  Ep 147 | step 0100/467 | loss=0.9064 | diff=0.6132 | kd=0.2142 | recon=0.2718 | t=36s
  Ep 147 | step 0150/467 | loss=0.9136 | diff=0.6154 | kd=0.2055 | recon=0.2776 | t=53s
  Ep 147 | step 0200/467 | loss=0.8990 | diff=0.6142 | kd=0.2125 | recon=0.2636 | t=71s
  Ep 147 | step 0250/467 | loss=0.9324 | diff=0.6144 | kd=0.2178 | recon=0.2962 | t=89s
  Ep 147 | step 0300/467 | loss=0.9262 | diff=0.6159 | kd=0.2304 | recon=0.2872 | t=106s
  Ep 147 | step 0350/467 | loss=0.9173 | diff=0.6143 | kd=0.1636 | recon=0.2866 | t=123s
  Ep 147 | step 0400/467 | loss=0.9069 | diff=0.6130 | kd=0.2514 | recon=0.2687 | t=139s
  Ep 147 | step 0450/467 | loss=0.9520 | diff=0.6258 | kd=0.2172 | recon=0.3045 | t=156s

  ── Epoch 147/200 (220s) ──────────────────────
  Train  loss=0.9192  diff=0.6159  kd=0.2277  recon=0.2806
  Val    loss=0.9192  RMSE=0.6892  MAE=0.5516  lr=1.72e-05

  Ep 148 | step 0000/467 | loss=0.9319 | diff=0.6140 | kd=0.2610 | recon=0.2918 | t=1s
  Ep 148 | step 0050/467 | loss=0.9160 | diff=0.6181 | kd=0.2250 | recon=0.2754 | t=18s
  Ep 148 | step 0100/467 | loss=0.9226 | diff=0.6126 | kd=0.2835 | recon=0.2817 | t=36s
  Ep 148 | step 0150/467 | loss=0.9433 | diff=0.6139 | kd=0.2550 | recon=0.3039 | t=52s
  Ep 148 | step 0200/467 | loss=0.9033 | diff=0.6139 | kd=0.3199 | recon=0.2574 | t=69s
  Ep 148 | step 0250/467 | loss=0.9092 | diff=0.6130 | kd=0.2065 | recon=0.2755 | t=86s
  Ep 148 | step 0300/467 | loss=0.9453 | diff=0.6225 | kd=0.2233 | recon=0.3005 | t=103s
  Ep 148 | step 0350/467 | loss=0.9082 | diff=0.6165 | kd=0.2020 | recon=0.2715 | t=119s
  Ep 148 | step 0400/467 | loss=0.9118 | diff=0.6137 | kd=0.1736 | recon=0.2807 | t=136s
  Ep 148 | step 0450/467 | loss=0.8905 | diff=0.6151 | kd=0.1982 | recon=0.2556 | t=153s

  ── Epoch 148/200 (189s) ──────────────────────
  Train  loss=0.9189  diff=0.6155  kd=0.2277  recon=0.2807
  Val    loss=0.9191  RMSE=0.6783  MAE=0.5408  lr=1.66e-05
  [BEST] Checkpoint saved → checkpoints/best_model.pth

  Ep 149 | step 0000/467 | loss=0.9351 | diff=0.6149 | kd=0.2309 | recon=0.2971 | t=1s
  Ep 149 | step 0050/467 | loss=0.9452 | diff=0.6152 | kd=0.2177 | recon=0.3082 | t=13s
  Ep 149 | step 0100/467 | loss=0.9501 | diff=0.6331 | kd=0.2759 | recon=0.2894 | t=29s
  Ep 149 | step 0150/467 | loss=0.9179 | diff=0.6112 | kd=0.2330 | recon=0.2833 | t=45s
  Ep 149 | step 0200/467 | loss=0.9040 | diff=0.6148 | kd=0.2233 | recon=0.2669 | t=62s
  Ep 149 | step 0250/467 | loss=0.8731 | diff=0.6125 | kd=0.2057 | recon=0.2400 | t=78s
  Ep 149 | step 0300/467 | loss=0.9291 | diff=0.6219 | kd=0.2490 | recon=0.2823 | t=95s
  Ep 149 | step 0350/467 | loss=0.9037 | diff=0.6196 | kd=0.2068 | recon=0.2634 | t=111s
  Ep 149 | step 0400/467 | loss=0.9157 | diff=0.6138 | kd=0.2312 | recon=0.2788 | t=127s
  Ep 149 | step 0450/467 | loss=0.9250 | diff=0.6128 | kd=0.2635 | recon=0.2859 | t=144s

  ── Epoch 149/200 (203s) ──────────────────────
  Train  loss=0.9191  diff=0.6158  kd=0.2277  recon=0.2806
  Val    loss=0.9201  RMSE=0.6854  MAE=0.5491  lr=1.61e-05

  Ep 150 | step 0000/467 | loss=0.9394 | diff=0.6153 | kd=0.1922 | recon=0.3049 | t=1s
  Ep 150 | step 0050/467 | loss=0.9309 | diff=0.6297 | kd=0.2066 | recon=0.2806 | t=17s
  Ep 150 | step 0100/467 | loss=0.9494 | diff=0.6120 | kd=0.1949 | recon=0.3179 | t=34s
  Ep 150 | step 0150/467 | loss=0.9176 | diff=0.6153 | kd=0.1763 | recon=0.2847 | t=50s
  Ep 150 | step 0200/467 | loss=0.8867 | diff=0.6129 | kd=0.2531 | recon=0.2485 | t=67s
  Ep 150 | step 0250/467 | loss=0.9346 | diff=0.6149 | kd=0.2051 | recon=0.2991 | t=83s
  Ep 150 | step 0300/467 | loss=0.9001 | diff=0.6145 | kd=0.1990 | recon=0.2658 | t=99s
  Ep 150 | step 0350/467 | loss=0.8999 | diff=0.6156 | kd=0.3056 | recon=0.2537 | t=115s
  Ep 150 | step 0400/467 | loss=0.9352 | diff=0.6126 | kd=0.2704 | recon=0.2956 | t=132s
  Ep 150 | step 0450/467 | loss=0.9245 | diff=0.6151 | kd=0.2543 | recon=0.2839 | t=148s

  ── Epoch 150/200 (209s) ──────────────────────
  Train  loss=0.9187  diff=0.6155  kd=0.2278  recon=0.2804
  Val    loss=0.9191  RMSE=0.6903  MAE=0.5522  lr=1.55e-05
  [BEST] Checkpoint saved → checkpoints/best_model.pth
  [EP150] Checkpoint saved → checkpoints/epoch_150.pth

  Ep 151 | step 0000/467 | loss=0.9182 | diff=0.6137 | kd=0.2208 | recon=0.2824 | t=1s
  Ep 151 | step 0050/467 | loss=0.8951 | diff=0.6147 | kd=0.2410 | recon=0.2563 | t=17s
  Ep 151 | step 0100/467 | loss=0.9104 | diff=0.6136 | kd=0.1870 | recon=0.2781 | t=34s
  Ep 151 | step 0150/467 | loss=0.8966 | diff=0.6129 | kd=0.2460 | recon=0.2591 | t=50s
  Ep 151 | step 0200/467 | loss=0.8852 | diff=0.6132 | kd=0.2429 | recon=0.2477 | t=67s
  Ep 151 | step 0250/467 | loss=0.9331 | diff=0.6159 | kd=0.2707 | recon=0.2901 | t=83s
  Ep 151 | step 0300/467 | loss=0.9013 | diff=0.6139 | kd=0.2313 | recon=0.2642 | t=99s
  Ep 151 | step 0350/467 | loss=0.9171 | diff=0.6159 | kd=0.2231 | recon=0.2789 | t=116s
  Ep 151 | step 0400/467 | loss=0.9182 | diff=0.6132 | kd=0.2272 | recon=0.2822 | t=132s
  Ep 151 | step 0450/467 | loss=0.9167 | diff=0.6119 | kd=0.1880 | recon=0.2860 | t=148s

  ── Epoch 151/200 (208s) ──────────────────────
  Train  loss=0.9188  diff=0.6156  kd=0.2278  recon=0.2804
  Val    loss=0.9177  RMSE=0.6868  MAE=0.5488  lr=1.50e-05
  [BEST] Checkpoint saved → checkpoints/best_model.pth

  Ep 152 | step 0000/467 | loss=0.9286 | diff=0.6125 | kd=0.2237 | recon=0.2938 | t=1s
  Ep 152 | step 0050/467 | loss=0.9215 | diff=0.6155 | kd=0.2507 | recon=0.2809 | t=17s
  Ep 152 | step 0100/467 | loss=0.9221 | diff=0.6138 | kd=0.1722 | recon=0.2911 | t=34s
  Ep 152 | step 0150/467 | loss=0.8767 | diff=0.6126 | kd=0.2247 | recon=0.2417 | t=50s
  Ep 152 | step 0200/467 | loss=0.8950 | diff=0.6142 | kd=0.2521 | recon=0.2556 | t=67s
  Ep 152 | step 0250/467 | loss=0.9020 | diff=0.6223 | kd=0.1979 | recon=0.2599 | t=83s
  Ep 152 | step 0300/467 | loss=0.8983 | diff=0.6130 | kd=0.2916 | recon=0.2561 | t=100s
  Ep 152 | step 0350/467 | loss=0.8503 | diff=0.6130 | kd=0.3337 | recon=0.2039 | t=116s
  Ep 152 | step 0400/467 | loss=0.9307 | diff=0.6156 | kd=0.2316 | recon=0.2920 | t=132s
  Ep 152 | step 0450/467 | loss=0.9392 | diff=0.6127 | kd=0.1911 | recon=0.3074 | t=149s

  ── Epoch 152/200 (209s) ──────────────────────
  Train  loss=0.9184  diff=0.6155  kd=0.2278  recon=0.2802
  Val    loss=0.9188  RMSE=0.6982  MAE=0.5600  lr=1.44e-05

  Ep 153 | step 0000/467 | loss=0.9304 | diff=0.6165 | kd=0.2006 | recon=0.2939 | t=1s
  Ep 153 | step 0050/467 | loss=0.8980 | diff=0.6145 | kd=0.2413 | recon=0.2594 | t=17s
  Ep 153 | step 0100/467 | loss=0.9401 | diff=0.6123 | kd=0.2390 | recon=0.3039 | t=34s
  Ep 153 | step 0150/467 | loss=0.9545 | diff=0.6294 | kd=0.1975 | recon=0.3054 | t=50s
  Ep 153 | step 0200/467 | loss=0.9189 | diff=0.6167 | kd=0.2352 | recon=0.2787 | t=67s
  Ep 153 | step 0250/467 | loss=0.9033 | diff=0.6150 | kd=0.2003 | recon=0.2683 | t=83s
  Ep 153 | step 0300/467 | loss=0.9351 | diff=0.6165 | kd=0.2099 | recon=0.2977 | t=99s
  Ep 153 | step 0350/467 | loss=0.9253 | diff=0.6138 | kd=0.1888 | recon=0.2926 | t=116s
  Ep 153 | step 0400/467 | loss=0.9269 | diff=0.6124 | kd=0.1928 | recon=0.2952 | t=132s
  Ep 153 | step 0450/467 | loss=0.9382 | diff=0.6137 | kd=0.2181 | recon=0.3027 | t=149s

  ── Epoch 153/200 (209s) ──────────────────────
  Train  loss=0.9182  diff=0.6152  kd=0.2273  recon=0.2802
  Val    loss=0.9186  RMSE=0.6844  MAE=0.5469  lr=1.39e-05

  Ep 154 | step 0000/467 | loss=0.9187 | diff=0.6220 | kd=0.2087 | recon=0.2759 | t=1s
  Ep 154 | step 0050/467 | loss=0.9162 | diff=0.6126 | kd=0.2195 | recon=0.2817 | t=17s
  Ep 154 | step 0100/467 | loss=0.9303 | diff=0.6130 | kd=0.2529 | recon=0.2920 | t=34s
  Ep 154 | step 0150/467 | loss=0.9285 | diff=0.6148 | kd=0.1864 | recon=0.2951 | t=50s
  Ep 154 | step 0200/467 | loss=0.9261 | diff=0.6136 | kd=0.1951 | recon=0.2930 | t=67s
  Ep 154 | step 0250/467 | loss=0.9254 | diff=0.6136 | kd=0.2740 | recon=0.2844 | t=83s
  Ep 154 | step 0300/467 | loss=0.9261 | diff=0.6233 | kd=0.1846 | recon=0.2844 | t=100s
  Ep 154 | step 0350/467 | loss=0.9360 | diff=0.6135 | kd=0.2310 | recon=0.2994 | t=116s
  Ep 154 | step 0400/467 | loss=0.9254 | diff=0.6127 | kd=0.2437 | recon=0.2883 | t=133s
  Ep 154 | step 0450/467 | loss=0.9334 | diff=0.6151 | kd=0.2228 | recon=0.2961 | t=149s

  ── Epoch 154/200 (210s) ──────────────────────
  Train  loss=0.9182  diff=0.6152  kd=0.2274  recon=0.2803
  Val    loss=0.9178  RMSE=0.6772  MAE=0.5376  lr=1.34e-05

  Ep 155 | step 0000/467 | loss=0.9234 | diff=0.6141 | kd=0.2550 | recon=0.2838 | t=1s
  Ep 155 | step 0050/467 | loss=0.9279 | diff=0.6118 | kd=0.2475 | recon=0.2914 | t=17s
  Ep 155 | step 0100/467 | loss=0.9248 | diff=0.6145 | kd=0.2188 | recon=0.2885 | t=34s
  Ep 155 | step 0150/467 | loss=0.8983 | diff=0.6139 | kd=0.3039 | recon=0.2540 | t=51s
  Ep 155 | step 0200/467 | loss=0.9161 | diff=0.6154 | kd=0.2039 | recon=0.2803 | t=67s
  Ep 155 | step 0250/467 | loss=0.9508 | diff=0.6152 | kd=0.2355 | recon=0.3120 | t=84s
  Ep 155 | step 0300/467 | loss=0.8964 | diff=0.6152 | kd=0.1856 | recon=0.2626 | t=101s
  Ep 155 | step 0350/467 | loss=0.9155 | diff=0.6139 | kd=0.2043 | recon=0.2812 | t=117s
  Ep 155 | step 0400/467 | loss=0.9325 | diff=0.6145 | kd=0.1930 | recon=0.2988 | t=134s
  Ep 155 | step 0450/467 | loss=0.9267 | diff=0.6133 | kd=0.3008 | recon=0.2833 | t=150s

  ── Epoch 155/200 (211s) ──────────────────────
  Train  loss=0.9178  diff=0.6151  kd=0.2272  recon=0.2800
  Val    loss=0.9178  RMSE=0.6809  MAE=0.5431  lr=1.29e-05

  Ep 156 | step 0000/467 | loss=0.9224 | diff=0.6124 | kd=0.2249 | recon=0.2874 | t=1s
  Ep 156 | step 0050/467 | loss=0.9148 | diff=0.6200 | kd=0.2177 | recon=0.2730 | t=17s
  Ep 156 | step 0100/467 | loss=0.9383 | diff=0.6141 | kd=0.2507 | recon=0.2992 | t=34s
  Ep 156 | step 0150/467 | loss=0.9165 | diff=0.6115 | kd=0.2538 | recon=0.2797 | t=51s
  Ep 156 | step 0200/467 | loss=0.9378 | diff=0.6153 | kd=0.2546 | recon=0.2970 | t=67s
  Ep 156 | step 0250/467 | loss=0.9091 | diff=0.6160 | kd=0.2829 | recon=0.2648 | t=84s
  Ep 156 | step 0300/467 | loss=0.9107 | diff=0.6147 | kd=0.2054 | recon=0.2755 | t=101s
  Ep 156 | step 0350/467 | loss=0.9297 | diff=0.6125 | kd=0.2471 | recon=0.2924 | t=117s
  Ep 156 | step 0400/467 | loss=0.8994 | diff=0.6134 | kd=0.2122 | recon=0.2647 | t=134s
  Ep 156 | step 0450/467 | loss=0.9520 | diff=0.6235 | kd=0.2248 | recon=0.3060 | t=150s

  ── Epoch 156/200 (211s) ──────────────────────
  Train  loss=0.9179  diff=0.6152  kd=0.2273  recon=0.2799
  Val    loss=0.9182  RMSE=0.6748  MAE=0.5374  lr=1.24e-05

  Ep 157 | step 0000/467 | loss=0.9049 | diff=0.6145 | kd=0.2415 | recon=0.2663 | t=1s
  Ep 157 | step 0050/467 | loss=0.9569 | diff=0.6192 | kd=0.1774 | recon=0.3200 | t=18s
  Ep 157 | step 0100/467 | loss=0.9140 | diff=0.6154 | kd=0.2525 | recon=0.2733 | t=34s
  Ep 157 | step 0150/467 | loss=0.9497 | diff=0.6128 | kd=0.1951 | recon=0.3173 | t=51s
  Ep 157 | step 0200/467 | loss=0.9401 | diff=0.6121 | kd=0.2365 | recon=0.3044 | t=67s
  Ep 157 | step 0250/467 | loss=0.9061 | diff=0.6142 | kd=0.2442 | recon=0.2674 | t=84s
  Ep 157 | step 0300/467 | loss=0.8951 | diff=0.6118 | kd=0.2052 | recon=0.2628 | t=101s
  Ep 157 | step 0350/467 | loss=0.8930 | diff=0.6163 | kd=0.3144 | recon=0.2453 | t=117s
  Ep 157 | step 0400/467 | loss=0.9087 | diff=0.6126 | kd=0.2004 | recon=0.2762 | t=134s
  Ep 157 | step 0450/467 | loss=0.9319 | diff=0.6127 | kd=0.2209 | recon=0.2970 | t=150s

  ── Epoch 157/200 (211s) ──────────────────────
  Train  loss=0.9176  diff=0.6150  kd=0.2268  recon=0.2800
  Val    loss=0.9162  RMSE=0.6777  MAE=0.5386  lr=1.19e-05
  [BEST] Checkpoint saved → checkpoints/best_model.pth

  Ep 158 | step 0000/467 | loss=0.9114 | diff=0.6121 | kd=0.2480 | recon=0.2745 | t=1s
  Ep 158 | step 0050/467 | loss=0.8923 | diff=0.6151 | kd=0.2310 | recon=0.2541 | t=18s
  Ep 158 | step 0100/467 | loss=0.9471 | diff=0.6147 | kd=0.2273 | recon=0.3096 | t=34s
  Ep 158 | step 0150/467 | loss=0.9129 | diff=0.6149 | kd=0.2065 | recon=0.2773 | t=51s
  Ep 158 | step 0200/467 | loss=0.9023 | diff=0.6140 | kd=0.2450 | recon=0.2638 | t=67s
  Ep 158 | step 0250/467 | loss=0.9275 | diff=0.6134 | kd=0.2782 | recon=0.2863 | t=84s
  Ep 158 | step 0300/467 | loss=0.9189 | diff=0.6147 | kd=0.2128 | recon=0.2829 | t=101s
  Ep 158 | step 0350/467 | loss=0.9270 | diff=0.6149 | kd=0.2275 | recon=0.2894 | t=117s
  Ep 158 | step 0400/467 | loss=0.9113 | diff=0.6151 | kd=0.2202 | recon=0.2741 | t=134s
  Ep 158 | step 0450/467 | loss=0.9072 | diff=0.6139 | kd=0.2258 | recon=0.2707 | t=151s

  ── Epoch 158/200 (212s) ──────────────────────
  Train  loss=0.9175  diff=0.6150  kd=0.2270  recon=0.2797
  Val    loss=0.9170  RMSE=0.6852  MAE=0.5452  lr=1.14e-05

  Ep 159 | step 0000/467 | loss=0.8813 | diff=0.6113 | kd=0.2194 | recon=0.2481 | t=1s
  Ep 159 | step 0050/467 | loss=0.9020 | diff=0.6146 | kd=0.3280 | recon=0.2546 | t=17s
  Ep 159 | step 0100/467 | loss=0.9233 | diff=0.6139 | kd=0.3098 | recon=0.2784 | t=34s
  Ep 159 | step 0150/467 | loss=0.9312 | diff=0.6148 | kd=0.1968 | recon=0.2967 | t=50s
  Ep 159 | step 0200/467 | loss=0.9103 | diff=0.6136 | kd=0.2351 | recon=0.2733 | t=67s
  Ep 159 | step 0250/467 | loss=0.8901 | diff=0.6127 | kd=0.1952 | recon=0.2579 | t=84s
  Ep 159 | step 0300/467 | loss=0.9357 | diff=0.6137 | kd=0.1821 | recon=0.3038 | t=100s
  Ep 159 | step 0350/467 | loss=0.9094 | diff=0.6121 | kd=0.1799 | recon=0.2793 | t=117s
  Ep 159 | step 0400/467 | loss=0.9193 | diff=0.6144 | kd=0.2279 | recon=0.2822 | t=133s
  Ep 159 | step 0450/467 | loss=0.9376 | diff=0.6148 | kd=0.2185 | recon=0.3010 | t=150s

  ── Epoch 159/200 (211s) ──────────────────────
  Train  loss=0.9175  diff=0.6149  kd=0.2270  recon=0.2799
  Val    loss=0.9195  RMSE=0.6701  MAE=0.5319  lr=1.09e-05

  Ep 160 | step 0000/467 | loss=0.8960 | diff=0.6128 | kd=0.2246 | recon=0.2607 | t=1s
  Ep 160 | step 0050/467 | loss=0.9013 | diff=0.6138 | kd=0.2240 | recon=0.2651 | t=17s
  Ep 160 | step 0100/467 | loss=0.9128 | diff=0.6142 | kd=0.1694 | recon=0.2817 | t=34s
  Ep 160 | step 0150/467 | loss=0.8999 | diff=0.6123 | kd=0.2049 | recon=0.2671 | t=51s
  Ep 160 | step 0200/467 | loss=0.9140 | diff=0.6135 | kd=0.1989 | recon=0.2806 | t=67s
  Ep 160 | step 0250/467 | loss=0.9296 | diff=0.6144 | kd=0.2370 | recon=0.2915 | t=84s
  Ep 160 | step 0300/467 | loss=0.9038 | diff=0.6118 | kd=0.1849 | recon=0.2735 | t=101s
  Ep 160 | step 0350/467 | loss=0.9027 | diff=0.6203 | kd=0.2093 | recon=0.2614 | t=117s
  Ep 160 | step 0400/467 | loss=0.9184 | diff=0.6120 | kd=0.1942 | recon=0.2870 | t=134s
  Ep 160 | step 0450/467 | loss=0.9114 | diff=0.6140 | kd=0.2018 | recon=0.2772 | t=150s

  ── Epoch 160/200 (212s) ──────────────────────
  Train  loss=0.9175  diff=0.6151  kd=0.2270  recon=0.2798
  Val    loss=0.9168  RMSE=0.6590  MAE=0.5210  lr=1.05e-05
  [EP160] Checkpoint saved → checkpoints/epoch_160.pth

  Ep 161 | step 0000/467 | loss=0.8938 | diff=0.6133 | kd=0.2637 | recon=0.2541 | t=1s
  Ep 161 | step 0050/467 | loss=0.8997 | diff=0.6133 | kd=0.3435 | recon=0.2520 | t=17s
  Ep 161 | step 0100/467 | loss=0.9045 | diff=0.6135 | kd=0.2489 | recon=0.2661 | t=34s
  Ep 161 | step 0150/467 | loss=0.9120 | diff=0.6127 | kd=0.2568 | recon=0.2735 | t=51s
  Ep 161 | step 0200/467 | loss=0.8838 | diff=0.6122 | kd=0.2719 | recon=0.2444 | t=67s
  Ep 161 | step 0250/467 | loss=0.8951 | diff=0.6144 | kd=0.2844 | recon=0.2523 | t=84s
  Ep 161 | step 0300/467 | loss=0.9017 | diff=0.6172 | kd=0.2349 | recon=0.2610 | t=100s
  Ep 161 | step 0350/467 | loss=0.9204 | diff=0.6150 | kd=0.2541 | recon=0.2800 | t=117s
  Ep 161 | step 0400/467 | loss=0.9307 | diff=0.6146 | kd=0.2087 | recon=0.2952 | t=134s
  Ep 161 | step 0450/467 | loss=0.9091 | diff=0.6133 | kd=0.1958 | recon=0.2762 | t=150s

  ── Epoch 161/200 (211s) ──────────────────────
  Train  loss=0.9171  diff=0.6146  kd=0.2271  recon=0.2798
  Val    loss=0.9175  RMSE=0.6638  MAE=0.5263  lr=1.00e-05

  Ep 162 | step 0000/467 | loss=0.9341 | diff=0.6136 | kd=0.2512 | recon=0.2954 | t=1s
  Ep 162 | step 0050/467 | loss=0.8905 | diff=0.6140 | kd=0.2268 | recon=0.2538 | t=18s
  Ep 162 | step 0100/467 | loss=0.9043 | diff=0.6144 | kd=0.2061 | recon=0.2693 | t=34s
  Ep 162 | step 0150/467 | loss=0.9015 | diff=0.6140 | kd=0.2501 | recon=0.2624 | t=51s
  Ep 162 | step 0200/467 | loss=0.9159 | diff=0.6127 | kd=0.1957 | recon=0.2836 | t=67s
  Ep 162 | step 0250/467 | loss=0.8844 | diff=0.6165 | kd=0.1887 | recon=0.2490 | t=84s
  Ep 162 | step 0300/467 | loss=0.9121 | diff=0.6155 | kd=0.2165 | recon=0.2749 | t=101s
  Ep 162 | step 0350/467 | loss=0.9100 | diff=0.6146 | kd=0.1802 | recon=0.2774 | t=117s
  Ep 162 | step 0400/467 | loss=0.8955 | diff=0.6136 | kd=0.2204 | recon=0.2599 | t=134s
  Ep 162 | step 0450/467 | loss=0.9050 | diff=0.6124 | kd=0.2480 | recon=0.2678 | t=151s

  ── Epoch 162/200 (212s) ──────────────────────
  Train  loss=0.9169  diff=0.6146  kd=0.2266  recon=0.2796
  Val    loss=0.9169  RMSE=0.6625  MAE=0.5253  lr=9.56e-06

  Ep 163 | step 0000/467 | loss=0.9064 | diff=0.6118 | kd=0.2939 | recon=0.2652 | t=1s
  Ep 163 | step 0050/467 | loss=0.9022 | diff=0.6151 | kd=0.2529 | recon=0.2618 | t=17s
  Ep 163 | step 0100/467 | loss=0.9086 | diff=0.6151 | kd=0.2466 | recon=0.2688 | t=34s
  Ep 163 | step 0150/467 | loss=0.9299 | diff=0.6134 | kd=0.2280 | recon=0.2937 | t=51s
  Ep 163 | step 0200/467 | loss=0.9471 | diff=0.6125 | kd=0.1910 | recon=0.3155 | t=67s
  Ep 163 | step 0250/467 | loss=0.8886 | diff=0.6133 | kd=0.2463 | recon=0.2507 | t=84s
  Ep 163 | step 0300/467 | loss=0.8909 | diff=0.6155 | kd=0.2124 | recon=0.2542 | t=100s
  Ep 163 | step 0350/467 | loss=0.9306 | diff=0.6124 | kd=0.2174 | recon=0.2964 | t=117s
  Ep 163 | step 0400/467 | loss=0.8931 | diff=0.6192 | kd=0.2511 | recon=0.2487 | t=134s
  Ep 163 | step 0450/467 | loss=0.9388 | diff=0.6141 | kd=0.2280 | recon=0.3019 | t=150s

  ── Epoch 163/200 (212s) ──────────────────────
  Train  loss=0.9170  diff=0.6147  kd=0.2266  recon=0.2796
  Val    loss=0.9177  RMSE=0.6544  MAE=0.5173  lr=9.13e-06

  Ep 164 | step 0000/467 | loss=0.9184 | diff=0.6141 | kd=0.2849 | recon=0.2758 | t=1s
  Ep 164 | step 0050/467 | loss=0.9221 | diff=0.6121 | kd=0.2130 | recon=0.2887 | t=18s
  Ep 164 | step 0100/467 | loss=0.8823 | diff=0.6134 | kd=0.2690 | recon=0.2420 | t=34s
  Ep 164 | step 0150/467 | loss=0.9390 | diff=0.6182 | kd=0.3101 | recon=0.2897 | t=51s
  Ep 164 | step 0200/467 | loss=0.9183 | diff=0.6222 | kd=0.2117 | recon=0.2750 | t=68s
  Ep 164 | step 0250/467 | loss=0.9278 | diff=0.6177 | kd=0.2098 | recon=0.2892 | t=84s
  Ep 164 | step 0300/467 | loss=0.9542 | diff=0.6155 | kd=0.1948 | recon=0.3192 | t=101s
  Ep 164 | step 0350/467 | loss=0.9506 | diff=0.6136 | kd=0.2256 | recon=0.3144 | t=117s
  Ep 164 | step 0400/467 | loss=0.9095 | diff=0.6120 | kd=0.2259 | recon=0.2749 | t=134s
  Ep 164 | step 0450/467 | loss=0.9062 | diff=0.6146 | kd=0.2049 | recon=0.2711 | t=151s

  ── Epoch 164/200 (211s) ──────────────────────
  Train  loss=0.9167  diff=0.6146  kd=0.2266  recon=0.2794
  Val    loss=0.9168  RMSE=0.6614  MAE=0.5235  lr=8.71e-06

  Ep 165 | step 0000/467 | loss=0.9151 | diff=0.6120 | kd=0.1943 | recon=0.2837 | t=1s
  Ep 165 | step 0050/467 | loss=0.9324 | diff=0.6143 | kd=0.1791 | recon=0.3002 | t=17s
  Ep 165 | step 0100/467 | loss=0.9382 | diff=0.6124 | kd=0.2643 | recon=0.2993 | t=34s
  Ep 165 | step 0150/467 | loss=0.8917 | diff=0.6110 | kd=0.2264 | recon=0.2581 | t=51s
  Ep 165 | step 0200/467 | loss=0.9336 | diff=0.6129 | kd=0.1768 | recon=0.3030 | t=67s
  Ep 165 | step 0250/467 | loss=0.8796 | diff=0.6113 | kd=0.2944 | recon=0.2389 | t=84s
  Ep 165 | step 0300/467 | loss=0.8791 | diff=0.6129 | kd=0.2103 | recon=0.2451 | t=100s
  Ep 165 | step 0350/467 | loss=0.9147 | diff=0.6135 | kd=0.1823 | recon=0.2830 | t=117s
  Ep 165 | step 0400/467 | loss=0.8613 | diff=0.6144 | kd=0.2604 | recon=0.2209 | t=134s
  Ep 165 | step 0450/467 | loss=0.9375 | diff=0.6129 | kd=0.1795 | recon=0.3067 | t=150s

  ── Epoch 165/200 (209s) ──────────────────────
  Train  loss=0.9168  diff=0.6146  kd=0.2267  recon=0.2796
  Val    loss=0.9162  RMSE=0.6712  MAE=0.5344  lr=8.29e-06
  [BEST] Checkpoint saved → checkpoints/best_model.pth

  Ep 166 | step 0000/467 | loss=0.9389 | diff=0.6133 | kd=0.2241 | recon=0.3032 | t=1s
  Ep 166 | step 0050/467 | loss=0.8933 | diff=0.6139 | kd=0.2360 | recon=0.2559 | t=17s
  Ep 166 | step 0100/467 | loss=0.9173 | diff=0.6133 | kd=0.2188 | recon=0.2821 | t=33s
  Ep 166 | step 0150/467 | loss=0.9181 | diff=0.6117 | kd=0.2007 | recon=0.2864 | t=49s
  Ep 166 | step 0200/467 | loss=0.9365 | diff=0.6156 | kd=0.2251 | recon=0.2984 | t=65s
  Ep 166 | step 0250/467 | loss=0.9031 | diff=0.6134 | kd=0.2531 | recon=0.2643 | t=80s
  Ep 166 | step 0300/467 | loss=0.9114 | diff=0.6138 | kd=0.2003 | recon=0.2775 | t=96s
  Ep 166 | step 0350/467 | loss=0.9238 | diff=0.6131 | kd=0.2686 | recon=0.2839 | t=112s
  Ep 166 | step 0400/467 | loss=0.9105 | diff=0.6125 | kd=0.2114 | recon=0.2769 | t=128s
  Ep 166 | step 0450/467 | loss=0.9372 | diff=0.6164 | kd=0.2990 | recon=0.2908 | t=144s

  ── Epoch 166/200 (204s) ──────────────────────
  Train  loss=0.9165  diff=0.6145  kd=0.2264  recon=0.2794
  Val    loss=0.9157  RMSE=0.6569  MAE=0.5187  lr=7.89e-06
  [BEST] Checkpoint saved → checkpoints/best_model.pth

  Ep 167 | step 0000/467 | loss=0.9054 | diff=0.6176 | kd=0.2609 | recon=0.2617 | t=1s
  Ep 167 | step 0050/467 | loss=0.9154 | diff=0.6152 | kd=0.2287 | recon=0.2773 | t=18s
  Ep 167 | step 0100/467 | loss=0.8951 | diff=0.6132 | kd=0.2255 | recon=0.2593 | t=34s
  Ep 167 | step 0150/467 | loss=0.9375 | diff=0.6146 | kd=0.1669 | recon=0.3062 | t=51s
  Ep 167 | step 0200/467 | loss=0.9754 | diff=0.6129 | kd=0.2052 | recon=0.3420 | t=67s
  Ep 167 | step 0250/467 | loss=0.9210 | diff=0.6151 | kd=0.1953 | recon=0.2864 | t=84s
  Ep 167 | step 0300/467 | loss=0.9055 | diff=0.6116 | kd=0.2029 | recon=0.2736 | t=101s
  Ep 167 | step 0350/467 | loss=0.9027 | diff=0.6131 | kd=0.2116 | recon=0.2684 | t=117s
  Ep 167 | step 0400/467 | loss=0.9039 | diff=0.6150 | kd=0.1861 | recon=0.2702 | t=134s
  Ep 167 | step 0450/467 | loss=0.9051 | diff=0.6133 | kd=0.2971 | recon=0.2621 | t=150s

  ── Epoch 167/200 (211s) ──────────────────────
  Train  loss=0.9167  diff=0.6145  kd=0.2268  recon=0.2795
  Val    loss=0.9147  RMSE=0.6728  MAE=0.5339  lr=7.50e-06
  [BEST] Checkpoint saved → checkpoints/best_model.pth

  Ep 168 | step 0000/467 | loss=0.9025 | diff=0.6102 | kd=0.2656 | recon=0.2658 | t=1s
  Ep 168 | step 0050/467 | loss=0.9230 | diff=0.6144 | kd=0.2006 | recon=0.2886 | t=17s
  Ep 168 | step 0100/467 | loss=0.9302 | diff=0.6144 | kd=0.2419 | recon=0.2916 | t=34s
  Ep 168 | step 0150/467 | loss=0.9315 | diff=0.6147 | kd=0.2130 | recon=0.2955 | t=51s
  Ep 168 | step 0200/467 | loss=0.9043 | diff=0.6128 | kd=0.2325 | recon=0.2683 | t=67s
  Ep 168 | step 0250/467 | loss=0.9156 | diff=0.6125 | kd=0.2037 | recon=0.2827 | t=84s
  Ep 168 | step 0300/467 | loss=0.8886 | diff=0.6129 | kd=0.2189 | recon=0.2538 | t=100s
  Ep 168 | step 0350/467 | loss=0.8838 | diff=0.6124 | kd=0.2398 | recon=0.2474 | t=117s
  Ep 168 | step 0400/467 | loss=0.9422 | diff=0.6143 | kd=0.1852 | recon=0.3094 | t=134s
  Ep 168 | step 0450/467 | loss=0.9102 | diff=0.6118 | kd=0.2500 | recon=0.2734 | t=150s

  ── Epoch 168/200 (211s) ──────────────────────
  Train  loss=0.9168  diff=0.6147  kd=0.2263  recon=0.2795
  Val    loss=0.9169  RMSE=0.6570  MAE=0.5186  lr=7.12e-06

  Ep 169 | step 0000/467 | loss=0.9194 | diff=0.6137 | kd=0.1977 | recon=0.2860 | t=1s
  Ep 169 | step 0050/467 | loss=0.9015 | diff=0.6158 | kd=0.2537 | recon=0.2603 | t=18s
  Ep 169 | step 0100/467 | loss=0.9272 | diff=0.6141 | kd=0.2210 | recon=0.2910 | t=34s
  Ep 169 | step 0150/467 | loss=0.9040 | diff=0.6105 | kd=0.3118 | recon=0.2624 | t=50s
  Ep 169 | step 0200/467 | loss=0.9176 | diff=0.6108 | kd=0.1966 | recon=0.2872 | t=67s
  Ep 169 | step 0250/467 | loss=0.9104 | diff=0.6127 | kd=0.2127 | recon=0.2764 | t=83s
  Ep 169 | step 0300/467 | loss=0.8926 | diff=0.6143 | kd=0.2103 | recon=0.2573 | t=100s
  Ep 169 | step 0350/467 | loss=0.9031 | diff=0.6112 | kd=0.1899 | recon=0.2730 | t=117s
  Ep 169 | step 0400/467 | loss=0.8964 | diff=0.6110 | kd=0.1928 | recon=0.2662 | t=133s
  Ep 169 | step 0450/467 | loss=0.9493 | diff=0.6136 | kd=0.1902 | recon=0.3167 | t=150s

  ── Epoch 169/200 (210s) ──────────────────────
  Train  loss=0.9164  diff=0.6145  kd=0.2263  recon=0.2793
  Val    loss=0.9161  RMSE=0.6750  MAE=0.5368  lr=6.75e-06

  Ep 170 | step 0000/467 | loss=0.9377 | diff=0.6129 | kd=0.1900 | recon=0.3058 | t=1s
  Ep 170 | step 0050/467 | loss=0.8655 | diff=0.6144 | kd=0.2257 | recon=0.2286 | t=18s
  Ep 170 | step 0100/467 | loss=0.9154 | diff=0.6146 | kd=0.1718 | recon=0.2836 | t=34s
  Ep 170 | step 0150/467 | loss=0.9385 | diff=0.6122 | kd=0.2357 | recon=0.3027 | t=51s
  Ep 170 | step 0200/467 | loss=0.9118 | diff=0.6160 | kd=0.2639 | recon=0.2694 | t=67s
  Ep 170 | step 0250/467 | loss=0.9249 | diff=0.6117 | kd=0.2467 | recon=0.2885 | t=84s
  Ep 170 | step 0300/467 | loss=0.9342 | diff=0.6145 | kd=0.2264 | recon=0.2970 | t=100s
  Ep 170 | step 0350/467 | loss=0.8916 | diff=0.6135 | kd=0.2940 | recon=0.2487 | t=117s
  Ep 170 | step 0400/467 | loss=0.9446 | diff=0.6157 | kd=0.1797 | recon=0.3109 | t=133s
  Ep 170 | step 0450/467 | loss=0.9150 | diff=0.6137 | kd=0.2019 | recon=0.2811 | t=150s

  ── Epoch 170/200 (210s) ──────────────────────
  Train  loss=0.9162  diff=0.6145  kd=0.2264  recon=0.2791
  Val    loss=0.9174  RMSE=0.6789  MAE=0.5403  lr=6.40e-06
  [EP170] Checkpoint saved → checkpoints/epoch_170.pth

  Ep 171 | step 0000/467 | loss=0.9119 | diff=0.6116 | kd=0.2316 | recon=0.2772 | t=1s
  Ep 171 | step 0050/467 | loss=0.9508 | diff=0.6160 | kd=0.2384 | recon=0.3110 | t=17s
  Ep 171 | step 0100/467 | loss=0.9038 | diff=0.6297 | kd=0.2437 | recon=0.2497 | t=34s
  Ep 171 | step 0150/467 | loss=0.8906 | diff=0.6127 | kd=0.2192 | recon=0.2560 | t=51s
  Ep 171 | step 0200/467 | loss=0.9410 | diff=0.6131 | kd=0.1905 | recon=0.3089 | t=67s
  Ep 171 | step 0250/467 | loss=0.8997 | diff=0.6138 | kd=0.1756 | recon=0.2684 | t=84s
  Ep 171 | step 0300/467 | loss=0.8912 | diff=0.6142 | kd=0.2134 | recon=0.2556 | t=100s
  Ep 171 | step 0350/467 | loss=0.9340 | diff=0.6122 | kd=0.2619 | recon=0.2956 | t=117s
  Ep 171 | step 0400/467 | loss=0.9079 | diff=0.6168 | kd=0.2080 | recon=0.2703 | t=134s
  Ep 171 | step 0450/467 | loss=0.8924 | diff=0.6115 | kd=0.2176 | recon=0.2591 | t=150s

  ── Epoch 171/200 (211s) ──────────────────────
  Train  loss=0.9162  diff=0.6144  kd=0.2265  recon=0.2791
  Val    loss=0.9164  RMSE=0.6787  MAE=0.5409  lr=6.05e-06

  Ep 172 | step 0000/467 | loss=0.9104 | diff=0.6121 | kd=0.2230 | recon=0.2760 | t=1s
  Ep 172 | step 0050/467 | loss=0.8963 | diff=0.6128 | kd=0.1950 | recon=0.2640 | t=17s
  Ep 172 | step 0100/467 | loss=0.9254 | diff=0.6228 | kd=0.2269 | recon=0.2799 | t=34s
  Ep 172 | step 0150/467 | loss=0.9330 | diff=0.6125 | kd=0.2051 | recon=0.3000 | t=50s
  Ep 172 | step 0200/467 | loss=0.9634 | diff=0.6128 | kd=0.2392 | recon=0.3267 | t=67s
  Ep 172 | step 0250/467 | loss=0.9236 | diff=0.6142 | kd=0.2065 | recon=0.2887 | t=84s
  Ep 172 | step 0300/467 | loss=0.8886 | diff=0.6126 | kd=0.2201 | recon=0.2540 | t=101s
  Ep 172 | step 0350/467 | loss=0.9122 | diff=0.6127 | kd=0.2458 | recon=0.2749 | t=117s
  Ep 172 | step 0400/467 | loss=0.8952 | diff=0.6126 | kd=0.2186 | recon=0.2608 | t=134s
  Ep 172 | step 0450/467 | loss=0.9103 | diff=0.6118 | kd=0.2034 | recon=0.2782 | t=151s

  ── Epoch 172/200 (212s) ──────────────────────
  Train  loss=0.9161  diff=0.6144  kd=0.2267  recon=0.2791
  Val    loss=0.9162  RMSE=0.6734  MAE=0.5357  lr=5.71e-06

  Ep 173 | step 0000/467 | loss=0.8804 | diff=0.6132 | kd=0.2730 | recon=0.2399 | t=1s
  Ep 173 | step 0050/467 | loss=0.9085 | diff=0.6164 | kd=0.2485 | recon=0.2672 | t=17s
  Ep 173 | step 0100/467 | loss=0.9107 | diff=0.6193 | kd=0.1918 | recon=0.2722 | t=34s
  Ep 173 | step 0150/467 | loss=0.9251 | diff=0.6133 | kd=0.2346 | recon=0.2883 | t=51s
  Ep 173 | step 0200/467 | loss=0.9217 | diff=0.6119 | kd=0.2433 | recon=0.2855 | t=67s
  Ep 173 | step 0250/467 | loss=0.9014 | diff=0.6120 | kd=0.1837 | recon=0.2710 | t=84s
  Ep 173 | step 0300/467 | loss=0.9306 | diff=0.6124 | kd=0.2320 | recon=0.2950 | t=101s
  Ep 173 | step 0350/467 | loss=0.8944 | diff=0.6119 | kd=0.2373 | recon=0.2587 | t=118s
  Ep 173 | step 0400/467 | loss=0.9493 | diff=0.6131 | kd=0.2177 | recon=0.3144 | t=134s
  Ep 173 | step 0450/467 | loss=0.8936 | diff=0.6142 | kd=0.2237 | recon=0.2569 | t=151s

  ── Epoch 173/200 (212s) ──────────────────────
  Train  loss=0.9155  diff=0.6138  kd=0.2261  recon=0.2790
  Val    loss=0.9158  RMSE=0.6788  MAE=0.5405  lr=5.39e-06

  Ep 174 | step 0000/467 | loss=0.8996 | diff=0.6134 | kd=0.1760 | recon=0.2685 | t=1s
  Ep 174 | step 0050/467 | loss=0.9095 | diff=0.6119 | kd=0.1834 | recon=0.2793 | t=18s
  Ep 174 | step 0100/467 | loss=0.8744 | diff=0.6148 | kd=0.2006 | recon=0.2395 | t=34s
  Ep 174 | step 0150/467 | loss=0.8897 | diff=0.6141 | kd=0.2260 | recon=0.2531 | t=51s
  Ep 174 | step 0200/467 | loss=0.9136 | diff=0.6116 | kd=0.2492 | recon=0.2771 | t=68s
  Ep 174 | step 0250/467 | loss=0.9070 | diff=0.6167 | kd=0.2110 | recon=0.2692 | t=84s
  Ep 174 | step 0300/467 | loss=0.9249 | diff=0.6130 | kd=0.2574 | recon=0.2862 | t=101s
  Ep 174 | step 0350/467 | loss=0.9122 | diff=0.6131 | kd=0.2098 | recon=0.2781 | t=118s
  Ep 174 | step 0400/467 | loss=0.9055 | diff=0.6110 | kd=0.2116 | recon=0.2733 | t=135s
  Ep 174 | step 0450/467 | loss=0.9267 | diff=0.6126 | kd=0.2427 | recon=0.2898 | t=151s

  ── Epoch 174/200 (212s) ──────────────────────
  Train  loss=0.9162  diff=0.6144  kd=0.2264  recon=0.2792
  Val    loss=0.9182  RMSE=0.6733  MAE=0.5350  lr=5.07e-06

  Ep 175 | step 0000/467 | loss=0.9391 | diff=0.6220 | kd=0.2085 | recon=0.2962 | t=1s
  Ep 175 | step 0050/467 | loss=0.9409 | diff=0.6240 | kd=0.2081 | recon=0.2961 | t=18s
  Ep 175 | step 0100/467 | loss=0.9208 | diff=0.6131 | kd=0.1928 | recon=0.2884 | t=34s
  Ep 175 | step 0150/467 | loss=0.9160 | diff=0.6128 | kd=0.1670 | recon=0.2865 | t=51s
  Ep 175 | step 0200/467 | loss=0.9137 | diff=0.6112 | kd=0.2240 | recon=0.2801 | t=67s
  Ep 175 | step 0250/467 | loss=0.8878 | diff=0.6131 | kd=0.2329 | recon=0.2514 | t=84s
  Ep 175 | step 0300/467 | loss=0.9262 | diff=0.6127 | kd=0.2041 | recon=0.2931 | t=101s
  Ep 175 | step 0350/467 | loss=0.9375 | diff=0.6159 | kd=0.2077 | recon=0.3008 | t=117s
  Ep 175 | step 0400/467 | loss=0.9071 | diff=0.6197 | kd=0.2671 | recon=0.2607 | t=134s
  Ep 175 | step 0450/467 | loss=0.9349 | diff=0.6142 | kd=0.2988 | recon=0.2908 | t=151s

  ── Epoch 175/200 (212s) ──────────────────────
  Train  loss=0.9157  diff=0.6141  kd=0.2261  recon=0.2790
  Val    loss=0.9159  RMSE=0.6750  MAE=0.5362  lr=4.77e-06

  Ep 176 | step 0000/467 | loss=0.9552 | diff=0.6186 | kd=0.3076 | recon=0.3058 | t=1s
  Ep 176 | step 0050/467 | loss=0.9351 | diff=0.6139 | kd=0.1957 | recon=0.3016 | t=18s
  Ep 176 | step 0100/467 | loss=0.9157 | diff=0.6128 | kd=0.1901 | recon=0.2839 | t=34s
  Ep 176 | step 0150/467 | loss=0.9234 | diff=0.6145 | kd=0.2056 | recon=0.2883 | t=51s
  Ep 176 | step 0200/467 | loss=0.9156 | diff=0.6112 | kd=0.1785 | recon=0.2866 | t=68s
  Ep 176 | step 0250/467 | loss=0.9270 | diff=0.6108 | kd=0.2026 | recon=0.2959 | t=84s
  Ep 176 | step 0300/467 | loss=0.9491 | diff=0.6317 | kd=0.2737 | recon=0.2901 | t=101s
  Ep 176 | step 0350/467 | loss=0.9305 | diff=0.6137 | kd=0.1933 | recon=0.2974 | t=118s
  Ep 176 | step 0400/467 | loss=0.9372 | diff=0.6126 | kd=0.2150 | recon=0.3031 | t=134s
  Ep 176 | step 0450/467 | loss=0.8873 | diff=0.6114 | kd=0.2079 | recon=0.2550 | t=151s

  ── Epoch 176/200 (212s) ──────────────────────
  Train  loss=0.9155  diff=0.6139  kd=0.2264  recon=0.2789
  Val    loss=0.9148  RMSE=0.6845  MAE=0.5452  lr=4.48e-06

  Ep 177 | step 0000/467 | loss=0.8849 | diff=0.6145 | kd=0.2176 | recon=0.2487 | t=1s
  Ep 177 | step 0050/467 | loss=0.9457 | diff=0.6155 | kd=0.2103 | recon=0.3092 | t=18s
  Ep 177 | step 0100/467 | loss=0.9081 | diff=0.6145 | kd=0.2083 | recon=0.2728 | t=34s
  Ep 177 | step 0150/467 | loss=0.9088 | diff=0.6127 | kd=0.2301 | recon=0.2731 | t=51s
  Ep 177 | step 0200/467 | loss=0.8985 | diff=0.6211 | kd=0.2495 | recon=0.2525 | t=68s
  Ep 177 | step 0250/467 | loss=0.9020 | diff=0.6124 | kd=0.2058 | recon=0.2690 | t=84s
  Ep 177 | step 0300/467 | loss=0.8963 | diff=0.6148 | kd=0.2207 | recon=0.2595 | t=101s
  Ep 177 | step 0350/467 | loss=0.9371 | diff=0.6106 | kd=0.2182 | recon=0.3046 | t=118s
  Ep 177 | step 0400/467 | loss=0.9235 | diff=0.6267 | kd=0.1970 | recon=0.2771 | t=135s
  Ep 177 | step 0450/467 | loss=0.9379 | diff=0.6133 | kd=0.2381 | recon=0.3008 | t=151s

  ── Epoch 177/200 (212s) ──────────────────────
  Train  loss=0.9156  diff=0.6142  kd=0.2262  recon=0.2788
  Val    loss=0.9148  RMSE=0.6729  MAE=0.5333  lr=4.20e-06

  Ep 178 | step 0000/467 | loss=0.9263 | diff=0.6135 | kd=0.2083 | recon=0.2920 | t=1s
  Ep 178 | step 0050/467 | loss=0.9507 | diff=0.6162 | kd=0.2397 | recon=0.3105 | t=17s
  Ep 178 | step 0100/467 | loss=0.9052 | diff=0.6102 | kd=0.2201 | recon=0.2730 | t=33s
  Ep 178 | step 0150/467 | loss=0.9210 | diff=0.6132 | kd=0.1892 | recon=0.2889 | t=49s
  Ep 178 | step 0200/467 | loss=0.8979 | diff=0.6143 | kd=0.2064 | recon=0.2630 | t=65s
  Ep 178 | step 0250/467 | loss=0.9425 | diff=0.6132 | kd=0.2167 | recon=0.3076 | t=81s
  Ep 178 | step 0300/467 | loss=0.9654 | diff=0.6139 | kd=0.1897 | recon=0.3325 | t=96s
  Ep 178 | step 0350/467 | loss=0.9408 | diff=0.6151 | kd=0.2518 | recon=0.3006 | t=112s
  Ep 178 | step 0400/467 | loss=0.9118 | diff=0.6146 | kd=0.2077 | recon=0.2765 | t=128s
  Ep 178 | step 0450/467 | loss=0.9130 | diff=0.6155 | kd=0.2361 | recon=0.2738 | t=144s

  ── Epoch 178/200 (203s) ──────────────────────
  Train  loss=0.9155  diff=0.6140  kd=0.2264  recon=0.2789
  Val    loss=0.9167  RMSE=0.6761  MAE=0.5379  lr=3.93e-06

  Ep 179 | step 0000/467 | loss=0.8962 | diff=0.6137 | kd=0.2770 | recon=0.2548 | t=1s
  Ep 179 | step 0050/467 | loss=0.9024 | diff=0.6125 | kd=0.2620 | recon=0.2637 | t=18s
  Ep 179 | step 0100/467 | loss=0.9264 | diff=0.6155 | kd=0.1892 | recon=0.2920 | t=34s
  Ep 179 | step 0150/467 | loss=0.9505 | diff=0.6256 | kd=0.1849 | recon=0.3064 | t=51s
  Ep 179 | step 0200/467 | loss=0.9348 | diff=0.6401 | kd=0.2657 | recon=0.2682 | t=68s
  Ep 179 | step 0250/467 | loss=0.9090 | diff=0.6149 | kd=0.2663 | recon=0.2675 | t=84s
  Ep 179 | step 0300/467 | loss=0.9682 | diff=0.6200 | kd=0.2478 | recon=0.3234 | t=101s
  Ep 179 | step 0350/467 | loss=0.8846 | diff=0.6140 | kd=0.2306 | recon=0.2476 | t=118s
  Ep 179 | step 0400/467 | loss=0.9270 | diff=0.6138 | kd=0.2781 | recon=0.2854 | t=135s
  Ep 179 | step 0450/467 | loss=0.9069 | diff=0.6129 | kd=0.2645 | recon=0.2675 | t=151s

  ── Epoch 179/200 (212s) ──────────────────────
  Train  loss=0.9156  diff=0.6140  kd=0.2263  recon=0.2789
  Val    loss=0.9141  RMSE=0.6869  MAE=0.5476  lr=3.67e-06
  [BEST] Checkpoint saved → checkpoints/best_model.pth

  Ep 180 | step 0000/467 | loss=0.9420 | diff=0.6163 | kd=0.2327 | recon=0.3024 | t=1s
  Ep 180 | step 0050/467 | loss=0.9214 | diff=0.6129 | kd=0.2232 | recon=0.2862 | t=17s
  Ep 180 | step 0100/467 | loss=0.8952 | diff=0.6136 | kd=0.1941 | recon=0.2622 | t=34s
  Ep 180 | step 0150/467 | loss=0.9270 | diff=0.6132 | kd=0.2651 | recon=0.2873 | t=51s
  Ep 180 | step 0200/467 | loss=0.9226 | diff=0.6123 | kd=0.1927 | recon=0.2910 | t=67s
  Ep 180 | step 0250/467 | loss=0.8837 | diff=0.6132 | kd=0.2842 | recon=0.2421 | t=84s
  Ep 180 | step 0300/467 | loss=0.9522 | diff=0.6146 | kd=0.2429 | recon=0.3134 | t=100s
  Ep 180 | step 0350/467 | loss=0.9676 | diff=0.6124 | kd=0.2605 | recon=0.3292 | t=117s
  Ep 180 | step 0400/467 | loss=0.9277 | diff=0.6329 | kd=0.2283 | recon=0.2720 | t=134s
  Ep 180 | step 0450/467 | loss=0.8794 | diff=0.6123 | kd=0.2501 | recon=0.2420 | t=150s

  ── Epoch 180/200 (211s) ──────────────────────
  Train  loss=0.9153  diff=0.6140  kd=0.2263  recon=0.2787
  Val    loss=0.9151  RMSE=0.6778  MAE=0.5385  lr=3.42e-06
  [EP180] Checkpoint saved → checkpoints/epoch_180.pth

  Ep 181 | step 0000/467 | loss=0.9284 | diff=0.6117 | kd=0.2015 | recon=0.2966 | t=1s
  Ep 181 | step 0050/467 | loss=0.9152 | diff=0.6113 | kd=0.3135 | recon=0.2726 | t=17s
  Ep 181 | step 0100/467 | loss=0.8996 | diff=0.6134 | kd=0.2308 | recon=0.2631 | t=34s
  Ep 181 | step 0150/467 | loss=0.9332 | diff=0.6134 | kd=0.2786 | recon=0.2919 | t=51s
  Ep 181 | step 0200/467 | loss=0.9311 | diff=0.6253 | kd=0.2270 | recon=0.2831 | t=68s
  Ep 181 | step 0250/467 | loss=0.8967 | diff=0.6114 | kd=0.2448 | recon=0.2608 | t=84s
  Ep 181 | step 0300/467 | loss=0.8931 | diff=0.6118 | kd=0.2114 | recon=0.2602 | t=101s
  Ep 181 | step 0350/467 | loss=0.9082 | diff=0.6121 | kd=0.2238 | recon=0.2737 | t=118s
  Ep 181 | step 0400/467 | loss=0.9214 | diff=0.6127 | kd=0.2023 | recon=0.2885 | t=134s
  Ep 181 | step 0450/467 | loss=0.8954 | diff=0.6115 | kd=0.2087 | recon=0.2630 | t=151s

  ── Epoch 181/200 (212s) ──────────────────────
  Train  loss=0.9154  diff=0.6138  kd=0.2264  recon=0.2789
  Val    loss=0.9142  RMSE=0.6770  MAE=0.5370  lr=3.19e-06

  Ep 182 | step 0000/467 | loss=0.9144 | diff=0.6167 | kd=0.1785 | recon=0.2798 | t=1s
  Ep 182 | step 0050/467 | loss=0.8860 | diff=0.6131 | kd=0.2154 | recon=0.2514 | t=17s
  Ep 182 | step 0100/467 | loss=0.9063 | diff=0.6131 | kd=0.2220 | recon=0.2710 | t=34s
  Ep 182 | step 0150/467 | loss=0.9177 | diff=0.6107 | kd=0.2364 | recon=0.2834 | t=51s
  Ep 182 | step 0200/467 | loss=0.8946 | diff=0.6121 | kd=0.2173 | recon=0.2608 | t=68s
  Ep 182 | step 0250/467 | loss=0.9514 | diff=0.6134 | kd=0.2024 | recon=0.3177 | t=84s
  Ep 182 | step 0300/467 | loss=0.8909 | diff=0.6126 | kd=0.2024 | recon=0.2581 | t=101s
  Ep 182 | step 0350/467 | loss=0.9025 | diff=0.6141 | kd=0.2339 | recon=0.2649 | t=118s
  Ep 182 | step 0400/467 | loss=0.8999 | diff=0.6112 | kd=0.2153 | recon=0.2671 | t=134s
  Ep 182 | step 0450/467 | loss=0.9167 | diff=0.6153 | kd=0.2112 | recon=0.2802 | t=151s

  ── Epoch 182/200 (212s) ──────────────────────
  Train  loss=0.9153  diff=0.6138  kd=0.2262  recon=0.2789
  Val    loss=0.9167  RMSE=0.6772  MAE=0.5387  lr=2.97e-06

  Ep 183 | step 0000/467 | loss=0.8920 | diff=0.6107 | kd=0.2422 | recon=0.2571 | t=1s
  Ep 183 | step 0050/467 | loss=0.9021 | diff=0.6145 | kd=0.2156 | recon=0.2660 | t=18s
  Ep 183 | step 0100/467 | loss=0.8552 | diff=0.6116 | kd=0.2110 | recon=0.2225 | t=34s
  Ep 183 | step 0150/467 | loss=0.9101 | diff=0.6268 | kd=0.2304 | recon=0.2603 | t=51s
  Ep 183 | step 0200/467 | loss=0.9212 | diff=0.6176 | kd=0.2141 | recon=0.2822 | t=68s
  Ep 183 | step 0250/467 | loss=0.9294 | diff=0.6156 | kd=0.2694 | recon=0.2869 | t=85s
  Ep 183 | step 0300/467 | loss=0.9113 | diff=0.6113 | kd=0.2227 | recon=0.2777 | t=101s
  Ep 183 | step 0350/467 | loss=0.9561 | diff=0.6120 | kd=0.2417 | recon=0.3199 | t=118s
  Ep 183 | step 0400/467 | loss=0.9445 | diff=0.6252 | kd=0.2295 | recon=0.2963 | t=135s
  Ep 183 | step 0450/467 | loss=0.9160 | diff=0.6117 | kd=0.1887 | recon=0.2855 | t=152s

  ── Epoch 183/200 (212s) ──────────────────────
  Train  loss=0.9149  diff=0.6136  kd=0.2260  recon=0.2787
  Val    loss=0.9161  RMSE=0.6721  MAE=0.5339  lr=2.75e-06

  Ep 184 | step 0000/467 | loss=0.9495 | diff=0.6133 | kd=0.2175 | recon=0.3144 | t=1s
  Ep 184 | step 0050/467 | loss=0.9300 | diff=0.6270 | kd=0.2796 | recon=0.2750 | t=18s
  Ep 184 | step 0100/467 | loss=0.9415 | diff=0.6126 | kd=0.1922 | recon=0.3097 | t=34s
  Ep 184 | step 0150/467 | loss=0.9042 | diff=0.6135 | kd=0.2021 | recon=0.2705 | t=51s
  Ep 184 | step 0200/467 | loss=0.9177 | diff=0.6154 | kd=0.2108 | recon=0.2813 | t=68s
  Ep 184 | step 0250/467 | loss=0.9309 | diff=0.6125 | kd=0.2011 | recon=0.2983 | t=84s
  Ep 184 | step 0300/467 | loss=0.8997 | diff=0.6125 | kd=0.2430 | recon=0.2630 | t=101s
  Ep 184 | step 0350/467 | loss=0.9364 | diff=0.6122 | kd=0.2175 | recon=0.3024 | t=118s
  Ep 184 | step 0400/467 | loss=0.9272 | diff=0.6111 | kd=0.2050 | recon=0.2956 | t=135s
  Ep 184 | step 0450/467 | loss=0.9149 | diff=0.6180 | kd=0.2625 | recon=0.2706 | t=151s

  ── Epoch 184/200 (212s) ──────────────────────
  Train  loss=0.9148  diff=0.6136  kd=0.2260  recon=0.2786
  Val    loss=0.9152  RMSE=0.6746  MAE=0.5364  lr=2.56e-06

  Ep 185 | step 0000/467 | loss=0.9238 | diff=0.6135 | kd=0.1839 | recon=0.2919 | t=1s
  Ep 185 | step 0050/467 | loss=0.9110 | diff=0.6257 | kd=0.2199 | recon=0.2633 | t=18s
  Ep 185 | step 0100/467 | loss=0.9119 | diff=0.6122 | kd=0.1890 | recon=0.2808 | t=34s
  Ep 185 | step 0150/467 | loss=0.9097 | diff=0.6117 | kd=0.2185 | recon=0.2761 | t=51s
  Ep 185 | step 0200/467 | loss=0.9214 | diff=0.6237 | kd=0.2404 | recon=0.2737 | t=68s
  Ep 185 | step 0250/467 | loss=0.9116 | diff=0.6122 | kd=0.2038 | recon=0.2790 | t=84s
  Ep 185 | step 0300/467 | loss=0.9186 | diff=0.6203 | kd=0.2957 | recon=0.2688 | t=101s
  Ep 185 | step 0350/467 | loss=0.9367 | diff=0.6130 | kd=0.2550 | recon=0.2982 | t=118s
  Ep 185 | step 0400/467 | loss=0.8964 | diff=0.6129 | kd=0.2475 | recon=0.2588 | t=134s
  Ep 185 | step 0450/467 | loss=0.9252 | diff=0.6111 | kd=0.2970 | recon=0.2844 | t=151s

  ── Epoch 185/200 (212s) ──────────────────────
  Train  loss=0.9149  diff=0.6137  kd=0.2262  recon=0.2786
  Val    loss=0.9147  RMSE=0.6811  MAE=0.5424  lr=2.37e-06

  Ep 186 | step 0000/467 | loss=0.9311 | diff=0.6129 | kd=0.2016 | recon=0.2981 | t=1s
  Ep 186 | step 0050/467 | loss=0.9235 | diff=0.6115 | kd=0.2602 | recon=0.2860 | t=18s
  Ep 186 | step 0100/467 | loss=0.9279 | diff=0.6154 | kd=0.2092 | recon=0.2916 | t=34s
  Ep 186 | step 0150/467 | loss=0.9305 | diff=0.6177 | kd=0.2691 | recon=0.2858 | t=51s
  Ep 186 | step 0200/467 | loss=0.9228 | diff=0.6110 | kd=0.2372 | recon=0.2881 | t=68s
  Ep 186 | step 0250/467 | loss=0.9177 | diff=0.6118 | kd=0.1897 | recon=0.2870 | t=84s
  Ep 186 | step 0300/467 | loss=0.8871 | diff=0.6117 | kd=0.2376 | recon=0.2517 | t=101s
  Ep 186 | step 0350/467 | loss=0.9346 | diff=0.6180 | kd=0.2368 | recon=0.2928 | t=117s
  Ep 186 | step 0400/467 | loss=0.9069 | diff=0.6152 | kd=0.2472 | recon=0.2669 | t=134s
  Ep 186 | step 0450/467 | loss=0.9190 | diff=0.6302 | kd=0.1854 | recon=0.2702 | t=151s

  ── Epoch 186/200 (212s) ──────────────────────
  Train  loss=0.9151  diff=0.6137  kd=0.2262  recon=0.2788
  Val    loss=0.9144  RMSE=0.6729  MAE=0.5330  lr=2.19e-06

  Ep 187 | step 0000/467 | loss=0.9272 | diff=0.6180 | kd=0.2588 | recon=0.2834 | t=1s
  Ep 187 | step 0050/467 | loss=0.9187 | diff=0.6131 | kd=0.2520 | recon=0.2805 | t=17s
  Ep 187 | step 0100/467 | loss=0.9287 | diff=0.6120 | kd=0.1926 | recon=0.2974 | t=34s
  Ep 187 | step 0150/467 | loss=0.9350 | diff=0.6154 | kd=0.2321 | recon=0.2963 | t=51s
  Ep 187 | step 0200/467 | loss=0.8852 | diff=0.6117 | kd=0.2396 | recon=0.2496 | t=68s
  Ep 187 | step 0250/467 | loss=0.8820 | diff=0.6146 | kd=0.2493 | recon=0.2425 | t=84s
  Ep 187 | step 0300/467 | loss=0.9313 | diff=0.6136 | kd=0.1964 | recon=0.2980 | t=101s
  Ep 187 | step 0350/467 | loss=0.9224 | diff=0.6120 | kd=0.2583 | recon=0.2846 | t=117s
  Ep 187 | step 0400/467 | loss=0.9628 | diff=0.6301 | kd=0.2494 | recon=0.3078 | t=134s
  Ep 187 | step 0450/467 | loss=0.9074 | diff=0.6116 | kd=0.2008 | recon=0.2757 | t=151s

  ── Epoch 187/200 (212s) ──────────────────────
  Train  loss=0.9148  diff=0.6136  kd=0.2262  recon=0.2786
  Val    loss=0.9151  RMSE=0.6665  MAE=0.5278  lr=2.03e-06

  Ep 188 | step 0000/467 | loss=0.9391 | diff=0.6122 | kd=0.1871 | recon=0.3082 | t=1s
  Ep 188 | step 0050/467 | loss=0.9334 | diff=0.6126 | kd=0.2048 | recon=0.3002 | t=17s
  Ep 188 | step 0100/467 | loss=0.8956 | diff=0.6139 | kd=0.2271 | recon=0.2590 | t=34s
  Ep 188 | step 0150/467 | loss=0.9356 | diff=0.6151 | kd=0.1938 | recon=0.3011 | t=51s
  Ep 188 | step 0200/467 | loss=0.9456 | diff=0.6106 | kd=0.2269 | recon=0.3124 | t=68s
  Ep 188 | step 0250/467 | loss=0.9185 | diff=0.6129 | kd=0.2217 | recon=0.2834 | t=84s
  Ep 188 | step 0300/467 | loss=0.9072 | diff=0.6118 | kd=0.1837 | recon=0.2771 | t=101s
  Ep 188 | step 0350/467 | loss=0.9097 | diff=0.6114 | kd=0.2584 | recon=0.2725 | t=117s
  Ep 188 | step 0400/467 | loss=0.8779 | diff=0.6124 | kd=0.2294 | recon=0.2425 | t=134s
  Ep 188 | step 0450/467 | loss=0.9079 | diff=0.6125 | kd=0.2428 | recon=0.2711 | t=151s

  ── Epoch 188/200 (212s) ──────────────────────
  Train  loss=0.9148  diff=0.6135  kd=0.2261  recon=0.2787
  Val    loss=0.9141  RMSE=0.6736  MAE=0.5341  lr=1.88e-06

  Ep 189 | step 0000/467 | loss=0.8978 | diff=0.6123 | kd=0.2178 | recon=0.2637 | t=1s
  Ep 189 | step 0050/467 | loss=0.8956 | diff=0.6256 | kd=0.2185 | recon=0.2482 | t=18s
  Ep 189 | step 0100/467 | loss=0.8978 | diff=0.6126 | kd=0.2614 | recon=0.2590 | t=34s
  Ep 189 | step 0150/467 | loss=0.8989 | diff=0.6119 | kd=0.2167 | recon=0.2654 | t=51s
  Ep 189 | step 0200/467 | loss=0.9019 | diff=0.6122 | kd=0.2102 | recon=0.2686 | t=67s
  Ep 189 | step 0250/467 | loss=0.9175 | diff=0.6100 | kd=0.2103 | recon=0.2864 | t=84s
  Ep 189 | step 0300/467 | loss=0.9162 | diff=0.6140 | kd=0.2156 | recon=0.2807 | t=101s
  Ep 189 | step 0350/467 | loss=0.9265 | diff=0.6101 | kd=0.2269 | recon=0.2938 | t=117s
  Ep 189 | step 0400/467 | loss=0.9238 | diff=0.6111 | kd=0.1962 | recon=0.2931 | t=134s
  Ep 189 | step 0450/467 | loss=0.9023 | diff=0.6104 | kd=0.1849 | recon=0.2733 | t=151s

  ── Epoch 189/200 (212s) ──────────────────────
  Train  loss=0.9147  diff=0.6136  kd=0.2263  recon=0.2785
  Val    loss=0.9141  RMSE=0.6734  MAE=0.5337  lr=1.74e-06

  Ep 190 | step 0000/467 | loss=0.8754 | diff=0.6122 | kd=0.2026 | recon=0.2430 | t=1s
  Ep 190 | step 0050/467 | loss=0.9169 | diff=0.6117 | kd=0.2018 | recon=0.2850 | t=17s
  Ep 190 | step 0100/467 | loss=0.9279 | diff=0.6141 | kd=0.2041 | recon=0.2934 | t=34s
  Ep 190 | step 0150/467 | loss=0.8590 | diff=0.6114 | kd=0.2492 | recon=0.2227 | t=50s
  Ep 190 | step 0200/467 | loss=0.8992 | diff=0.6118 | kd=0.2559 | recon=0.2618 | t=66s
  Ep 190 | step 0250/467 | loss=0.9194 | diff=0.6124 | kd=0.2679 | recon=0.2802 | t=82s
  Ep 190 | step 0300/467 | loss=0.9097 | diff=0.6110 | kd=0.1742 | recon=0.2812 | t=98s
  Ep 190 | step 0350/467 | loss=0.9255 | diff=0.6178 | kd=0.2149 | recon=0.2862 | t=113s
  Ep 190 | step 0400/467 | loss=0.8967 | diff=0.6121 | kd=0.2039 | recon=0.2642 | t=129s
  Ep 190 | step 0450/467 | loss=0.9039 | diff=0.6193 | kd=0.1665 | recon=0.2680 | t=145s

  ── Epoch 190/200 (204s) ──────────────────────
  Train  loss=0.9148  diff=0.6135  kd=0.2261  recon=0.2787
  Val    loss=0.9164  RMSE=0.6822  MAE=0.5442  lr=1.61e-06
  [EP190] Checkpoint saved → checkpoints/epoch_190.pth

  Ep 191 | step 0000/467 | loss=0.8947 | diff=0.6121 | kd=0.2505 | recon=0.2575 | t=1s
  Ep 191 | step 0050/467 | loss=0.8809 | diff=0.6155 | kd=0.1682 | recon=0.2487 | t=17s
  Ep 191 | step 0100/467 | loss=0.9554 | diff=0.6109 | kd=0.2074 | recon=0.3238 | t=33s
  Ep 191 | step 0150/467 | loss=0.8902 | diff=0.6143 | kd=0.2525 | recon=0.2507 | t=49s
  Ep 191 | step 0200/467 | loss=0.9186 | diff=0.6191 | kd=0.2359 | recon=0.2760 | t=66s
  Ep 191 | step 0250/467 | loss=0.9150 | diff=0.6144 | kd=0.2525 | recon=0.2753 | t=82s
  Ep 191 | step 0300/467 | loss=0.9080 | diff=0.6137 | kd=0.1877 | recon=0.2756 | t=98s
  Ep 191 | step 0350/467 | loss=0.9270 | diff=0.6131 | kd=0.2117 | recon=0.2927 | t=115s
  Ep 191 | step 0400/467 | loss=0.9308 | diff=0.6280 | kd=0.2477 | recon=0.2781 | t=131s
  Ep 191 | step 0450/467 | loss=0.9022 | diff=0.6128 | kd=0.2725 | recon=0.2622 | t=148s

  ── Epoch 191/200 (208s) ──────────────────────
  Train  loss=0.9147  diff=0.6134  kd=0.2263  recon=0.2787
  Val    loss=0.9171  RMSE=0.6797  MAE=0.5411  lr=1.49e-06

  Ep 192 | step 0000/467 | loss=0.9243 | diff=0.6093 | kd=0.1931 | recon=0.2957 | t=1s
  Ep 192 | step 0050/467 | loss=0.9318 | diff=0.6125 | kd=0.2091 | recon=0.2984 | t=17s
  Ep 192 | step 0100/467 | loss=0.9205 | diff=0.6141 | kd=0.2148 | recon=0.2849 | t=34s
  Ep 192 | step 0150/467 | loss=0.9048 | diff=0.6106 | kd=0.1964 | recon=0.2745 | t=50s
  Ep 192 | step 0200/467 | loss=0.8747 | diff=0.6147 | kd=0.2418 | recon=0.2359 | t=67s
  Ep 192 | step 0250/467 | loss=0.9258 | diff=0.6123 | kd=0.2081 | recon=0.2927 | t=83s
  Ep 192 | step 0300/467 | loss=0.9254 | diff=0.6144 | kd=0.2216 | recon=0.2888 | t=100s
  Ep 192 | step 0350/467 | loss=0.9128 | diff=0.6114 | kd=0.2329 | recon=0.2782 | t=116s
  Ep 192 | step 0400/467 | loss=0.9459 | diff=0.6119 | kd=0.1972 | recon=0.3143 | t=132s
  Ep 192 | step 0450/467 | loss=0.8840 | diff=0.6140 | kd=0.1895 | recon=0.2510 | t=149s

  ── Epoch 192/200 (210s) ──────────────────────
  Train  loss=0.9147  diff=0.6134  kd=0.2262  recon=0.2786
  Val    loss=0.9138  RMSE=0.6885  MAE=0.5482  lr=1.39e-06
  [BEST] Checkpoint saved → checkpoints/best_model.pth

  Ep 193 | step 0000/467 | loss=0.9505 | diff=0.6253 | kd=0.1775 | recon=0.3074 | t=1s
  Ep 193 | step 0050/467 | loss=0.8761 | diff=0.6131 | kd=0.2346 | recon=0.2396 | t=17s
  Ep 193 | step 0100/467 | loss=0.8877 | diff=0.6142 | kd=0.2194 | recon=0.2515 | t=34s
  Ep 193 | step 0150/467 | loss=0.9227 | diff=0.6115 | kd=0.2074 | recon=0.2904 | t=50s
  Ep 193 | step 0200/467 | loss=0.9252 | diff=0.6136 | kd=0.1840 | recon=0.2932 | t=67s
  Ep 193 | step 0250/467 | loss=0.9338 | diff=0.6136 | kd=0.1772 | recon=0.3025 | t=83s
  Ep 193 | step 0300/467 | loss=0.9065 | diff=0.6128 | kd=0.2385 | recon=0.2698 | t=100s
  Ep 193 | step 0350/467 | loss=0.9323 | diff=0.6138 | kd=0.1865 | recon=0.2998 | t=116s
  Ep 193 | step 0400/467 | loss=0.9333 | diff=0.6126 | kd=0.2115 | recon=0.2995 | t=132s
  Ep 193 | step 0450/467 | loss=0.8890 | diff=0.6134 | kd=0.2126 | recon=0.2543 | t=149s

  ── Epoch 193/200 (209s) ──────────────────────
  Train  loss=0.9148  diff=0.6136  kd=0.2259  recon=0.2786
  Val    loss=0.9144  RMSE=0.6729  MAE=0.5332  lr=1.30e-06

  Ep 194 | step 0000/467 | loss=0.9218 | diff=0.6132 | kd=0.2012 | recon=0.2885 | t=1s
  Ep 194 | step 0050/467 | loss=0.8949 | diff=0.6138 | kd=0.1795 | recon=0.2631 | t=17s
  Ep 194 | step 0100/467 | loss=0.9022 | diff=0.6147 | kd=0.2776 | recon=0.2597 | t=33s
  Ep 194 | step 0150/467 | loss=0.9323 | diff=0.6113 | kd=0.1888 | recon=0.3021 | t=50s
  Ep 194 | step 0200/467 | loss=0.9244 | diff=0.6122 | kd=0.2105 | recon=0.2912 | t=66s
  Ep 194 | step 0250/467 | loss=0.9103 | diff=0.6167 | kd=0.2129 | recon=0.2723 | t=83s
  Ep 194 | step 0300/467 | loss=0.8750 | diff=0.6131 | kd=0.2219 | recon=0.2398 | t=99s
  Ep 194 | step 0350/467 | loss=0.8945 | diff=0.6120 | kd=0.2088 | recon=0.2616 | t=116s
  Ep 194 | step 0400/467 | loss=0.9302 | diff=0.6099 | kd=0.3015 | recon=0.2902 | t=132s
  Ep 194 | step 0450/467 | loss=0.9512 | diff=0.6155 | kd=0.2345 | recon=0.3122 | t=149s

  ── Epoch 194/200 (209s) ──────────────────────
  Train  loss=0.9145  diff=0.6134  kd=0.2262  recon=0.2785
  Val    loss=0.9197  RMSE=0.6791  MAE=0.5417  lr=1.22e-06

  Ep 195 | step 0000/467 | loss=0.8900 | diff=0.6135 | kd=0.2367 | recon=0.2529 | t=1s
  Ep 195 | step 0050/467 | loss=0.8840 | diff=0.6147 | kd=0.2342 | recon=0.2458 | t=17s
  Ep 195 | step 0100/467 | loss=0.9210 | diff=0.6116 | kd=0.2212 | recon=0.2873 | t=34s
  Ep 195 | step 0150/467 | loss=0.9250 | diff=0.6103 | kd=0.1828 | recon=0.2964 | t=50s
  Ep 195 | step 0200/467 | loss=0.9276 | diff=0.6127 | kd=0.3673 | recon=0.2781 | t=67s
  Ep 195 | step 0250/467 | loss=0.8783 | diff=0.6104 | kd=0.2257 | recon=0.2453 | t=83s
  Ep 195 | step 0300/467 | loss=0.9295 | diff=0.6122 | kd=0.2154 | recon=0.2958 | t=100s
  Ep 195 | step 0350/467 | loss=0.8894 | diff=0.6131 | kd=0.2222 | recon=0.2541 | t=116s
  Ep 195 | step 0400/467 | loss=0.8880 | diff=0.6110 | kd=0.2692 | recon=0.2501 | t=133s
  Ep 195 | step 0450/467 | loss=0.9057 | diff=0.6118 | kd=0.2795 | recon=0.2659 | t=149s

  ── Epoch 195/200 (209s) ──────────────────────
  Train  loss=0.9147  diff=0.6135  kd=0.2259  recon=0.2785
  Val    loss=0.9148  RMSE=0.6643  MAE=0.5235  lr=1.15e-06

  Ep 196 | step 0000/467 | loss=0.9244 | diff=0.6120 | kd=0.2832 | recon=0.2840 | t=1s
  Ep 196 | step 0050/467 | loss=0.9307 | diff=0.6123 | kd=0.1993 | recon=0.2985 | t=17s
  Ep 196 | step 0100/467 | loss=0.8923 | diff=0.6217 | kd=0.2902 | recon=0.2416 | t=34s
  Ep 196 | step 0150/467 | loss=0.9215 | diff=0.6135 | kd=0.2336 | recon=0.2846 | t=51s
  Ep 196 | step 0200/467 | loss=0.9120 | diff=0.6125 | kd=0.2128 | recon=0.2782 | t=67s
  Ep 196 | step 0250/467 | loss=0.9239 | diff=0.6134 | kd=0.1717 | recon=0.2933 | t=83s
  Ep 196 | step 0300/467 | loss=0.8905 | diff=0.6135 | kd=0.1931 | recon=0.2576 | t=100s
  Ep 196 | step 0350/467 | loss=0.9091 | diff=0.6162 | kd=0.2437 | recon=0.2686 | t=116s
  Ep 196 | step 0400/467 | loss=0.9216 | diff=0.6139 | kd=0.1922 | recon=0.2885 | t=133s
  Ep 196 | step 0450/467 | loss=0.9096 | diff=0.6122 | kd=0.1913 | recon=0.2782 | t=149s

  ── Epoch 196/200 (209s) ──────────────────────
  Train  loss=0.9148  diff=0.6136  kd=0.2265  recon=0.2785
  Val    loss=0.9154  RMSE=0.6889  MAE=0.5497  lr=1.10e-06

  Ep 197 | step 0000/467 | loss=0.8998 | diff=0.6130 | kd=0.2996 | recon=0.2568 | t=1s
  Ep 197 | step 0050/467 | loss=0.9196 | diff=0.6250 | kd=0.2197 | recon=0.2726 | t=17s
  Ep 197 | step 0100/467 | loss=0.9012 | diff=0.6144 | kd=0.2290 | recon=0.2640 | t=34s
  Ep 197 | step 0150/467 | loss=0.9012 | diff=0.6112 | kd=0.2254 | recon=0.2674 | t=50s
  Ep 197 | step 0200/467 | loss=0.9552 | diff=0.6153 | kd=0.2663 | recon=0.3133 | t=67s
  Ep 197 | step 0250/467 | loss=0.8749 | diff=0.6135 | kd=0.2667 | recon=0.2347 | t=84s
  Ep 197 | step 0300/467 | loss=0.8964 | diff=0.6124 | kd=0.1932 | recon=0.2647 | t=100s
  Ep 197 | step 0350/467 | loss=0.9311 | diff=0.6121 | kd=0.1827 | recon=0.3007 | t=117s
  Ep 197 | step 0400/467 | loss=0.8953 | diff=0.6132 | kd=0.2065 | recon=0.2615 | t=134s
  Ep 197 | step 0450/467 | loss=0.9074 | diff=0.6103 | kd=0.2047 | recon=0.2767 | t=150s

  ── Epoch 197/200 (211s) ──────────────────────
  Train  loss=0.9146  diff=0.6135  kd=0.2261  recon=0.2784
  Val    loss=0.9141  RMSE=0.6648  MAE=0.5247  lr=1.05e-06

  Ep 198 | step 0000/467 | loss=0.9258 | diff=0.6116 | kd=0.2272 | recon=0.2914 | t=1s
  Ep 198 | step 0050/467 | loss=0.9060 | diff=0.6134 | kd=0.2487 | recon=0.2677 | t=17s
  Ep 198 | step 0100/467 | loss=0.9016 | diff=0.6131 | kd=0.2526 | recon=0.2632 | t=34s
  Ep 198 | step 0150/467 | loss=0.9157 | diff=0.6124 | kd=0.2768 | recon=0.2756 | t=51s
  Ep 198 | step 0200/467 | loss=0.9398 | diff=0.6122 | kd=0.2246 | recon=0.3052 | t=68s
  Ep 198 | step 0250/467 | loss=0.9164 | diff=0.6126 | kd=0.2373 | recon=0.2800 | t=84s
  Ep 198 | step 0300/467 | loss=0.9447 | diff=0.6125 | kd=0.2114 | recon=0.3110 | t=101s
  Ep 198 | step 0350/467 | loss=0.9271 | diff=0.6142 | kd=0.1924 | recon=0.2937 | t=118s
  Ep 198 | step 0400/467 | loss=0.8806 | diff=0.6127 | kd=0.1977 | recon=0.2481 | t=135s
  Ep 198 | step 0450/467 | loss=0.9147 | diff=0.6173 | kd=0.2319 | recon=0.2742 | t=152s

  ── Epoch 198/200 (212s) ──────────────────────
  Train  loss=0.9145  diff=0.6133  kd=0.2263  recon=0.2785
  Val    loss=0.9152  RMSE=0.6874  MAE=0.5484  lr=1.02e-06

  Ep 199 | step 0000/467 | loss=0.8826 | diff=0.6144 | kd=0.2766 | recon=0.2406 | t=1s
  Ep 199 | step 0050/467 | loss=0.8934 | diff=0.6115 | kd=0.3145 | recon=0.2504 | t=18s
  Ep 199 | step 0100/467 | loss=0.9034 | diff=0.6134 | kd=0.2139 | recon=0.2686 | t=34s
  Ep 199 | step 0150/467 | loss=0.8950 | diff=0.6132 | kd=0.2540 | recon=0.2564 | t=51s
  Ep 199 | step 0200/467 | loss=0.9032 | diff=0.6127 | kd=0.2604 | recon=0.2644 | t=68s
  Ep 199 | step 0250/467 | loss=0.9200 | diff=0.6163 | kd=0.1864 | recon=0.2851 | t=84s
  Ep 199 | step 0300/467 | loss=0.9102 | diff=0.6108 | kd=0.2770 | recon=0.2717 | t=101s
  Ep 199 | step 0350/467 | loss=0.9335 | diff=0.6097 | kd=0.2873 | recon=0.2951 | t=118s
  Ep 199 | step 0400/467 | loss=0.9281 | diff=0.6131 | kd=0.2079 | recon=0.2942 | t=134s
  Ep 199 | step 0450/467 | loss=0.9410 | diff=0.6127 | kd=0.4006 | recon=0.2882 | t=151s

  ── Epoch 199/200 (212s) ──────────────────────
  Train  loss=0.9149  diff=0.6136  kd=0.2264  recon=0.2786
  Val    loss=0.9144  RMSE=0.6901  MAE=0.5502  lr=1.01e-06

  Ep 200 | step 0000/467 | loss=0.9167 | diff=0.6133 | kd=0.2087 | recon=0.2825 | t=1s
  Ep 200 | step 0050/467 | loss=0.9265 | diff=0.6126 | kd=0.2486 | recon=0.2890 | t=18s
  Ep 200 | step 0100/467 | loss=0.9161 | diff=0.6185 | kd=0.1887 | recon=0.2787 | t=35s
  Ep 200 | step 0150/467 | loss=0.8841 | diff=0.6135 | kd=0.2192 | recon=0.2486 | t=51s
  Ep 200 | step 0200/467 | loss=0.9053 | diff=0.6129 | kd=0.2957 | recon=0.2628 | t=68s
  Ep 200 | step 0250/467 | loss=0.8991 | diff=0.6123 | kd=0.2084 | recon=0.2659 | t=84s
  Ep 200 | step 0300/467 | loss=0.9168 | diff=0.6128 | kd=0.2937 | recon=0.2746 | t=101s
  Ep 200 | step 0350/467 | loss=0.9400 | diff=0.6389 | kd=0.2127 | recon=0.2799 | t=118s
  Ep 200 | step 0400/467 | loss=0.9043 | diff=0.6116 | kd=0.2182 | recon=0.2708 | t=134s
  Ep 200 | step 0450/467 | loss=0.8872 | diff=0.6112 | kd=0.1901 | recon=0.2570 | t=151s

  ── Epoch 200/200 (212s) ──────────────────────
  Train  loss=0.9146  diff=0.6135  kd=0.2262  recon=0.2785
  Val    loss=0.9147  RMSE=0.6821  MAE=0.5421  lr=1.00e-06
  [EP200] Checkpoint saved → checkpoints/epoch_200.pth

=======================================================
  Training complete!
  Best val loss : 0.9138
  Checkpoint    : checkpoints/best_model.pth
  Log           : results/train_log.json
=======================================================
